input_id,input_sha256,mask_version,component,x,y,outside_diagnostic_bbox,sets_global_bbox_edge
r2-pilot,815a5138692f60941b68966ba1cc270279550d9df63cba5394fccdf29bfd86d3,1,1,549,173,True,True
r2-pilot,815a5138692f60941b68966ba1cc270279550d9df63cba5394fccdf29bfd86d3,1,2,548,188,True,False
r2-pilot,815a5138692f60941b68966ba1cc270279550d9df63cba5394fccdf29bfd86d3,1,2,549,188,True,False
r2-pilot,815a5138692f60941b68966ba1cc270279550d9df63cba5394fccdf29bfd86d3,1,3,548,211,True,False
r2-pilot,815a5138692f60941b68966ba1cc270279550d9df63cba5394fccdf29bfd86d3,1,4,550,238,True,False
r2-pilot,815a5138692f60941b68966ba1cc270279550d9df63cba5394fccdf29bfd86d3,1,4,551,239,True,True
r2-pilot,815a5138692f60941b68966ba1cc270279550d9df63cba5394fccdf29bfd86d3,1,5,366,242,False,False
r2-pilot,815a5138692f60941b68966ba1cc270279550d9df63cba5394fccdf29bfd86d3,1,5,367,242,False,False
r2-pilot,815a5138692f60941b68966ba1cc270279550d9df63cba5394fccdf29bfd86d3,1,5,370,242,False,False
r2-pilot,815a5138692f60941b68966ba1cc270279550d9df63cba5394fccdf29bfd86d3,1,5,371,242,False,False
r2-pilot,815a5138692f60941b68966ba1cc270279550d9df63cba5394fccdf29bfd86d3,1,5,364,243,False,False
r2-pilot,815a5138692f60941b68966ba1cc270279550d9df63cba5394fccdf29bfd86d3,1,5,365,243,False,False
r2-pilot,815a5138692f60941b68966ba1cc270279550d9df63cba5394fccdf29bfd86d3,1,5,367,243,False,False
r2-pilot,815a5138692f60941b68966ba1cc270279550d9df63cba5394fccdf29bfd86d3,1,5,368,243,False,False
r2-pilot,815a5138692f60941b68966ba1cc270279550d9df63cba5394fccdf29bfd86d3,1,5,369,243,False,False
r2-pilot,815a5138692f60941b68966ba1cc270279550d9df63cba5394fccdf29bfd86d3,1,5,370,243,False,False
r2-pilot,815a5138692f60941b68966ba1cc270279550d9df63cba5394fccdf29bfd86d3,1,5,364,244,False,False
r2-pilot,815a5138692f60941b68966ba1cc270279550d9df63cba5394fccdf29bfd86d3,1,5,365,244,False,False
r2-pilot,815a5138692f60941b68966ba1cc270279550d9df63cba5394fccdf29bfd86d3,1,5,366,244,False,False
r2-pilot,815a5138692f60941b68966ba1cc270279550d9df63cba5394fccdf29bfd86d3,1,6,354,244,False,False
r2-pilot,815a5138692f60941b68966ba1cc270279550d9df63cba5394fccdf29bfd86d3,1,6,355,244,False,False
r2-pilot,815a5138692f60941b68966ba1cc270279550d9df63cba5394fccdf29bfd86d3,1,6,352,245,False,True
r2-pilot,815a5138692f60941b68966ba1cc270279550d9df63cba5394fccdf29bfd86d3,1,6,353,245,False,False
r2-pilot,815a5138692f60941b68966ba1cc270279550d9df63cba5394fccdf29bfd86d3,1,7,362,247,False,False
r2-pilot,815a5138692f60941b68966ba1cc270279550d9df63cba5394fccdf29bfd86d3,1,7,362,248,False,False
r2-pilot,815a5138692f60941b68966ba1cc270279550d9df63cba5394fccdf29bfd86d3,1,7,359,249,False,False
r2-pilot,815a5138692f60941b68966ba1cc270279550d9df63cba5394fccdf29bfd86d3,1,7,360,249,False,False
r2-pilot,815a5138692f60941b68966ba1cc270279550d9df63cba5394fccdf29bfd86d3,1,7,362,249,False,False
r2-pilot,815a5138692f60941b68966ba1cc270279550d9df63cba5394fccdf29bfd86d3,1,7,363,249,False,False
r2-pilot,815a5138692f60941b68966ba1cc270279550d9df63cba5394fccdf29bfd86d3,1,7,360,250,False,False
r2-pilot,815a5138692f60941b68966ba1cc270279550d9df63cba5394fccdf29bfd86d3,1,7,361,250,False,False
r2-pilot,815a5138692f60941b68966ba1cc270279550d9df63cba5394fccdf29bfd86d3,1,7,362,250,False,False
r2-pilot,815a5138692f60941b68966ba1cc270279550d9df63cba5394fccdf29bfd86d3,1,7,363,250,False,False
r2-pilot,815a5138692f60941b68966ba1cc270279550d9df63cba5394fccdf29bfd86d3,1,8,356,249,False,False
r2-pilot,815a5138692f60941b68966ba1cc270279550d9df63cba5394fccdf29bfd86d3,1,8,357,249,False,False
r2-pilot,815a5138692f60941b68966ba1cc270279550d9df63cba5394fccdf29bfd86d3,1,8,356,250,False,False
r2-pilot,815a5138692f60941b68966ba1cc270279550d9df63cba5394fccdf29bfd86d3,1,8,357,250,False,False
r2-pilot,815a5138692f60941b68966ba1cc270279550d9df63cba5394fccdf29bfd86d3,1,9,369,252,False,False
r2-pilot,815a5138692f60941b68966ba1cc270279550d9df63cba5394fccdf29bfd86d3,1,10,360,253,False,False
r2-pilot,815a5138692f60941b68966ba1cc270279550d9df63cba5394fccdf29bfd86d3,1,10,362,253,False,False
r2-pilot,815a5138692f60941b68966ba1cc270279550d9df63cba5394fccdf29bfd86d3,1,10,363,253,False,False
r2-pilot,815a5138692f60941b68966ba1cc270279550d9df63cba5394fccdf29bfd86d3,1,10,360,254,False,False
r2-pilot,815a5138692f60941b68966ba1cc270279550d9df63cba5394fccdf29bfd86d3,1,10,362,254,False,False
r2-pilot,815a5138692f60941b68966ba1cc270279550d9df63cba5394fccdf29bfd86d3,1,10,363,254,False,False
r2-pilot,815a5138692f60941b68966ba1cc270279550d9df63cba5394fccdf29bfd86d3,1,10,360,255,False,False
r2-pilot,815a5138692f60941b68966ba1cc270279550d9df63cba5394fccdf29bfd86d3,1,10,361,255,False,False
r2-pilot,815a5138692f60941b68966ba1cc270279550d9df63cba5394fccdf29bfd86d3,1,10,362,255,False,False
r2-pilot,815a5138692f60941b68966ba1cc270279550d9df63cba5394fccdf29bfd86d3,1,10,363,255,False,False
r2-pilot,815a5138692f60941b68966ba1cc270279550d9df63cba5394fccdf29bfd86d3,1,10,364,255,False,False
r2-pilot,815a5138692f60941b68966ba1cc270279550d9df63cba5394fccdf29bfd86d3,1,10,359,256,False,False
r2-pilot,815a5138692f60941b68966ba1cc270279550d9df63cba5394fccdf29bfd86d3,1,10,360,256,False,False
r2-pilot,815a5138692f60941b68966ba1cc270279550d9df63cba5394fccdf29bfd86d3,1,10,361,256,False,False
r2-pilot,815a5138692f60941b68966ba1cc270279550d9df63cba5394fccdf29bfd86d3,1,10,362,256,False,False
r2-pilot,815a5138692f60941b68966ba1cc270279550d9df63cba5394fccdf29bfd86d3,1,10,364,256,False,False
r2-pilot,815a5138692f60941b68966ba1cc270279550d9df63cba5394fccdf29bfd86d3,1,10,360,257,False,False
r2-pilot,815a5138692f60941b68966ba1cc270279550d9df63cba5394fccdf29bfd86d3,1,10,358,258,False,False
r2-pilot,815a5138692f60941b68966ba1cc270279550d9df63cba5394fccdf29bfd86d3,1,10,359,258,False,False
r2-pilot,815a5138692f60941b68966ba1cc270279550d9df63cba5394fccdf29bfd86d3,1,10,360,258,False,False
r2-pilot,815a5138692f60941b68966ba1cc270279550d9df63cba5394fccdf29bfd86d3,1,10,360,259,False,False
r2-pilot,815a5138692f60941b68966ba1cc270279550d9df63cba5394fccdf29bfd86d3,1,10,361,259,False,False
r2-pilot,815a5138692f60941b68966ba1cc270279550d9df63cba5394fccdf29bfd86d3,1,10,359,260,False,False
r2-pilot,815a5138692f60941b68966ba1cc270279550d9df63cba5394fccdf29bfd86d3,1,10,360,260,False,False
r2-pilot,815a5138692f60941b68966ba1cc270279550d9df63cba5394fccdf29bfd86d3,1,10,362,260,False,False
r2-pilot,815a5138692f60941b68966ba1cc270279550d9df63cba5394fccdf29bfd86d3,1,10,358,261,False,False
r2-pilot,815a5138692f60941b68966ba1cc270279550d9df63cba5394fccdf29bfd86d3,1,10,359,261,False,False
r2-pilot,815a5138692f60941b68966ba1cc270279550d9df63cba5394fccdf29bfd86d3,1,10,358,262,False,False
r2-pilot,815a5138692f60941b68966ba1cc270279550d9df63cba5394fccdf29bfd86d3,1,10,359,262,False,False
r2-pilot,815a5138692f60941b68966ba1cc270279550d9df63cba5394fccdf29bfd86d3,1,10,361,262,False,False
r2-pilot,815a5138692f60941b68966ba1cc270279550d9df63cba5394fccdf29bfd86d3,1,10,358,263,False,False
r2-pilot,815a5138692f60941b68966ba1cc270279550d9df63cba5394fccdf29bfd86d3,1,10,359,263,False,False
r2-pilot,815a5138692f60941b68966ba1cc270279550d9df63cba5394fccdf29bfd86d3,1,10,360,263,False,False
r2-pilot,815a5138692f60941b68966ba1cc270279550d9df63cba5394fccdf29bfd86d3,1,10,361,263,False,False
r2-pilot,815a5138692f60941b68966ba1cc270279550d9df63cba5394fccdf29bfd86d3,1,10,360,264,False,False
r2-pilot,815a5138692f60941b68966ba1cc270279550d9df63cba5394fccdf29bfd86d3,1,10,360,265,False,False
r2-pilot,815a5138692f60941b68966ba1cc270279550d9df63cba5394fccdf29bfd86d3,1,10,362,265,False,False
r2-pilot,815a5138692f60941b68966ba1cc270279550d9df63cba5394fccdf29bfd86d3,1,10,360,266,False,False
r2-pilot,815a5138692f60941b68966ba1cc270279550d9df63cba5394fccdf29bfd86d3,1,10,361,266,False,False
r2-pilot,815a5138692f60941b68966ba1cc270279550d9df63cba5394fccdf29bfd86d3,1,10,362,266,False,False
r2-pilot,815a5138692f60941b68966ba1cc270279550d9df63cba5394fccdf29bfd86d3,1,10,363,266,False,False
r2-pilot,815a5138692f60941b68966ba1cc270279550d9df63cba5394fccdf29bfd86d3,1,10,362,267,False,False
r2-pilot,815a5138692f60941b68966ba1cc270279550d9df63cba5394fccdf29bfd86d3,1,10,363,267,False,False
r2-pilot,815a5138692f60941b68966ba1cc270279550d9df63cba5394fccdf29bfd86d3,1,10,364,267,False,False
r2-pilot,815a5138692f60941b68966ba1cc270279550d9df63cba5394fccdf29bfd86d3,1,10,364,268,False,False
r2-pilot,815a5138692f60941b68966ba1cc270279550d9df63cba5394fccdf29bfd86d3,1,11,356,254,False,False
r2-pilot,815a5138692f60941b68966ba1cc270279550d9df63cba5394fccdf29bfd86d3,1,12,550,254,True,False
r2-pilot,815a5138692f60941b68966ba1cc270279550d9df63cba5394fccdf29bfd86d3,1,13,356,261,False,False
r2-pilot,815a5138692f60941b68966ba1cc270279550d9df63cba5394fccdf29bfd86d3,1,14,358,269,False,False
r2-pilot,815a5138692f60941b68966ba1cc270279550d9df63cba5394fccdf29bfd86d3,1,14,358,270,False,False
r2-pilot,815a5138692f60941b68966ba1cc270279550d9df63cba5394fccdf29bfd86d3,1,14,359,270,False,False
r2-pilot,815a5138692f60941b68966ba1cc270279550d9df63cba5394fccdf29bfd86d3,1,14,360,271,False,False
r2-pilot,815a5138692f60941b68966ba1cc270279550d9df63cba5394fccdf29bfd86d3,1,14,361,271,False,False
r2-pilot,815a5138692f60941b68966ba1cc270279550d9df63cba5394fccdf29bfd86d3,1,14,362,271,False,False
r2-pilot,815a5138692f60941b68966ba1cc270279550d9df63cba5394fccdf29bfd86d3,1,14,360,272,False,False
r2-pilot,815a5138692f60941b68966ba1cc270279550d9df63cba5394fccdf29bfd86d3,1,14,362,272,False,False
r2-pilot,815a5138692f60941b68966ba1cc270279550d9df63cba5394fccdf29bfd86d3,1,15,364,272,False,False
r2-pilot,815a5138692f60941b68966ba1cc270279550d9df63cba5394fccdf29bfd86d3,1,16,356,275,False,False
r2-pilot,815a5138692f60941b68966ba1cc270279550d9df63cba5394fccdf29bfd86d3,1,16,357,275,False,False
r2-pilot,815a5138692f60941b68966ba1cc270279550d9df63cba5394fccdf29bfd86d3,1,17,548,275,True,False
r2-pilot,815a5138692f60941b68966ba1cc270279550d9df63cba5394fccdf29bfd86d3,1,17,549,275,True,False
r2-pilot,815a5138692f60941b68966ba1cc270279550d9df63cba5394fccdf29bfd86d3,1,18,361,276,False,False
r2-pilot,815a5138692f60941b68966ba1cc270279550d9df63cba5394fccdf29bfd86d3,1,18,362,276,False,False
r2-pilot,815a5138692f60941b68966ba1cc270279550d9df63cba5394fccdf29bfd86d3,1,18,363,276,False,False
r2-pilot,815a5138692f60941b68966ba1cc270279550d9df63cba5394fccdf29bfd86d3,1,18,362,277,False,False
r2-pilot,815a5138692f60941b68966ba1cc270279550d9df63cba5394fccdf29bfd86d3,1,18,363,277,False,False
r2-pilot,815a5138692f60941b68966ba1cc270279550d9df63cba5394fccdf29bfd86d3,1,18,361,278,False,False
r2-pilot,815a5138692f60941b68966ba1cc270279550d9df63cba5394fccdf29bfd86d3,1,18,362,278,False,False
r2-pilot,815a5138692f60941b68966ba1cc270279550d9df63cba5394fccdf29bfd86d3,1,18,363,278,False,False
r2-pilot,815a5138692f60941b68966ba1cc270279550d9df63cba5394fccdf29bfd86d3,1,19,548,279,True,False
r2-pilot,815a5138692f60941b68966ba1cc270279550d9df63cba5394fccdf29bfd86d3,1,19,549,279,True,False
r2-pilot,815a5138692f60941b68966ba1cc270279550d9df63cba5394fccdf29bfd86d3,1,19,549,280,True,False
r2-pilot,815a5138692f60941b68966ba1cc270279550d9df63cba5394fccdf29bfd86d3,1,20,360,280,False,False
r2-pilot,815a5138692f60941b68966ba1cc270279550d9df63cba5394fccdf29bfd86d3,1,20,361,280,False,False
r2-pilot,815a5138692f60941b68966ba1cc270279550d9df63cba5394fccdf29bfd86d3,1,21,361,282,False,False
r2-pilot,815a5138692f60941b68966ba1cc270279550d9df63cba5394fccdf29bfd86d3,1,21,361,283,False,False
r2-pilot,815a5138692f60941b68966ba1cc270279550d9df63cba5394fccdf29bfd86d3,1,21,362,283,False,False
r2-pilot,815a5138692f60941b68966ba1cc270279550d9df63cba5394fccdf29bfd86d3,1,21,363,283,False,False
r2-pilot,815a5138692f60941b68966ba1cc270279550d9df63cba5394fccdf29bfd86d3,1,21,362,284,False,False
r2-pilot,815a5138692f60941b68966ba1cc270279550d9df63cba5394fccdf29bfd86d3,1,21,363,284,False,False
r2-pilot,815a5138692f60941b68966ba1cc270279550d9df63cba5394fccdf29bfd86d3,1,21,362,285,False,False
r2-pilot,815a5138692f60941b68966ba1cc270279550d9df63cba5394fccdf29bfd86d3,1,22,548,282,True,False
r2-pilot,815a5138692f60941b68966ba1cc270279550d9df63cba5394fccdf29bfd86d3,1,22,549,282,True,False
r2-pilot,815a5138692f60941b68966ba1cc270279550d9df63cba5394fccdf29bfd86d3,1,23,551,283,True,True
r2-pilot,815a5138692f60941b68966ba1cc270279550d9df63cba5394fccdf29bfd86d3,1,23,551,284,True,True
r2-pilot,815a5138692f60941b68966ba1cc270279550d9df63cba5394fccdf29bfd86d3,1,23,551,285,True,True
r2-pilot,815a5138692f60941b68966ba1cc270279550d9df63cba5394fccdf29bfd86d3,1,24,549,284,True,False
r2-pilot,815a5138692f60941b68966ba1cc270279550d9df63cba5394fccdf29bfd86d3,1,24,549,285,True,False
r2-pilot,815a5138692f60941b68966ba1cc270279550d9df63cba5394fccdf29bfd86d3,1,25,364,286,False,False
r2-pilot,815a5138692f60941b68966ba1cc270279550d9df63cba5394fccdf29bfd86d3,1,26,549,292,True,False
r2-pilot,815a5138692f60941b68966ba1cc270279550d9df63cba5394fccdf29bfd86d3,1,27,550,295,True,False
r2-pilot,815a5138692f60941b68966ba1cc270279550d9df63cba5394fccdf29bfd86d3,1,27,551,295,True,True
r2-pilot,815a5138692f60941b68966ba1cc270279550d9df63cba5394fccdf29bfd86d3,1,27,549,296,True,False
r2-pilot,815a5138692f60941b68966ba1cc270279550d9df63cba5394fccdf29bfd86d3,1,27,550,296,True,False
r2-pilot,815a5138692f60941b68966ba1cc270279550d9df63cba5394fccdf29bfd86d3,1,27,551,296,True,True
r2-pilot,815a5138692f60941b68966ba1cc270279550d9df63cba5394fccdf29bfd86d3,1,28,549,301,True,False
r2-pilot,815a5138692f60941b68966ba1cc270279550d9df63cba5394fccdf29bfd86d3,1,29,551,304,True,True
r2-pilot,815a5138692f60941b68966ba1cc270279550d9df63cba5394fccdf29bfd86d3,1,30,549,305,True,False
r2-pilot,815a5138692f60941b68966ba1cc270279550d9df63cba5394fccdf29bfd86d3,1,31,550,310,True,False
r2-pilot,815a5138692f60941b68966ba1cc270279550d9df63cba5394fccdf29bfd86d3,1,31,551,310,True,True
r2-pilot,815a5138692f60941b68966ba1cc270279550d9df63cba5394fccdf29bfd86d3,1,32,549,313,True,False
r2-pilot,815a5138692f60941b68966ba1cc270279550d9df63cba5394fccdf29bfd86d3,1,33,550,315,True,False
r2-pilot,815a5138692f60941b68966ba1cc270279550d9df63cba5394fccdf29bfd86d3,1,33,551,315,True,True
r2-pilot,815a5138692f60941b68966ba1cc270279550d9df63cba5394fccdf29bfd86d3,1,33,550,316,True,False
r2-pilot,815a5138692f60941b68966ba1cc270279550d9df63cba5394fccdf29bfd86d3,1,33,551,316,True,True
r2-pilot,815a5138692f60941b68966ba1cc270279550d9df63cba5394fccdf29bfd86d3,1,34,548,318,True,False
r2-pilot,815a5138692f60941b68966ba1cc270279550d9df63cba5394fccdf29bfd86d3,1,34,548,319,True,False
r2-pilot,815a5138692f60941b68966ba1cc270279550d9df63cba5394fccdf29bfd86d3,1,34,549,319,True,False
r2-pilot,815a5138692f60941b68966ba1cc270279550d9df63cba5394fccdf29bfd86d3,1,34,548,320,True,False
r2-pilot,815a5138692f60941b68966ba1cc270279550d9df63cba5394fccdf29bfd86d3,1,34,549,320,True,False
r2-pilot,815a5138692f60941b68966ba1cc270279550d9df63cba5394fccdf29bfd86d3,1,35,551,319,True,True
r2-pilot,815a5138692f60941b68966ba1cc270279550d9df63cba5394fccdf29bfd86d3,1,36,548,328,True,False
r2-pilot,815a5138692f60941b68966ba1cc270279550d9df63cba5394fccdf29bfd86d3,1,36,549,328,True,False
r2-pilot,815a5138692f60941b68966ba1cc270279550d9df63cba5394fccdf29bfd86d3,1,36,548,329,True,False
r2-pilot,815a5138692f60941b68966ba1cc270279550d9df63cba5394fccdf29bfd86d3,1,36,549,329,True,False
r2-pilot,815a5138692f60941b68966ba1cc270279550d9df63cba5394fccdf29bfd86d3,1,36,548,330,True,False
r2-pilot,815a5138692f60941b68966ba1cc270279550d9df63cba5394fccdf29bfd86d3,1,36,548,331,True,False
r2-pilot,815a5138692f60941b68966ba1cc270279550d9df63cba5394fccdf29bfd86d3,1,37,548,334,True,False
r2-pilot,815a5138692f60941b68966ba1cc270279550d9df63cba5394fccdf29bfd86d3,1,37,549,334,True,False
r2-pilot,815a5138692f60941b68966ba1cc270279550d9df63cba5394fccdf29bfd86d3,1,37,551,334,True,True
r2-pilot,815a5138692f60941b68966ba1cc270279550d9df63cba5394fccdf29bfd86d3,1,37,549,335,True,False
r2-pilot,815a5138692f60941b68966ba1cc270279550d9df63cba5394fccdf29bfd86d3,1,37,550,335,True,False
r2-pilot,815a5138692f60941b68966ba1cc270279550d9df63cba5394fccdf29bfd86d3,1,37,551,335,True,True
r2-pilot,815a5138692f60941b68966ba1cc270279550d9df63cba5394fccdf29bfd86d3,1,37,550,336,True,False
r2-pilot,815a5138692f60941b68966ba1cc270279550d9df63cba5394fccdf29bfd86d3,1,37,551,336,True,True
r2-pilot,815a5138692f60941b68966ba1cc270279550d9df63cba5394fccdf29bfd86d3,1,38,548,353,True,False
r2-pilot,815a5138692f60941b68966ba1cc270279550d9df63cba5394fccdf29bfd86d3,1,38,548,354,True,False
r2-pilot,815a5138692f60941b68966ba1cc270279550d9df63cba5394fccdf29bfd86d3,1,39,548,387,True,False
r2-pilot,815a5138692f60941b68966ba1cc270279550d9df63cba5394fccdf29bfd86d3,1,39,548,388,True,False
r2-pilot,815a5138692f60941b68966ba1cc270279550d9df63cba5394fccdf29bfd86d3,1,40,551,412,True,True
r2-pilot,815a5138692f60941b68966ba1cc270279550d9df63cba5394fccdf29bfd86d3,1,41,381,419,True,False
r2-pilot,815a5138692f60941b68966ba1cc270279550d9df63cba5394fccdf29bfd86d3,1,42,401,422,True,False
r2-pilot,815a5138692f60941b68966ba1cc270279550d9df63cba5394fccdf29bfd86d3,1,43,392,424,True,False
r2-pilot,815a5138692f60941b68966ba1cc270279550d9df63cba5394fccdf29bfd86d3,1,44,430,431,True,False
r2-pilot,815a5138692f60941b68966ba1cc270279550d9df63cba5394fccdf29bfd86d3,1,44,431,431,True,False
r2-pilot,815a5138692f60941b68966ba1cc270279550d9df63cba5394fccdf29bfd86d3,1,44,426,432,True,False
r2-pilot,815a5138692f60941b68966ba1cc270279550d9df63cba5394fccdf29bfd86d3,1,44,427,432,True,False
r2-pilot,815a5138692f60941b68966ba1cc270279550d9df63cba5394fccdf29bfd86d3,1,44,428,432,True,False
r2-pilot,815a5138692f60941b68966ba1cc270279550d9df63cba5394fccdf29bfd86d3,1,44,429,432,True,False
r2-pilot,815a5138692f60941b68966ba1cc270279550d9df63cba5394fccdf29bfd86d3,1,44,427,433,True,False
r2-pilot,815a5138692f60941b68966ba1cc270279550d9df63cba5394fccdf29bfd86d3,1,44,427,434,True,False
r2-pilot,815a5138692f60941b68966ba1cc270279550d9df63cba5394fccdf29bfd86d3,1,44,427,435,True,True
r2-pilot,815a5138692f60941b68966ba1cc270279550d9df63cba5394fccdf29bfd86d3,1,45,432,435,True,True
r2-pilot,815a5138692f60941b68966ba1cc270279550d9df63cba5394fccdf29bfd86d3,1,46,435,435,True,True
r2-pilot,815a5138692f60941b68966ba1cc270279550d9df63cba5394fccdf29bfd86d3,2,1,365,243,False,True
r2-pilot,815a5138692f60941b68966ba1cc270279550d9df63cba5394fccdf29bfd86d3,2,1,366,243,False,True
r2-pilot,815a5138692f60941b68966ba1cc270279550d9df63cba5394fccdf29bfd86d3,2,1,367,243,False,True
r2-pilot,815a5138692f60941b68966ba1cc270279550d9df63cba5394fccdf29bfd86d3,2,1,365,244,False,False
r2-pilot,815a5138692f60941b68966ba1cc270279550d9df63cba5394fccdf29bfd86d3,2,2,361,249,False,False
r2-pilot,815a5138692f60941b68966ba1cc270279550d9df63cba5394fccdf29bfd86d3,2,2,362,249,False,False
r2-pilot,815a5138692f60941b68966ba1cc270279550d9df63cba5394fccdf29bfd86d3,2,2,363,249,False,False
r2-pilot,815a5138692f60941b68966ba1cc270279550d9df63cba5394fccdf29bfd86d3,2,2,361,250,False,False
r2-pilot,815a5138692f60941b68966ba1cc270279550d9df63cba5394fccdf29bfd86d3,2,2,362,250,False,False
r2-pilot,815a5138692f60941b68966ba1cc270279550d9df63cba5394fccdf29bfd86d3,2,3,361,254,False,False
r2-pilot,815a5138692f60941b68966ba1cc270279550d9df63cba5394fccdf29bfd86d3,2,3,362,254,False,False
r2-pilot,815a5138692f60941b68966ba1cc270279550d9df63cba5394fccdf29bfd86d3,2,3,363,254,False,False
r2-pilot,815a5138692f60941b68966ba1cc270279550d9df63cba5394fccdf29bfd86d3,2,3,360,255,False,False
r2-pilot,815a5138692f60941b68966ba1cc270279550d9df63cba5394fccdf29bfd86d3,2,3,361,255,False,False
r2-pilot,815a5138692f60941b68966ba1cc270279550d9df63cba5394fccdf29bfd86d3,2,3,362,255,False,False
r2-pilot,815a5138692f60941b68966ba1cc270279550d9df63cba5394fccdf29bfd86d3,2,3,363,255,False,False
r2-pilot,815a5138692f60941b68966ba1cc270279550d9df63cba5394fccdf29bfd86d3,2,3,360,256,False,False
r2-pilot,815a5138692f60941b68966ba1cc270279550d9df63cba5394fccdf29bfd86d3,2,3,361,256,False,False
r2-pilot,815a5138692f60941b68966ba1cc270279550d9df63cba5394fccdf29bfd86d3,2,3,362,256,False,False
r2-pilot,815a5138692f60941b68966ba1cc270279550d9df63cba5394fccdf29bfd86d3,2,3,363,256,False,False
r2-pilot,815a5138692f60941b68966ba1cc270279550d9df63cba5394fccdf29bfd86d3,2,3,359,257,False,False
r2-pilot,815a5138692f60941b68966ba1cc270279550d9df63cba5394fccdf29bfd86d3,2,3,360,257,False,False
r2-pilot,815a5138692f60941b68966ba1cc270279550d9df63cba5394fccdf29bfd86d3,2,3,361,257,False,False
r2-pilot,815a5138692f60941b68966ba1cc270279550d9df63cba5394fccdf29bfd86d3,2,3,359,258,False,False
r2-pilot,815a5138692f60941b68966ba1cc270279550d9df63cba5394fccdf29bfd86d3,2,3,360,258,False,False
r2-pilot,815a5138692f60941b68966ba1cc270279550d9df63cba5394fccdf29bfd86d3,2,3,359,259,False,False
r2-pilot,815a5138692f60941b68966ba1cc270279550d9df63cba5394fccdf29bfd86d3,2,3,360,259,False,False
r2-pilot,815a5138692f60941b68966ba1cc270279550d9df63cba5394fccdf29bfd86d3,2,3,361,259,False,False
r2-pilot,815a5138692f60941b68966ba1cc270279550d9df63cba5394fccdf29bfd86d3,2,3,359,260,False,False
r2-pilot,815a5138692f60941b68966ba1cc270279550d9df63cba5394fccdf29bfd86d3,2,3,360,260,False,False
r2-pilot,815a5138692f60941b68966ba1cc270279550d9df63cba5394fccdf29bfd86d3,2,3,358,261,False,True
r2-pilot,815a5138692f60941b68966ba1cc270279550d9df63cba5394fccdf29bfd86d3,2,3,359,261,False,False
r2-pilot,815a5138692f60941b68966ba1cc270279550d9df63cba5394fccdf29bfd86d3,2,3,360,261,False,False
r2-pilot,815a5138692f60941b68966ba1cc270279550d9df63cba5394fccdf29bfd86d3,2,3,358,262,False,True
r2-pilot,815a5138692f60941b68966ba1cc270279550d9df63cba5394fccdf29bfd86d3,2,3,359,262,False,False
r2-pilot,815a5138692f60941b68966ba1cc270279550d9df63cba5394fccdf29bfd86d3,2,3,360,262,False,False
r2-pilot,815a5138692f60941b68966ba1cc270279550d9df63cba5394fccdf29bfd86d3,2,3,359,263,False,False
r2-pilot,815a5138692f60941b68966ba1cc270279550d9df63cba5394fccdf29bfd86d3,2,3,360,263,False,False
r2-pilot,815a5138692f60941b68966ba1cc270279550d9df63cba5394fccdf29bfd86d3,2,3,359,264,False,False
r2-pilot,815a5138692f60941b68966ba1cc270279550d9df63cba5394fccdf29bfd86d3,2,3,360,264,False,False
r2-pilot,815a5138692f60941b68966ba1cc270279550d9df63cba5394fccdf29bfd86d3,2,3,361,264,False,False
r2-pilot,815a5138692f60941b68966ba1cc270279550d9df63cba5394fccdf29bfd86d3,2,3,361,265,False,False
r2-pilot,815a5138692f60941b68966ba1cc270279550d9df63cba5394fccdf29bfd86d3,2,3,361,266,False,False
r2-pilot,815a5138692f60941b68966ba1cc270279550d9df63cba5394fccdf29bfd86d3,2,3,362,266,False,False
r2-pilot,815a5138692f60941b68966ba1cc270279550d9df63cba5394fccdf29bfd86d3,2,3,363,266,False,False
r2-pilot,815a5138692f60941b68966ba1cc270279550d9df63cba5394fccdf29bfd86d3,2,3,362,267,False,False
r2-pilot,815a5138692f60941b68966ba1cc270279550d9df63cba5394fccdf29bfd86d3,2,3,363,267,False,False
r2-pilot,815a5138692f60941b68966ba1cc270279550d9df63cba5394fccdf29bfd86d3,2,4,361,271,False,False
r2-pilot,815a5138692f60941b68966ba1cc270279550d9df63cba5394fccdf29bfd86d3,2,4,361,272,False,False
r2-pilot,815a5138692f60941b68966ba1cc270279550d9df63cba5394fccdf29bfd86d3,2,5,362,276,False,False
r2-pilot,815a5138692f60941b68966ba1cc270279550d9df63cba5394fccdf29bfd86d3,2,5,361,277,False,False
r2-pilot,815a5138692f60941b68966ba1cc270279550d9df63cba5394fccdf29bfd86d3,2,5,362,277,False,False
r2-pilot,815a5138692f60941b68966ba1cc270279550d9df63cba5394fccdf29bfd86d3,2,5,363,277,False,False
r2-pilot,815a5138692f60941b68966ba1cc270279550d9df63cba5394fccdf29bfd86d3,2,5,362,278,False,False
r2-pilot,815a5138692f60941b68966ba1cc270279550d9df63cba5394fccdf29bfd86d3,2,6,362,283,False,False
r2-pilot,815a5138692f60941b68966ba1cc270279550d9df63cba5394fccdf29bfd86d3,2,6,362,284,False,False
r2-pilot,815a5138692f60941b68966ba1cc270279550d9df63cba5394fccdf29bfd86d3,2,6,363,284,False,False
r2-pilot,815a5138692f60941b68966ba1cc270279550d9df63cba5394fccdf29bfd86d3,2,7,550,284,True,False
r2-pilot,815a5138692f60941b68966ba1cc270279550d9df63cba5394fccdf29bfd86d3,2,8,550,295,True,False
r2-pilot,815a5138692f60941b68966ba1cc270279550d9df63cba5394fccdf29bfd86d3,2,8,550,296,True,False
r2-pilot,815a5138692f60941b68966ba1cc270279550d9df63cba5394fccdf29bfd86d3,2,9,548,319,True,False
r2-pilot,815a5138692f60941b68966ba1cc270279550d9df63cba5394fccdf29bfd86d3,2,9,549,319,True,False
r2-pilot,815a5138692f60941b68966ba1cc270279550d9df63cba5394fccdf29bfd86d3,2,10,548,329,True,False
r2-pilot,815a5138692f60941b68966ba1cc270279550d9df63cba5394fccdf29bfd86d3,2,10,549,329,True,False
r2-pilot,815a5138692f60941b68966ba1cc270279550d9df63cba5394fccdf29bfd86d3,2,11,550,334,True,False
r2-pilot,815a5138692f60941b68966ba1cc270279550d9df63cba5394fccdf29bfd86d3,2,11,549,335,True,False
r2-pilot,815a5138692f60941b68966ba1cc270279550d9df63cba5394fccdf29bfd86d3,2,11,550,335,True,False
r2-pilot,815a5138692f60941b68966ba1cc270279550d9df63cba5394fccdf29bfd86d3,2,11,551,335,True,True
r2-pilot,815a5138692f60941b68966ba1cc270279550d9df63cba5394fccdf29bfd86d3,2,11,550,336,True,False
r2-pilot,815a5138692f60941b68966ba1cc270279550d9df63cba5394fccdf29bfd86d3,2,12,427,433,True,True
r2-pilot,815a5138692f60941b68966ba1cc270279550d9df63cba5394fccdf29bfd86d3,2,12,428,433,True,True
r3-pilot,62fc2a11f58ff84c748cd8a90968846c022685dcbd0d5eb8e8c7f16ed15ad74d,1,1,367,171,False,True
r3-pilot,62fc2a11f58ff84c748cd8a90968846c022685dcbd0d5eb8e8c7f16ed15ad74d,1,1,350,172,False,False
r3-pilot,62fc2a11f58ff84c748cd8a90968846c022685dcbd0d5eb8e8c7f16ed15ad74d,1,1,351,172,False,False
r3-pilot,62fc2a11f58ff84c748cd8a90968846c022685dcbd0d5eb8e8c7f16ed15ad74d,1,1,352,172,False,False
r3-pilot,62fc2a11f58ff84c748cd8a90968846c022685dcbd0d5eb8e8c7f16ed15ad74d,1,1,353,172,False,False
r3-pilot,62fc2a11f58ff84c748cd8a90968846c022685dcbd0d5eb8e8c7f16ed15ad74d,1,1,355,172,False,False
r3-pilot,62fc2a11f58ff84c748cd8a90968846c022685dcbd0d5eb8e8c7f16ed15ad74d,1,1,358,172,False,False
r3-pilot,62fc2a11f58ff84c748cd8a90968846c022685dcbd0d5eb8e8c7f16ed15ad74d,1,1,359,172,False,False
r3-pilot,62fc2a11f58ff84c748cd8a90968846c022685dcbd0d5eb8e8c7f16ed15ad74d,1,1,360,172,False,False
r3-pilot,62fc2a11f58ff84c748cd8a90968846c022685dcbd0d5eb8e8c7f16ed15ad74d,1,1,361,172,False,False
r3-pilot,62fc2a11f58ff84c748cd8a90968846c022685dcbd0d5eb8e8c7f16ed15ad74d,1,1,362,172,False,False
r3-pilot,62fc2a11f58ff84c748cd8a90968846c022685dcbd0d5eb8e8c7f16ed15ad74d,1,1,363,172,False,False
r3-pilot,62fc2a11f58ff84c748cd8a90968846c022685dcbd0d5eb8e8c7f16ed15ad74d,1,1,364,172,False,False
r3-pilot,62fc2a11f58ff84c748cd8a90968846c022685dcbd0d5eb8e8c7f16ed15ad74d,1,1,365,172,False,False
r3-pilot,62fc2a11f58ff84c748cd8a90968846c022685dcbd0d5eb8e8c7f16ed15ad74d,1,1,366,172,False,False
r3-pilot,62fc2a11f58ff84c748cd8a90968846c022685dcbd0d5eb8e8c7f16ed15ad74d,1,1,367,172,False,False
r3-pilot,62fc2a11f58ff84c748cd8a90968846c022685dcbd0d5eb8e8c7f16ed15ad74d,1,1,334,173,False,False
r3-pilot,62fc2a11f58ff84c748cd8a90968846c022685dcbd0d5eb8e8c7f16ed15ad74d,1,1,335,173,False,False
r3-pilot,62fc2a11f58ff84c748cd8a90968846c022685dcbd0d5eb8e8c7f16ed15ad74d,1,1,336,173,False,False
r3-pilot,62fc2a11f58ff84c748cd8a90968846c022685dcbd0d5eb8e8c7f16ed15ad74d,1,1,338,173,False,False
r3-pilot,62fc2a11f58ff84c748cd8a90968846c022685dcbd0d5eb8e8c7f16ed15ad74d,1,1,339,173,False,False
r3-pilot,62fc2a11f58ff84c748cd8a90968846c022685dcbd0d5eb8e8c7f16ed15ad74d,1,1,340,173,False,False
r3-pilot,62fc2a11f58ff84c748cd8a90968846c022685dcbd0d5eb8e8c7f16ed15ad74d,1,1,341,173,False,False
r3-pilot,62fc2a11f58ff84c748cd8a90968846c022685dcbd0d5eb8e8c7f16ed15ad74d,1,1,342,173,False,False
r3-pilot,62fc2a11f58ff84c748cd8a90968846c022685dcbd0d5eb8e8c7f16ed15ad74d,1,1,343,173,False,False
r3-pilot,62fc2a11f58ff84c748cd8a90968846c022685dcbd0d5eb8e8c7f16ed15ad74d,1,1,344,173,False,False
r3-pilot,62fc2a11f58ff84c748cd8a90968846c022685dcbd0d5eb8e8c7f16ed15ad74d,1,1,345,173,False,False
r3-pilot,62fc2a11f58ff84c748cd8a90968846c022685dcbd0d5eb8e8c7f16ed15ad74d,1,1,346,173,False,False
r3-pilot,62fc2a11f58ff84c748cd8a90968846c022685dcbd0d5eb8e8c7f16ed15ad74d,1,1,347,173,False,False
r3-pilot,62fc2a11f58ff84c748cd8a90968846c022685dcbd0d5eb8e8c7f16ed15ad74d,1,1,348,173,False,False
r3-pilot,62fc2a11f58ff84c748cd8a90968846c022685dcbd0d5eb8e8c7f16ed15ad74d,1,1,349,173,False,False
r3-pilot,62fc2a11f58ff84c748cd8a90968846c022685dcbd0d5eb8e8c7f16ed15ad74d,1,1,350,173,False,False
r3-pilot,62fc2a11f58ff84c748cd8a90968846c022685dcbd0d5eb8e8c7f16ed15ad74d,1,1,351,173,False,False
r3-pilot,62fc2a11f58ff84c748cd8a90968846c022685dcbd0d5eb8e8c7f16ed15ad74d,1,1,352,173,False,False
r3-pilot,62fc2a11f58ff84c748cd8a90968846c022685dcbd0d5eb8e8c7f16ed15ad74d,1,1,353,173,False,False
r3-pilot,62fc2a11f58ff84c748cd8a90968846c022685dcbd0d5eb8e8c7f16ed15ad74d,1,1,354,173,False,False
r3-pilot,62fc2a11f58ff84c748cd8a90968846c022685dcbd0d5eb8e8c7f16ed15ad74d,1,1,355,173,False,False
r3-pilot,62fc2a11f58ff84c748cd8a90968846c022685dcbd0d5eb8e8c7f16ed15ad74d,1,1,356,173,False,False
r3-pilot,62fc2a11f58ff84c748cd8a90968846c022685dcbd0d5eb8e8c7f16ed15ad74d,1,1,357,173,False,False
r3-pilot,62fc2a11f58ff84c748cd8a90968846c022685dcbd0d5eb8e8c7f16ed15ad74d,1,1,358,173,False,False
r3-pilot,62fc2a11f58ff84c748cd8a90968846c022685dcbd0d5eb8e8c7f16ed15ad74d,1,1,359,173,False,False
r3-pilot,62fc2a11f58ff84c748cd8a90968846c022685dcbd0d5eb8e8c7f16ed15ad74d,1,1,360,173,False,False
r3-pilot,62fc2a11f58ff84c748cd8a90968846c022685dcbd0d5eb8e8c7f16ed15ad74d,1,1,361,173,False,False
r3-pilot,62fc2a11f58ff84c748cd8a90968846c022685dcbd0d5eb8e8c7f16ed15ad74d,1,1,362,173,False,False
r3-pilot,62fc2a11f58ff84c748cd8a90968846c022685dcbd0d5eb8e8c7f16ed15ad74d,1,1,363,173,False,False
r3-pilot,62fc2a11f58ff84c748cd8a90968846c022685dcbd0d5eb8e8c7f16ed15ad74d,1,1,364,173,False,False
r3-pilot,62fc2a11f58ff84c748cd8a90968846c022685dcbd0d5eb8e8c7f16ed15ad74d,1,1,365,173,False,False
r3-pilot,62fc2a11f58ff84c748cd8a90968846c022685dcbd0d5eb8e8c7f16ed15ad74d,1,1,366,173,False,False
r3-pilot,62fc2a11f58ff84c748cd8a90968846c022685dcbd0d5eb8e8c7f16ed15ad74d,1,1,367,173,False,False
r3-pilot,62fc2a11f58ff84c748cd8a90968846c022685dcbd0d5eb8e8c7f16ed15ad74d,1,1,314,174,False,False
r3-pilot,62fc2a11f58ff84c748cd8a90968846c022685dcbd0d5eb8e8c7f16ed15ad74d,1,1,315,174,False,False
r3-pilot,62fc2a11f58ff84c748cd8a90968846c022685dcbd0d5eb8e8c7f16ed15ad74d,1,1,316,174,False,False
r3-pilot,62fc2a11f58ff84c748cd8a90968846c022685dcbd0d5eb8e8c7f16ed15ad74d,1,1,317,174,False,False
r3-pilot,62fc2a11f58ff84c748cd8a90968846c022685dcbd0d5eb8e8c7f16ed15ad74d,1,1,318,174,False,False
r3-pilot,62fc2a11f58ff84c748cd8a90968846c022685dcbd0d5eb8e8c7f16ed15ad74d,1,1,319,174,False,False
r3-pilot,62fc2a11f58ff84c748cd8a90968846c022685dcbd0d5eb8e8c7f16ed15ad74d,1,1,320,174,False,False
r3-pilot,62fc2a11f58ff84c748cd8a90968846c022685dcbd0d5eb8e8c7f16ed15ad74d,1,1,321,174,False,False
r3-pilot,62fc2a11f58ff84c748cd8a90968846c022685dcbd0d5eb8e8c7f16ed15ad74d,1,1,322,174,False,False
r3-pilot,62fc2a11f58ff84c748cd8a90968846c022685dcbd0d5eb8e8c7f16ed15ad74d,1,1,323,174,False,False
r3-pilot,62fc2a11f58ff84c748cd8a90968846c022685dcbd0d5eb8e8c7f16ed15ad74d,1,1,324,174,False,False
r3-pilot,62fc2a11f58ff84c748cd8a90968846c022685dcbd0d5eb8e8c7f16ed15ad74d,1,1,325,174,False,False
r3-pilot,62fc2a11f58ff84c748cd8a90968846c022685dcbd0d5eb8e8c7f16ed15ad74d,1,1,326,174,False,False
r3-pilot,62fc2a11f58ff84c748cd8a90968846c022685dcbd0d5eb8e8c7f16ed15ad74d,1,1,327,174,False,False
r3-pilot,62fc2a11f58ff84c748cd8a90968846c022685dcbd0d5eb8e8c7f16ed15ad74d,1,1,328,174,False,False
r3-pilot,62fc2a11f58ff84c748cd8a90968846c022685dcbd0d5eb8e8c7f16ed15ad74d,1,1,329,174,False,False
r3-pilot,62fc2a11f58ff84c748cd8a90968846c022685dcbd0d5eb8e8c7f16ed15ad74d,1,1,330,174,False,False
r3-pilot,62fc2a11f58ff84c748cd8a90968846c022685dcbd0d5eb8e8c7f16ed15ad74d,1,1,331,174,False,False
r3-pilot,62fc2a11f58ff84c748cd8a90968846c022685dcbd0d5eb8e8c7f16ed15ad74d,1,1,332,174,False,False
r3-pilot,62fc2a11f58ff84c748cd8a90968846c022685dcbd0d5eb8e8c7f16ed15ad74d,1,1,333,174,False,False
r3-pilot,62fc2a11f58ff84c748cd8a90968846c022685dcbd0d5eb8e8c7f16ed15ad74d,1,1,334,174,False,False
r3-pilot,62fc2a11f58ff84c748cd8a90968846c022685dcbd0d5eb8e8c7f16ed15ad74d,1,1,335,174,False,False
r3-pilot,62fc2a11f58ff84c748cd8a90968846c022685dcbd0d5eb8e8c7f16ed15ad74d,1,1,336,174,False,False
r3-pilot,62fc2a11f58ff84c748cd8a90968846c022685dcbd0d5eb8e8c7f16ed15ad74d,1,1,337,174,False,False
r3-pilot,62fc2a11f58ff84c748cd8a90968846c022685dcbd0d5eb8e8c7f16ed15ad74d,1,1,338,174,False,False
r3-pilot,62fc2a11f58ff84c748cd8a90968846c022685dcbd0d5eb8e8c7f16ed15ad74d,1,1,339,174,False,False
r3-pilot,62fc2a11f58ff84c748cd8a90968846c022685dcbd0d5eb8e8c7f16ed15ad74d,1,1,340,174,False,False
r3-pilot,62fc2a11f58ff84c748cd8a90968846c022685dcbd0d5eb8e8c7f16ed15ad74d,1,1,341,174,False,False
r3-pilot,62fc2a11f58ff84c748cd8a90968846c022685dcbd0d5eb8e8c7f16ed15ad74d,1,1,342,174,False,False
r3-pilot,62fc2a11f58ff84c748cd8a90968846c022685dcbd0d5eb8e8c7f16ed15ad74d,1,1,343,174,False,False
r3-pilot,62fc2a11f58ff84c748cd8a90968846c022685dcbd0d5eb8e8c7f16ed15ad74d,1,1,344,174,False,False
r3-pilot,62fc2a11f58ff84c748cd8a90968846c022685dcbd0d5eb8e8c7f16ed15ad74d,1,1,345,174,False,False
r3-pilot,62fc2a11f58ff84c748cd8a90968846c022685dcbd0d5eb8e8c7f16ed15ad74d,1,1,346,174,False,False
r3-pilot,62fc2a11f58ff84c748cd8a90968846c022685dcbd0d5eb8e8c7f16ed15ad74d,1,1,347,174,False,False
r3-pilot,62fc2a11f58ff84c748cd8a90968846c022685dcbd0d5eb8e8c7f16ed15ad74d,1,1,348,174,False,False
r3-pilot,62fc2a11f58ff84c748cd8a90968846c022685dcbd0d5eb8e8c7f16ed15ad74d,1,1,349,174,False,False
r3-pilot,62fc2a11f58ff84c748cd8a90968846c022685dcbd0d5eb8e8c7f16ed15ad74d,1,1,350,174,False,False
r3-pilot,62fc2a11f58ff84c748cd8a90968846c022685dcbd0d5eb8e8c7f16ed15ad74d,1,1,351,174,False,False
r3-pilot,62fc2a11f58ff84c748cd8a90968846c022685dcbd0d5eb8e8c7f16ed15ad74d,1,1,352,174,False,False
r3-pilot,62fc2a11f58ff84c748cd8a90968846c022685dcbd0d5eb8e8c7f16ed15ad74d,1,1,353,174,False,False
r3-pilot,62fc2a11f58ff84c748cd8a90968846c022685dcbd0d5eb8e8c7f16ed15ad74d,1,1,354,174,False,False
r3-pilot,62fc2a11f58ff84c748cd8a90968846c022685dcbd0d5eb8e8c7f16ed15ad74d,1,1,355,174,False,False
r3-pilot,62fc2a11f58ff84c748cd8a90968846c022685dcbd0d5eb8e8c7f16ed15ad74d,1,1,356,174,False,False
r3-pilot,62fc2a11f58ff84c748cd8a90968846c022685dcbd0d5eb8e8c7f16ed15ad74d,1,1,357,174,False,False
r3-pilot,62fc2a11f58ff84c748cd8a90968846c022685dcbd0d5eb8e8c7f16ed15ad74d,1,1,358,174,False,False
r3-pilot,62fc2a11f58ff84c748cd8a90968846c022685dcbd0d5eb8e8c7f16ed15ad74d,1,1,359,174,False,False
r3-pilot,62fc2a11f58ff84c748cd8a90968846c022685dcbd0d5eb8e8c7f16ed15ad74d,1,1,360,174,False,False
r3-pilot,62fc2a11f58ff84c748cd8a90968846c022685dcbd0d5eb8e8c7f16ed15ad74d,1,1,361,174,False,False
r3-pilot,62fc2a11f58ff84c748cd8a90968846c022685dcbd0d5eb8e8c7f16ed15ad74d,1,1,362,174,False,False
r3-pilot,62fc2a11f58ff84c748cd8a90968846c022685dcbd0d5eb8e8c7f16ed15ad74d,1,1,363,174,False,False
r3-pilot,62fc2a11f58ff84c748cd8a90968846c022685dcbd0d5eb8e8c7f16ed15ad74d,1,1,364,174,False,False
r3-pilot,62fc2a11f58ff84c748cd8a90968846c022685dcbd0d5eb8e8c7f16ed15ad74d,1,1,365,174,False,False
r3-pilot,62fc2a11f58ff84c748cd8a90968846c022685dcbd0d5eb8e8c7f16ed15ad74d,1,1,366,174,False,False
r3-pilot,62fc2a11f58ff84c748cd8a90968846c022685dcbd0d5eb8e8c7f16ed15ad74d,1,1,367,174,False,False
r3-pilot,62fc2a11f58ff84c748cd8a90968846c022685dcbd0d5eb8e8c7f16ed15ad74d,1,1,368,174,False,False
r3-pilot,62fc2a11f58ff84c748cd8a90968846c022685dcbd0d5eb8e8c7f16ed15ad74d,1,1,294,175,False,False
r3-pilot,62fc2a11f58ff84c748cd8a90968846c022685dcbd0d5eb8e8c7f16ed15ad74d,1,1,296,175,False,False
r3-pilot,62fc2a11f58ff84c748cd8a90968846c022685dcbd0d5eb8e8c7f16ed15ad74d,1,1,297,175,False,False
r3-pilot,62fc2a11f58ff84c748cd8a90968846c022685dcbd0d5eb8e8c7f16ed15ad74d,1,1,298,175,False,False
r3-pilot,62fc2a11f58ff84c748cd8a90968846c022685dcbd0d5eb8e8c7f16ed15ad74d,1,1,299,175,False,False
r3-pilot,62fc2a11f58ff84c748cd8a90968846c022685dcbd0d5eb8e8c7f16ed15ad74d,1,1,300,175,False,False
r3-pilot,62fc2a11f58ff84c748cd8a90968846c022685dcbd0d5eb8e8c7f16ed15ad74d,1,1,301,175,False,False
r3-pilot,62fc2a11f58ff84c748cd8a90968846c022685dcbd0d5eb8e8c7f16ed15ad74d,1,1,302,175,False,False
r3-pilot,62fc2a11f58ff84c748cd8a90968846c022685dcbd0d5eb8e8c7f16ed15ad74d,1,1,303,175,False,False
r3-pilot,62fc2a11f58ff84c748cd8a90968846c022685dcbd0d5eb8e8c7f16ed15ad74d,1,1,304,175,False,False
r3-pilot,62fc2a11f58ff84c748cd8a90968846c022685dcbd0d5eb8e8c7f16ed15ad74d,1,1,305,175,False,False
r3-pilot,62fc2a11f58ff84c748cd8a90968846c022685dcbd0d5eb8e8c7f16ed15ad74d,1,1,306,175,False,False
r3-pilot,62fc2a11f58ff84c748cd8a90968846c022685dcbd0d5eb8e8c7f16ed15ad74d,1,1,307,175,False,False
r3-pilot,62fc2a11f58ff84c748cd8a90968846c022685dcbd0d5eb8e8c7f16ed15ad74d,1,1,308,175,False,False
r3-pilot,62fc2a11f58ff84c748cd8a90968846c022685dcbd0d5eb8e8c7f16ed15ad74d,1,1,309,175,False,False
r3-pilot,62fc2a11f58ff84c748cd8a90968846c022685dcbd0d5eb8e8c7f16ed15ad74d,1,1,310,175,False,False
r3-pilot,62fc2a11f58ff84c748cd8a90968846c022685dcbd0d5eb8e8c7f16ed15ad74d,1,1,311,175,False,False
r3-pilot,62fc2a11f58ff84c748cd8a90968846c022685dcbd0d5eb8e8c7f16ed15ad74d,1,1,312,175,False,False
r3-pilot,62fc2a11f58ff84c748cd8a90968846c022685dcbd0d5eb8e8c7f16ed15ad74d,1,1,313,175,False,False
r3-pilot,62fc2a11f58ff84c748cd8a90968846c022685dcbd0d5eb8e8c7f16ed15ad74d,1,1,314,175,False,False
r3-pilot,62fc2a11f58ff84c748cd8a90968846c022685dcbd0d5eb8e8c7f16ed15ad74d,1,1,315,175,False,False
r3-pilot,62fc2a11f58ff84c748cd8a90968846c022685dcbd0d5eb8e8c7f16ed15ad74d,1,1,316,175,False,False
r3-pilot,62fc2a11f58ff84c748cd8a90968846c022685dcbd0d5eb8e8c7f16ed15ad74d,1,1,317,175,False,False
r3-pilot,62fc2a11f58ff84c748cd8a90968846c022685dcbd0d5eb8e8c7f16ed15ad74d,1,1,318,175,False,False
r3-pilot,62fc2a11f58ff84c748cd8a90968846c022685dcbd0d5eb8e8c7f16ed15ad74d,1,1,319,175,False,False
r3-pilot,62fc2a11f58ff84c748cd8a90968846c022685dcbd0d5eb8e8c7f16ed15ad74d,1,1,320,175,False,False
r3-pilot,62fc2a11f58ff84c748cd8a90968846c022685dcbd0d5eb8e8c7f16ed15ad74d,1,1,321,175,False,False
r3-pilot,62fc2a11f58ff84c748cd8a90968846c022685dcbd0d5eb8e8c7f16ed15ad74d,1,1,322,175,False,False
r3-pilot,62fc2a11f58ff84c748cd8a90968846c022685dcbd0d5eb8e8c7f16ed15ad74d,1,1,323,175,False,False
r3-pilot,62fc2a11f58ff84c748cd8a90968846c022685dcbd0d5eb8e8c7f16ed15ad74d,1,1,324,175,False,False
r3-pilot,62fc2a11f58ff84c748cd8a90968846c022685dcbd0d5eb8e8c7f16ed15ad74d,1,1,325,175,False,False
r3-pilot,62fc2a11f58ff84c748cd8a90968846c022685dcbd0d5eb8e8c7f16ed15ad74d,1,1,327,175,False,False
r3-pilot,62fc2a11f58ff84c748cd8a90968846c022685dcbd0d5eb8e8c7f16ed15ad74d,1,1,328,175,False,False
r3-pilot,62fc2a11f58ff84c748cd8a90968846c022685dcbd0d5eb8e8c7f16ed15ad74d,1,1,329,175,False,False
r3-pilot,62fc2a11f58ff84c748cd8a90968846c022685dcbd0d5eb8e8c7f16ed15ad74d,1,1,330,175,False,False
r3-pilot,62fc2a11f58ff84c748cd8a90968846c022685dcbd0d5eb8e8c7f16ed15ad74d,1,1,331,175,False,False
r3-pilot,62fc2a11f58ff84c748cd8a90968846c022685dcbd0d5eb8e8c7f16ed15ad74d,1,1,332,175,False,False
r3-pilot,62fc2a11f58ff84c748cd8a90968846c022685dcbd0d5eb8e8c7f16ed15ad74d,1,1,333,175,False,False
r3-pilot,62fc2a11f58ff84c748cd8a90968846c022685dcbd0d5eb8e8c7f16ed15ad74d,1,1,334,175,False,False
r3-pilot,62fc2a11f58ff84c748cd8a90968846c022685dcbd0d5eb8e8c7f16ed15ad74d,1,1,335,175,False,False
r3-pilot,62fc2a11f58ff84c748cd8a90968846c022685dcbd0d5eb8e8c7f16ed15ad74d,1,1,336,175,False,False
r3-pilot,62fc2a11f58ff84c748cd8a90968846c022685dcbd0d5eb8e8c7f16ed15ad74d,1,1,337,175,False,False
r3-pilot,62fc2a11f58ff84c748cd8a90968846c022685dcbd0d5eb8e8c7f16ed15ad74d,1,1,338,175,False,False
r3-pilot,62fc2a11f58ff84c748cd8a90968846c022685dcbd0d5eb8e8c7f16ed15ad74d,1,1,339,175,False,False
r3-pilot,62fc2a11f58ff84c748cd8a90968846c022685dcbd0d5eb8e8c7f16ed15ad74d,1,1,340,175,False,False
r3-pilot,62fc2a11f58ff84c748cd8a90968846c022685dcbd0d5eb8e8c7f16ed15ad74d,1,1,341,175,False,False
r3-pilot,62fc2a11f58ff84c748cd8a90968846c022685dcbd0d5eb8e8c7f16ed15ad74d,1,1,342,175,False,False
r3-pilot,62fc2a11f58ff84c748cd8a90968846c022685dcbd0d5eb8e8c7f16ed15ad74d,1,1,343,175,False,False
r3-pilot,62fc2a11f58ff84c748cd8a90968846c022685dcbd0d5eb8e8c7f16ed15ad74d,1,1,344,175,False,False
r3-pilot,62fc2a11f58ff84c748cd8a90968846c022685dcbd0d5eb8e8c7f16ed15ad74d,1,1,345,175,False,False
r3-pilot,62fc2a11f58ff84c748cd8a90968846c022685dcbd0d5eb8e8c7f16ed15ad74d,1,1,346,175,False,False
r3-pilot,62fc2a11f58ff84c748cd8a90968846c022685dcbd0d5eb8e8c7f16ed15ad74d,1,1,347,175,False,False
r3-pilot,62fc2a11f58ff84c748cd8a90968846c022685dcbd0d5eb8e8c7f16ed15ad74d,1,1,348,175,False,False
r3-pilot,62fc2a11f58ff84c748cd8a90968846c022685dcbd0d5eb8e8c7f16ed15ad74d,1,1,349,175,False,False
r3-pilot,62fc2a11f58ff84c748cd8a90968846c022685dcbd0d5eb8e8c7f16ed15ad74d,1,1,350,175,False,False
r3-pilot,62fc2a11f58ff84c748cd8a90968846c022685dcbd0d5eb8e8c7f16ed15ad74d,1,1,351,175,False,False
r3-pilot,62fc2a11f58ff84c748cd8a90968846c022685dcbd0d5eb8e8c7f16ed15ad74d,1,1,352,175,False,False
r3-pilot,62fc2a11f58ff84c748cd8a90968846c022685dcbd0d5eb8e8c7f16ed15ad74d,1,1,353,175,False,False
r3-pilot,62fc2a11f58ff84c748cd8a90968846c022685dcbd0d5eb8e8c7f16ed15ad74d,1,1,354,175,False,False
r3-pilot,62fc2a11f58ff84c748cd8a90968846c022685dcbd0d5eb8e8c7f16ed15ad74d,1,1,355,175,False,False
r3-pilot,62fc2a11f58ff84c748cd8a90968846c022685dcbd0d5eb8e8c7f16ed15ad74d,1,1,356,175,False,False
r3-pilot,62fc2a11f58ff84c748cd8a90968846c022685dcbd0d5eb8e8c7f16ed15ad74d,1,1,357,175,False,False
r3-pilot,62fc2a11f58ff84c748cd8a90968846c022685dcbd0d5eb8e8c7f16ed15ad74d,1,1,358,175,False,False
r3-pilot,62fc2a11f58ff84c748cd8a90968846c022685dcbd0d5eb8e8c7f16ed15ad74d,1,1,359,175,False,False
r3-pilot,62fc2a11f58ff84c748cd8a90968846c022685dcbd0d5eb8e8c7f16ed15ad74d,1,1,360,175,False,False
r3-pilot,62fc2a11f58ff84c748cd8a90968846c022685dcbd0d5eb8e8c7f16ed15ad74d,1,1,361,175,False,False
r3-pilot,62fc2a11f58ff84c748cd8a90968846c022685dcbd0d5eb8e8c7f16ed15ad74d,1,1,362,175,False,False
r3-pilot,62fc2a11f58ff84c748cd8a90968846c022685dcbd0d5eb8e8c7f16ed15ad74d,1,1,363,175,False,False
r3-pilot,62fc2a11f58ff84c748cd8a90968846c022685dcbd0d5eb8e8c7f16ed15ad74d,1,1,364,175,False,False
r3-pilot,62fc2a11f58ff84c748cd8a90968846c022685dcbd0d5eb8e8c7f16ed15ad74d,1,1,365,175,False,False
r3-pilot,62fc2a11f58ff84c748cd8a90968846c022685dcbd0d5eb8e8c7f16ed15ad74d,1,1,366,175,False,False
r3-pilot,62fc2a11f58ff84c748cd8a90968846c022685dcbd0d5eb8e8c7f16ed15ad74d,1,1,367,175,False,False
r3-pilot,62fc2a11f58ff84c748cd8a90968846c022685dcbd0d5eb8e8c7f16ed15ad74d,1,1,368,175,False,False
r3-pilot,62fc2a11f58ff84c748cd8a90968846c022685dcbd0d5eb8e8c7f16ed15ad74d,1,1,369,175,False,False
r3-pilot,62fc2a11f58ff84c748cd8a90968846c022685dcbd0d5eb8e8c7f16ed15ad74d,1,1,286,176,False,True
r3-pilot,62fc2a11f58ff84c748cd8a90968846c022685dcbd0d5eb8e8c7f16ed15ad74d,1,1,287,176,False,False
r3-pilot,62fc2a11f58ff84c748cd8a90968846c022685dcbd0d5eb8e8c7f16ed15ad74d,1,1,288,176,False,False
r3-pilot,62fc2a11f58ff84c748cd8a90968846c022685dcbd0d5eb8e8c7f16ed15ad74d,1,1,289,176,False,False
r3-pilot,62fc2a11f58ff84c748cd8a90968846c022685dcbd0d5eb8e8c7f16ed15ad74d,1,1,290,176,False,False
r3-pilot,62fc2a11f58ff84c748cd8a90968846c022685dcbd0d5eb8e8c7f16ed15ad74d,1,1,291,176,False,False
r3-pilot,62fc2a11f58ff84c748cd8a90968846c022685dcbd0d5eb8e8c7f16ed15ad74d,1,1,292,176,False,False
r3-pilot,62fc2a11f58ff84c748cd8a90968846c022685dcbd0d5eb8e8c7f16ed15ad74d,1,1,293,176,False,False
r3-pilot,62fc2a11f58ff84c748cd8a90968846c022685dcbd0d5eb8e8c7f16ed15ad74d,1,1,294,176,False,False
r3-pilot,62fc2a11f58ff84c748cd8a90968846c022685dcbd0d5eb8e8c7f16ed15ad74d,1,1,295,176,False,False
r3-pilot,62fc2a11f58ff84c748cd8a90968846c022685dcbd0d5eb8e8c7f16ed15ad74d,1,1,296,176,False,False
r3-pilot,62fc2a11f58ff84c748cd8a90968846c022685dcbd0d5eb8e8c7f16ed15ad74d,1,1,297,176,False,False
r3-pilot,62fc2a11f58ff84c748cd8a90968846c022685dcbd0d5eb8e8c7f16ed15ad74d,1,1,298,176,False,False
r3-pilot,62fc2a11f58ff84c748cd8a90968846c022685dcbd0d5eb8e8c7f16ed15ad74d,1,1,299,176,False,False
r3-pilot,62fc2a11f58ff84c748cd8a90968846c022685dcbd0d5eb8e8c7f16ed15ad74d,1,1,300,176,False,False
r3-pilot,62fc2a11f58ff84c748cd8a90968846c022685dcbd0d5eb8e8c7f16ed15ad74d,1,1,301,176,False,False
r3-pilot,62fc2a11f58ff84c748cd8a90968846c022685dcbd0d5eb8e8c7f16ed15ad74d,1,1,302,176,False,False
r3-pilot,62fc2a11f58ff84c748cd8a90968846c022685dcbd0d5eb8e8c7f16ed15ad74d,1,1,303,176,False,False
r3-pilot,62fc2a11f58ff84c748cd8a90968846c022685dcbd0d5eb8e8c7f16ed15ad74d,1,1,304,176,False,False
r3-pilot,62fc2a11f58ff84c748cd8a90968846c022685dcbd0d5eb8e8c7f16ed15ad74d,1,1,305,176,False,False
r3-pilot,62fc2a11f58ff84c748cd8a90968846c022685dcbd0d5eb8e8c7f16ed15ad74d,1,1,306,176,False,False
r3-pilot,62fc2a11f58ff84c748cd8a90968846c022685dcbd0d5eb8e8c7f16ed15ad74d,1,1,307,176,False,False
r3-pilot,62fc2a11f58ff84c748cd8a90968846c022685dcbd0d5eb8e8c7f16ed15ad74d,1,1,308,176,False,False
r3-pilot,62fc2a11f58ff84c748cd8a90968846c022685dcbd0d5eb8e8c7f16ed15ad74d,1,1,309,176,False,False
r3-pilot,62fc2a11f58ff84c748cd8a90968846c022685dcbd0d5eb8e8c7f16ed15ad74d,1,1,310,176,False,False
r3-pilot,62fc2a11f58ff84c748cd8a90968846c022685dcbd0d5eb8e8c7f16ed15ad74d,1,1,311,176,False,False
r3-pilot,62fc2a11f58ff84c748cd8a90968846c022685dcbd0d5eb8e8c7f16ed15ad74d,1,1,312,176,False,False
r3-pilot,62fc2a11f58ff84c748cd8a90968846c022685dcbd0d5eb8e8c7f16ed15ad74d,1,1,313,176,False,False
r3-pilot,62fc2a11f58ff84c748cd8a90968846c022685dcbd0d5eb8e8c7f16ed15ad74d,1,1,314,176,False,False
r3-pilot,62fc2a11f58ff84c748cd8a90968846c022685dcbd0d5eb8e8c7f16ed15ad74d,1,1,315,176,False,False
r3-pilot,62fc2a11f58ff84c748cd8a90968846c022685dcbd0d5eb8e8c7f16ed15ad74d,1,1,316,176,False,False
r3-pilot,62fc2a11f58ff84c748cd8a90968846c022685dcbd0d5eb8e8c7f16ed15ad74d,1,1,317,176,False,False
r3-pilot,62fc2a11f58ff84c748cd8a90968846c022685dcbd0d5eb8e8c7f16ed15ad74d,1,1,318,176,False,False
r3-pilot,62fc2a11f58ff84c748cd8a90968846c022685dcbd0d5eb8e8c7f16ed15ad74d,1,1,319,176,False,False
r3-pilot,62fc2a11f58ff84c748cd8a90968846c022685dcbd0d5eb8e8c7f16ed15ad74d,1,1,320,176,False,False
r3-pilot,62fc2a11f58ff84c748cd8a90968846c022685dcbd0d5eb8e8c7f16ed15ad74d,1,1,321,176,False,False
r3-pilot,62fc2a11f58ff84c748cd8a90968846c022685dcbd0d5eb8e8c7f16ed15ad74d,1,1,322,176,False,False
r3-pilot,62fc2a11f58ff84c748cd8a90968846c022685dcbd0d5eb8e8c7f16ed15ad74d,1,1,323,176,False,False
r3-pilot,62fc2a11f58ff84c748cd8a90968846c022685dcbd0d5eb8e8c7f16ed15ad74d,1,1,324,176,False,False
r3-pilot,62fc2a11f58ff84c748cd8a90968846c022685dcbd0d5eb8e8c7f16ed15ad74d,1,1,325,176,False,False
r3-pilot,62fc2a11f58ff84c748cd8a90968846c022685dcbd0d5eb8e8c7f16ed15ad74d,1,1,326,176,False,False
r3-pilot,62fc2a11f58ff84c748cd8a90968846c022685dcbd0d5eb8e8c7f16ed15ad74d,1,1,327,176,False,False
r3-pilot,62fc2a11f58ff84c748cd8a90968846c022685dcbd0d5eb8e8c7f16ed15ad74d,1,1,328,176,False,False
r3-pilot,62fc2a11f58ff84c748cd8a90968846c022685dcbd0d5eb8e8c7f16ed15ad74d,1,1,329,176,False,False
r3-pilot,62fc2a11f58ff84c748cd8a90968846c022685dcbd0d5eb8e8c7f16ed15ad74d,1,1,330,176,False,False
r3-pilot,62fc2a11f58ff84c748cd8a90968846c022685dcbd0d5eb8e8c7f16ed15ad74d,1,1,331,176,False,False
r3-pilot,62fc2a11f58ff84c748cd8a90968846c022685dcbd0d5eb8e8c7f16ed15ad74d,1,1,332,176,False,False
r3-pilot,62fc2a11f58ff84c748cd8a90968846c022685dcbd0d5eb8e8c7f16ed15ad74d,1,1,333,176,False,False
r3-pilot,62fc2a11f58ff84c748cd8a90968846c022685dcbd0d5eb8e8c7f16ed15ad74d,1,1,334,176,False,False
r3-pilot,62fc2a11f58ff84c748cd8a90968846c022685dcbd0d5eb8e8c7f16ed15ad74d,1,1,335,176,False,False
r3-pilot,62fc2a11f58ff84c748cd8a90968846c022685dcbd0d5eb8e8c7f16ed15ad74d,1,1,336,176,False,False
r3-pilot,62fc2a11f58ff84c748cd8a90968846c022685dcbd0d5eb8e8c7f16ed15ad74d,1,1,337,176,False,False
r3-pilot,62fc2a11f58ff84c748cd8a90968846c022685dcbd0d5eb8e8c7f16ed15ad74d,1,1,338,176,False,False
r3-pilot,62fc2a11f58ff84c748cd8a90968846c022685dcbd0d5eb8e8c7f16ed15ad74d,1,1,339,176,False,False
r3-pilot,62fc2a11f58ff84c748cd8a90968846c022685dcbd0d5eb8e8c7f16ed15ad74d,1,1,340,176,False,False
r3-pilot,62fc2a11f58ff84c748cd8a90968846c022685dcbd0d5eb8e8c7f16ed15ad74d,1,1,341,176,False,False
r3-pilot,62fc2a11f58ff84c748cd8a90968846c022685dcbd0d5eb8e8c7f16ed15ad74d,1,1,342,176,False,False
r3-pilot,62fc2a11f58ff84c748cd8a90968846c022685dcbd0d5eb8e8c7f16ed15ad74d,1,1,343,176,False,False
r3-pilot,62fc2a11f58ff84c748cd8a90968846c022685dcbd0d5eb8e8c7f16ed15ad74d,1,1,344,176,False,False
r3-pilot,62fc2a11f58ff84c748cd8a90968846c022685dcbd0d5eb8e8c7f16ed15ad74d,1,1,345,176,False,False
r3-pilot,62fc2a11f58ff84c748cd8a90968846c022685dcbd0d5eb8e8c7f16ed15ad74d,1,1,346,176,False,False
r3-pilot,62fc2a11f58ff84c748cd8a90968846c022685dcbd0d5eb8e8c7f16ed15ad74d,1,1,347,176,False,False
r3-pilot,62fc2a11f58ff84c748cd8a90968846c022685dcbd0d5eb8e8c7f16ed15ad74d,1,1,348,176,False,False
r3-pilot,62fc2a11f58ff84c748cd8a90968846c022685dcbd0d5eb8e8c7f16ed15ad74d,1,1,349,176,False,False
r3-pilot,62fc2a11f58ff84c748cd8a90968846c022685dcbd0d5eb8e8c7f16ed15ad74d,1,1,350,176,False,False
r3-pilot,62fc2a11f58ff84c748cd8a90968846c022685dcbd0d5eb8e8c7f16ed15ad74d,1,1,351,176,False,False
r3-pilot,62fc2a11f58ff84c748cd8a90968846c022685dcbd0d5eb8e8c7f16ed15ad74d,1,1,352,176,False,False
r3-pilot,62fc2a11f58ff84c748cd8a90968846c022685dcbd0d5eb8e8c7f16ed15ad74d,1,1,353,176,False,False
r3-pilot,62fc2a11f58ff84c748cd8a90968846c022685dcbd0d5eb8e8c7f16ed15ad74d,1,1,354,176,False,False
r3-pilot,62fc2a11f58ff84c748cd8a90968846c022685dcbd0d5eb8e8c7f16ed15ad74d,1,1,355,176,False,False
r3-pilot,62fc2a11f58ff84c748cd8a90968846c022685dcbd0d5eb8e8c7f16ed15ad74d,1,1,356,176,False,False
r3-pilot,62fc2a11f58ff84c748cd8a90968846c022685dcbd0d5eb8e8c7f16ed15ad74d,1,1,357,176,False,False
r3-pilot,62fc2a11f58ff84c748cd8a90968846c022685dcbd0d5eb8e8c7f16ed15ad74d,1,1,358,176,False,False
r3-pilot,62fc2a11f58ff84c748cd8a90968846c022685dcbd0d5eb8e8c7f16ed15ad74d,1,1,359,176,False,False
r3-pilot,62fc2a11f58ff84c748cd8a90968846c022685dcbd0d5eb8e8c7f16ed15ad74d,1,1,360,176,False,False
r3-pilot,62fc2a11f58ff84c748cd8a90968846c022685dcbd0d5eb8e8c7f16ed15ad74d,1,1,361,176,False,False
r3-pilot,62fc2a11f58ff84c748cd8a90968846c022685dcbd0d5eb8e8c7f16ed15ad74d,1,1,362,176,False,False
r3-pilot,62fc2a11f58ff84c748cd8a90968846c022685dcbd0d5eb8e8c7f16ed15ad74d,1,1,363,176,False,False
r3-pilot,62fc2a11f58ff84c748cd8a90968846c022685dcbd0d5eb8e8c7f16ed15ad74d,1,1,364,176,False,False
r3-pilot,62fc2a11f58ff84c748cd8a90968846c022685dcbd0d5eb8e8c7f16ed15ad74d,1,1,365,176,False,False
r3-pilot,62fc2a11f58ff84c748cd8a90968846c022685dcbd0d5eb8e8c7f16ed15ad74d,1,1,366,176,False,False
r3-pilot,62fc2a11f58ff84c748cd8a90968846c022685dcbd0d5eb8e8c7f16ed15ad74d,1,1,367,176,False,False
r3-pilot,62fc2a11f58ff84c748cd8a90968846c022685dcbd0d5eb8e8c7f16ed15ad74d,1,1,368,176,False,False
r3-pilot,62fc2a11f58ff84c748cd8a90968846c022685dcbd0d5eb8e8c7f16ed15ad74d,1,1,369,176,False,False
r3-pilot,62fc2a11f58ff84c748cd8a90968846c022685dcbd0d5eb8e8c7f16ed15ad74d,1,1,286,177,False,True
r3-pilot,62fc2a11f58ff84c748cd8a90968846c022685dcbd0d5eb8e8c7f16ed15ad74d,1,1,287,177,False,False
r3-pilot,62fc2a11f58ff84c748cd8a90968846c022685dcbd0d5eb8e8c7f16ed15ad74d,1,1,288,177,False,False
r3-pilot,62fc2a11f58ff84c748cd8a90968846c022685dcbd0d5eb8e8c7f16ed15ad74d,1,1,289,177,False,False
r3-pilot,62fc2a11f58ff84c748cd8a90968846c022685dcbd0d5eb8e8c7f16ed15ad74d,1,1,290,177,False,False
r3-pilot,62fc2a11f58ff84c748cd8a90968846c022685dcbd0d5eb8e8c7f16ed15ad74d,1,1,291,177,False,False
r3-pilot,62fc2a11f58ff84c748cd8a90968846c022685dcbd0d5eb8e8c7f16ed15ad74d,1,1,292,177,False,False
r3-pilot,62fc2a11f58ff84c748cd8a90968846c022685dcbd0d5eb8e8c7f16ed15ad74d,1,1,293,177,False,False
r3-pilot,62fc2a11f58ff84c748cd8a90968846c022685dcbd0d5eb8e8c7f16ed15ad74d,1,1,294,177,False,False
r3-pilot,62fc2a11f58ff84c748cd8a90968846c022685dcbd0d5eb8e8c7f16ed15ad74d,1,1,295,177,False,False
r3-pilot,62fc2a11f58ff84c748cd8a90968846c022685dcbd0d5eb8e8c7f16ed15ad74d,1,1,296,177,False,False
r3-pilot,62fc2a11f58ff84c748cd8a90968846c022685dcbd0d5eb8e8c7f16ed15ad74d,1,1,297,177,False,False
r3-pilot,62fc2a11f58ff84c748cd8a90968846c022685dcbd0d5eb8e8c7f16ed15ad74d,1,1,298,177,False,False
r3-pilot,62fc2a11f58ff84c748cd8a90968846c022685dcbd0d5eb8e8c7f16ed15ad74d,1,1,299,177,False,False
r3-pilot,62fc2a11f58ff84c748cd8a90968846c022685dcbd0d5eb8e8c7f16ed15ad74d,1,1,300,177,False,False
r3-pilot,62fc2a11f58ff84c748cd8a90968846c022685dcbd0d5eb8e8c7f16ed15ad74d,1,1,301,177,False,False
r3-pilot,62fc2a11f58ff84c748cd8a90968846c022685dcbd0d5eb8e8c7f16ed15ad74d,1,1,302,177,False,False
r3-pilot,62fc2a11f58ff84c748cd8a90968846c022685dcbd0d5eb8e8c7f16ed15ad74d,1,1,303,177,False,False
r3-pilot,62fc2a11f58ff84c748cd8a90968846c022685dcbd0d5eb8e8c7f16ed15ad74d,1,1,304,177,False,False
r3-pilot,62fc2a11f58ff84c748cd8a90968846c022685dcbd0d5eb8e8c7f16ed15ad74d,1,1,305,177,False,False
r3-pilot,62fc2a11f58ff84c748cd8a90968846c022685dcbd0d5eb8e8c7f16ed15ad74d,1,1,306,177,False,False
r3-pilot,62fc2a11f58ff84c748cd8a90968846c022685dcbd0d5eb8e8c7f16ed15ad74d,1,1,307,177,False,False
r3-pilot,62fc2a11f58ff84c748cd8a90968846c022685dcbd0d5eb8e8c7f16ed15ad74d,1,1,308,177,False,False
r3-pilot,62fc2a11f58ff84c748cd8a90968846c022685dcbd0d5eb8e8c7f16ed15ad74d,1,1,309,177,False,False
r3-pilot,62fc2a11f58ff84c748cd8a90968846c022685dcbd0d5eb8e8c7f16ed15ad74d,1,1,310,177,False,False
r3-pilot,62fc2a11f58ff84c748cd8a90968846c022685dcbd0d5eb8e8c7f16ed15ad74d,1,1,311,177,False,False
r3-pilot,62fc2a11f58ff84c748cd8a90968846c022685dcbd0d5eb8e8c7f16ed15ad74d,1,1,312,177,False,False
r3-pilot,62fc2a11f58ff84c748cd8a90968846c022685dcbd0d5eb8e8c7f16ed15ad74d,1,1,313,177,False,False
r3-pilot,62fc2a11f58ff84c748cd8a90968846c022685dcbd0d5eb8e8c7f16ed15ad74d,1,1,314,177,False,False
r3-pilot,62fc2a11f58ff84c748cd8a90968846c022685dcbd0d5eb8e8c7f16ed15ad74d,1,1,315,177,False,False
r3-pilot,62fc2a11f58ff84c748cd8a90968846c022685dcbd0d5eb8e8c7f16ed15ad74d,1,1,316,177,False,False
r3-pilot,62fc2a11f58ff84c748cd8a90968846c022685dcbd0d5eb8e8c7f16ed15ad74d,1,1,317,177,False,False
r3-pilot,62fc2a11f58ff84c748cd8a90968846c022685dcbd0d5eb8e8c7f16ed15ad74d,1,1,318,177,False,False
r3-pilot,62fc2a11f58ff84c748cd8a90968846c022685dcbd0d5eb8e8c7f16ed15ad74d,1,1,319,177,False,False
r3-pilot,62fc2a11f58ff84c748cd8a90968846c022685dcbd0d5eb8e8c7f16ed15ad74d,1,1,320,177,False,False
r3-pilot,62fc2a11f58ff84c748cd8a90968846c022685dcbd0d5eb8e8c7f16ed15ad74d,1,1,321,177,False,False
r3-pilot,62fc2a11f58ff84c748cd8a90968846c022685dcbd0d5eb8e8c7f16ed15ad74d,1,1,322,177,False,False
r3-pilot,62fc2a11f58ff84c748cd8a90968846c022685dcbd0d5eb8e8c7f16ed15ad74d,1,1,323,177,False,False
r3-pilot,62fc2a11f58ff84c748cd8a90968846c022685dcbd0d5eb8e8c7f16ed15ad74d,1,1,324,177,False,False
r3-pilot,62fc2a11f58ff84c748cd8a90968846c022685dcbd0d5eb8e8c7f16ed15ad74d,1,1,325,177,False,False
r3-pilot,62fc2a11f58ff84c748cd8a90968846c022685dcbd0d5eb8e8c7f16ed15ad74d,1,1,326,177,False,False
r3-pilot,62fc2a11f58ff84c748cd8a90968846c022685dcbd0d5eb8e8c7f16ed15ad74d,1,1,327,177,False,False
r3-pilot,62fc2a11f58ff84c748cd8a90968846c022685dcbd0d5eb8e8c7f16ed15ad74d,1,1,328,177,False,False
r3-pilot,62fc2a11f58ff84c748cd8a90968846c022685dcbd0d5eb8e8c7f16ed15ad74d,1,1,329,177,False,False
r3-pilot,62fc2a11f58ff84c748cd8a90968846c022685dcbd0d5eb8e8c7f16ed15ad74d,1,1,330,177,False,False
r3-pilot,62fc2a11f58ff84c748cd8a90968846c022685dcbd0d5eb8e8c7f16ed15ad74d,1,1,331,177,False,False
r3-pilot,62fc2a11f58ff84c748cd8a90968846c022685dcbd0d5eb8e8c7f16ed15ad74d,1,1,332,177,False,False
r3-pilot,62fc2a11f58ff84c748cd8a90968846c022685dcbd0d5eb8e8c7f16ed15ad74d,1,1,333,177,False,False
r3-pilot,62fc2a11f58ff84c748cd8a90968846c022685dcbd0d5eb8e8c7f16ed15ad74d,1,1,334,177,False,False
r3-pilot,62fc2a11f58ff84c748cd8a90968846c022685dcbd0d5eb8e8c7f16ed15ad74d,1,1,335,177,False,False
r3-pilot,62fc2a11f58ff84c748cd8a90968846c022685dcbd0d5eb8e8c7f16ed15ad74d,1,1,336,177,False,False
r3-pilot,62fc2a11f58ff84c748cd8a90968846c022685dcbd0d5eb8e8c7f16ed15ad74d,1,1,337,177,False,False
r3-pilot,62fc2a11f58ff84c748cd8a90968846c022685dcbd0d5eb8e8c7f16ed15ad74d,1,1,338,177,False,False
r3-pilot,62fc2a11f58ff84c748cd8a90968846c022685dcbd0d5eb8e8c7f16ed15ad74d,1,1,339,177,False,False
r3-pilot,62fc2a11f58ff84c748cd8a90968846c022685dcbd0d5eb8e8c7f16ed15ad74d,1,1,340,177,False,False
r3-pilot,62fc2a11f58ff84c748cd8a90968846c022685dcbd0d5eb8e8c7f16ed15ad74d,1,1,341,177,False,False
r3-pilot,62fc2a11f58ff84c748cd8a90968846c022685dcbd0d5eb8e8c7f16ed15ad74d,1,1,342,177,False,False
r3-pilot,62fc2a11f58ff84c748cd8a90968846c022685dcbd0d5eb8e8c7f16ed15ad74d,1,1,343,177,False,False
r3-pilot,62fc2a11f58ff84c748cd8a90968846c022685dcbd0d5eb8e8c7f16ed15ad74d,1,1,344,177,False,False
r3-pilot,62fc2a11f58ff84c748cd8a90968846c022685dcbd0d5eb8e8c7f16ed15ad74d,1,1,345,177,False,False
r3-pilot,62fc2a11f58ff84c748cd8a90968846c022685dcbd0d5eb8e8c7f16ed15ad74d,1,1,346,177,False,False
r3-pilot,62fc2a11f58ff84c748cd8a90968846c022685dcbd0d5eb8e8c7f16ed15ad74d,1,1,347,177,False,False
r3-pilot,62fc2a11f58ff84c748cd8a90968846c022685dcbd0d5eb8e8c7f16ed15ad74d,1,1,348,177,False,False
r3-pilot,62fc2a11f58ff84c748cd8a90968846c022685dcbd0d5eb8e8c7f16ed15ad74d,1,1,349,177,False,False
r3-pilot,62fc2a11f58ff84c748cd8a90968846c022685dcbd0d5eb8e8c7f16ed15ad74d,1,1,350,177,False,False
r3-pilot,62fc2a11f58ff84c748cd8a90968846c022685dcbd0d5eb8e8c7f16ed15ad74d,1,1,351,177,False,False
r3-pilot,62fc2a11f58ff84c748cd8a90968846c022685dcbd0d5eb8e8c7f16ed15ad74d,1,1,352,177,False,False
r3-pilot,62fc2a11f58ff84c748cd8a90968846c022685dcbd0d5eb8e8c7f16ed15ad74d,1,1,353,177,False,False
r3-pilot,62fc2a11f58ff84c748cd8a90968846c022685dcbd0d5eb8e8c7f16ed15ad74d,1,1,354,177,False,False
r3-pilot,62fc2a11f58ff84c748cd8a90968846c022685dcbd0d5eb8e8c7f16ed15ad74d,1,1,355,177,False,False
r3-pilot,62fc2a11f58ff84c748cd8a90968846c022685dcbd0d5eb8e8c7f16ed15ad74d,1,1,356,177,False,False
r3-pilot,62fc2a11f58ff84c748cd8a90968846c022685dcbd0d5eb8e8c7f16ed15ad74d,1,1,357,177,False,False
r3-pilot,62fc2a11f58ff84c748cd8a90968846c022685dcbd0d5eb8e8c7f16ed15ad74d,1,1,358,177,False,False
r3-pilot,62fc2a11f58ff84c748cd8a90968846c022685dcbd0d5eb8e8c7f16ed15ad74d,1,1,359,177,False,False
r3-pilot,62fc2a11f58ff84c748cd8a90968846c022685dcbd0d5eb8e8c7f16ed15ad74d,1,1,360,177,False,False
r3-pilot,62fc2a11f58ff84c748cd8a90968846c022685dcbd0d5eb8e8c7f16ed15ad74d,1,1,361,177,False,False
r3-pilot,62fc2a11f58ff84c748cd8a90968846c022685dcbd0d5eb8e8c7f16ed15ad74d,1,1,362,177,False,False
r3-pilot,62fc2a11f58ff84c748cd8a90968846c022685dcbd0d5eb8e8c7f16ed15ad74d,1,1,363,177,False,False
r3-pilot,62fc2a11f58ff84c748cd8a90968846c022685dcbd0d5eb8e8c7f16ed15ad74d,1,1,364,177,False,False
r3-pilot,62fc2a11f58ff84c748cd8a90968846c022685dcbd0d5eb8e8c7f16ed15ad74d,1,1,365,177,False,False
r3-pilot,62fc2a11f58ff84c748cd8a90968846c022685dcbd0d5eb8e8c7f16ed15ad74d,1,1,366,177,False,False
r3-pilot,62fc2a11f58ff84c748cd8a90968846c022685dcbd0d5eb8e8c7f16ed15ad74d,1,1,367,177,False,False
r3-pilot,62fc2a11f58ff84c748cd8a90968846c022685dcbd0d5eb8e8c7f16ed15ad74d,1,1,368,177,False,False
r3-pilot,62fc2a11f58ff84c748cd8a90968846c022685dcbd0d5eb8e8c7f16ed15ad74d,1,1,369,177,False,False
r3-pilot,62fc2a11f58ff84c748cd8a90968846c022685dcbd0d5eb8e8c7f16ed15ad74d,1,1,286,178,False,True
r3-pilot,62fc2a11f58ff84c748cd8a90968846c022685dcbd0d5eb8e8c7f16ed15ad74d,1,1,287,178,False,False
r3-pilot,62fc2a11f58ff84c748cd8a90968846c022685dcbd0d5eb8e8c7f16ed15ad74d,1,1,288,178,False,False
r3-pilot,62fc2a11f58ff84c748cd8a90968846c022685dcbd0d5eb8e8c7f16ed15ad74d,1,1,289,178,False,False
r3-pilot,62fc2a11f58ff84c748cd8a90968846c022685dcbd0d5eb8e8c7f16ed15ad74d,1,1,290,178,False,False
r3-pilot,62fc2a11f58ff84c748cd8a90968846c022685dcbd0d5eb8e8c7f16ed15ad74d,1,1,291,178,False,False
r3-pilot,62fc2a11f58ff84c748cd8a90968846c022685dcbd0d5eb8e8c7f16ed15ad74d,1,1,292,178,False,False
r3-pilot,62fc2a11f58ff84c748cd8a90968846c022685dcbd0d5eb8e8c7f16ed15ad74d,1,1,293,178,False,False
r3-pilot,62fc2a11f58ff84c748cd8a90968846c022685dcbd0d5eb8e8c7f16ed15ad74d,1,1,294,178,False,False
r3-pilot,62fc2a11f58ff84c748cd8a90968846c022685dcbd0d5eb8e8c7f16ed15ad74d,1,1,295,178,False,False
r3-pilot,62fc2a11f58ff84c748cd8a90968846c022685dcbd0d5eb8e8c7f16ed15ad74d,1,1,296,178,False,False
r3-pilot,62fc2a11f58ff84c748cd8a90968846c022685dcbd0d5eb8e8c7f16ed15ad74d,1,1,297,178,False,False
r3-pilot,62fc2a11f58ff84c748cd8a90968846c022685dcbd0d5eb8e8c7f16ed15ad74d,1,1,298,178,False,False
r3-pilot,62fc2a11f58ff84c748cd8a90968846c022685dcbd0d5eb8e8c7f16ed15ad74d,1,1,299,178,False,False
r3-pilot,62fc2a11f58ff84c748cd8a90968846c022685dcbd0d5eb8e8c7f16ed15ad74d,1,1,300,178,False,False
r3-pilot,62fc2a11f58ff84c748cd8a90968846c022685dcbd0d5eb8e8c7f16ed15ad74d,1,1,301,178,False,False
r3-pilot,62fc2a11f58ff84c748cd8a90968846c022685dcbd0d5eb8e8c7f16ed15ad74d,1,1,302,178,False,False
r3-pilot,62fc2a11f58ff84c748cd8a90968846c022685dcbd0d5eb8e8c7f16ed15ad74d,1,1,303,178,False,False
r3-pilot,62fc2a11f58ff84c748cd8a90968846c022685dcbd0d5eb8e8c7f16ed15ad74d,1,1,304,178,False,False
r3-pilot,62fc2a11f58ff84c748cd8a90968846c022685dcbd0d5eb8e8c7f16ed15ad74d,1,1,305,178,False,False
r3-pilot,62fc2a11f58ff84c748cd8a90968846c022685dcbd0d5eb8e8c7f16ed15ad74d,1,1,306,178,False,False
r3-pilot,62fc2a11f58ff84c748cd8a90968846c022685dcbd0d5eb8e8c7f16ed15ad74d,1,1,307,178,False,False
r3-pilot,62fc2a11f58ff84c748cd8a90968846c022685dcbd0d5eb8e8c7f16ed15ad74d,1,1,308,178,False,False
r3-pilot,62fc2a11f58ff84c748cd8a90968846c022685dcbd0d5eb8e8c7f16ed15ad74d,1,1,309,178,False,False
r3-pilot,62fc2a11f58ff84c748cd8a90968846c022685dcbd0d5eb8e8c7f16ed15ad74d,1,1,310,178,False,False
r3-pilot,62fc2a11f58ff84c748cd8a90968846c022685dcbd0d5eb8e8c7f16ed15ad74d,1,1,311,178,False,False
r3-pilot,62fc2a11f58ff84c748cd8a90968846c022685dcbd0d5eb8e8c7f16ed15ad74d,1,1,312,178,False,False
r3-pilot,62fc2a11f58ff84c748cd8a90968846c022685dcbd0d5eb8e8c7f16ed15ad74d,1,1,313,178,False,False
r3-pilot,62fc2a11f58ff84c748cd8a90968846c022685dcbd0d5eb8e8c7f16ed15ad74d,1,1,314,178,False,False
r3-pilot,62fc2a11f58ff84c748cd8a90968846c022685dcbd0d5eb8e8c7f16ed15ad74d,1,1,315,178,False,False
r3-pilot,62fc2a11f58ff84c748cd8a90968846c022685dcbd0d5eb8e8c7f16ed15ad74d,1,1,316,178,False,False
r3-pilot,62fc2a11f58ff84c748cd8a90968846c022685dcbd0d5eb8e8c7f16ed15ad74d,1,1,317,178,False,False
r3-pilot,62fc2a11f58ff84c748cd8a90968846c022685dcbd0d5eb8e8c7f16ed15ad74d,1,1,318,178,False,False
r3-pilot,62fc2a11f58ff84c748cd8a90968846c022685dcbd0d5eb8e8c7f16ed15ad74d,1,1,319,178,False,False
r3-pilot,62fc2a11f58ff84c748cd8a90968846c022685dcbd0d5eb8e8c7f16ed15ad74d,1,1,320,178,False,False
r3-pilot,62fc2a11f58ff84c748cd8a90968846c022685dcbd0d5eb8e8c7f16ed15ad74d,1,1,321,178,False,False
r3-pilot,62fc2a11f58ff84c748cd8a90968846c022685dcbd0d5eb8e8c7f16ed15ad74d,1,1,322,178,False,False
r3-pilot,62fc2a11f58ff84c748cd8a90968846c022685dcbd0d5eb8e8c7f16ed15ad74d,1,1,323,178,False,False
r3-pilot,62fc2a11f58ff84c748cd8a90968846c022685dcbd0d5eb8e8c7f16ed15ad74d,1,1,324,178,False,False
r3-pilot,62fc2a11f58ff84c748cd8a90968846c022685dcbd0d5eb8e8c7f16ed15ad74d,1,1,325,178,False,False
r3-pilot,62fc2a11f58ff84c748cd8a90968846c022685dcbd0d5eb8e8c7f16ed15ad74d,1,1,326,178,False,False
r3-pilot,62fc2a11f58ff84c748cd8a90968846c022685dcbd0d5eb8e8c7f16ed15ad74d,1,1,327,178,False,False
r3-pilot,62fc2a11f58ff84c748cd8a90968846c022685dcbd0d5eb8e8c7f16ed15ad74d,1,1,328,178,False,False
r3-pilot,62fc2a11f58ff84c748cd8a90968846c022685dcbd0d5eb8e8c7f16ed15ad74d,1,1,329,178,False,False
r3-pilot,62fc2a11f58ff84c748cd8a90968846c022685dcbd0d5eb8e8c7f16ed15ad74d,1,1,330,178,False,False
r3-pilot,62fc2a11f58ff84c748cd8a90968846c022685dcbd0d5eb8e8c7f16ed15ad74d,1,1,331,178,False,False
r3-pilot,62fc2a11f58ff84c748cd8a90968846c022685dcbd0d5eb8e8c7f16ed15ad74d,1,1,332,178,False,False
r3-pilot,62fc2a11f58ff84c748cd8a90968846c022685dcbd0d5eb8e8c7f16ed15ad74d,1,1,333,178,False,False
r3-pilot,62fc2a11f58ff84c748cd8a90968846c022685dcbd0d5eb8e8c7f16ed15ad74d,1,1,334,178,False,False
r3-pilot,62fc2a11f58ff84c748cd8a90968846c022685dcbd0d5eb8e8c7f16ed15ad74d,1,1,335,178,False,False
r3-pilot,62fc2a11f58ff84c748cd8a90968846c022685dcbd0d5eb8e8c7f16ed15ad74d,1,1,336,178,False,False
r3-pilot,62fc2a11f58ff84c748cd8a90968846c022685dcbd0d5eb8e8c7f16ed15ad74d,1,1,337,178,False,False
r3-pilot,62fc2a11f58ff84c748cd8a90968846c022685dcbd0d5eb8e8c7f16ed15ad74d,1,1,338,178,False,False
r3-pilot,62fc2a11f58ff84c748cd8a90968846c022685dcbd0d5eb8e8c7f16ed15ad74d,1,1,339,178,False,False
r3-pilot,62fc2a11f58ff84c748cd8a90968846c022685dcbd0d5eb8e8c7f16ed15ad74d,1,1,340,178,False,False
r3-pilot,62fc2a11f58ff84c748cd8a90968846c022685dcbd0d5eb8e8c7f16ed15ad74d,1,1,341,178,False,False
r3-pilot,62fc2a11f58ff84c748cd8a90968846c022685dcbd0d5eb8e8c7f16ed15ad74d,1,1,342,178,False,False
r3-pilot,62fc2a11f58ff84c748cd8a90968846c022685dcbd0d5eb8e8c7f16ed15ad74d,1,1,343,178,False,False
r3-pilot,62fc2a11f58ff84c748cd8a90968846c022685dcbd0d5eb8e8c7f16ed15ad74d,1,1,344,178,False,False
r3-pilot,62fc2a11f58ff84c748cd8a90968846c022685dcbd0d5eb8e8c7f16ed15ad74d,1,1,345,178,False,False
r3-pilot,62fc2a11f58ff84c748cd8a90968846c022685dcbd0d5eb8e8c7f16ed15ad74d,1,1,346,178,False,False
r3-pilot,62fc2a11f58ff84c748cd8a90968846c022685dcbd0d5eb8e8c7f16ed15ad74d,1,1,347,178,False,False
r3-pilot,62fc2a11f58ff84c748cd8a90968846c022685dcbd0d5eb8e8c7f16ed15ad74d,1,1,348,178,False,False
r3-pilot,62fc2a11f58ff84c748cd8a90968846c022685dcbd0d5eb8e8c7f16ed15ad74d,1,1,349,178,False,False
r3-pilot,62fc2a11f58ff84c748cd8a90968846c022685dcbd0d5eb8e8c7f16ed15ad74d,1,1,350,178,False,False
r3-pilot,62fc2a11f58ff84c748cd8a90968846c022685dcbd0d5eb8e8c7f16ed15ad74d,1,1,351,178,False,False
r3-pilot,62fc2a11f58ff84c748cd8a90968846c022685dcbd0d5eb8e8c7f16ed15ad74d,1,1,352,178,False,False
r3-pilot,62fc2a11f58ff84c748cd8a90968846c022685dcbd0d5eb8e8c7f16ed15ad74d,1,1,353,178,False,False
r3-pilot,62fc2a11f58ff84c748cd8a90968846c022685dcbd0d5eb8e8c7f16ed15ad74d,1,1,354,178,False,False
r3-pilot,62fc2a11f58ff84c748cd8a90968846c022685dcbd0d5eb8e8c7f16ed15ad74d,1,1,355,178,False,False
r3-pilot,62fc2a11f58ff84c748cd8a90968846c022685dcbd0d5eb8e8c7f16ed15ad74d,1,1,356,178,False,False
r3-pilot,62fc2a11f58ff84c748cd8a90968846c022685dcbd0d5eb8e8c7f16ed15ad74d,1,1,357,178,False,False
r3-pilot,62fc2a11f58ff84c748cd8a90968846c022685dcbd0d5eb8e8c7f16ed15ad74d,1,1,358,178,False,False
r3-pilot,62fc2a11f58ff84c748cd8a90968846c022685dcbd0d5eb8e8c7f16ed15ad74d,1,1,359,178,False,False
r3-pilot,62fc2a11f58ff84c748cd8a90968846c022685dcbd0d5eb8e8c7f16ed15ad74d,1,1,360,178,False,False
r3-pilot,62fc2a11f58ff84c748cd8a90968846c022685dcbd0d5eb8e8c7f16ed15ad74d,1,1,361,178,False,False
r3-pilot,62fc2a11f58ff84c748cd8a90968846c022685dcbd0d5eb8e8c7f16ed15ad74d,1,1,362,178,False,False
r3-pilot,62fc2a11f58ff84c748cd8a90968846c022685dcbd0d5eb8e8c7f16ed15ad74d,1,1,363,178,False,False
r3-pilot,62fc2a11f58ff84c748cd8a90968846c022685dcbd0d5eb8e8c7f16ed15ad74d,1,1,364,178,False,False
r3-pilot,62fc2a11f58ff84c748cd8a90968846c022685dcbd0d5eb8e8c7f16ed15ad74d,1,1,365,178,False,False
r3-pilot,62fc2a11f58ff84c748cd8a90968846c022685dcbd0d5eb8e8c7f16ed15ad74d,1,1,366,178,False,False
r3-pilot,62fc2a11f58ff84c748cd8a90968846c022685dcbd0d5eb8e8c7f16ed15ad74d,1,1,367,178,False,False
r3-pilot,62fc2a11f58ff84c748cd8a90968846c022685dcbd0d5eb8e8c7f16ed15ad74d,1,1,368,178,False,False
r3-pilot,62fc2a11f58ff84c748cd8a90968846c022685dcbd0d5eb8e8c7f16ed15ad74d,1,1,286,179,False,True
r3-pilot,62fc2a11f58ff84c748cd8a90968846c022685dcbd0d5eb8e8c7f16ed15ad74d,1,1,287,179,False,False
r3-pilot,62fc2a11f58ff84c748cd8a90968846c022685dcbd0d5eb8e8c7f16ed15ad74d,1,1,288,179,False,False
r3-pilot,62fc2a11f58ff84c748cd8a90968846c022685dcbd0d5eb8e8c7f16ed15ad74d,1,1,289,179,False,False
r3-pilot,62fc2a11f58ff84c748cd8a90968846c022685dcbd0d5eb8e8c7f16ed15ad74d,1,1,290,179,False,False
r3-pilot,62fc2a11f58ff84c748cd8a90968846c022685dcbd0d5eb8e8c7f16ed15ad74d,1,1,291,179,False,False
r3-pilot,62fc2a11f58ff84c748cd8a90968846c022685dcbd0d5eb8e8c7f16ed15ad74d,1,1,292,179,False,False
r3-pilot,62fc2a11f58ff84c748cd8a90968846c022685dcbd0d5eb8e8c7f16ed15ad74d,1,1,293,179,False,False
r3-pilot,62fc2a11f58ff84c748cd8a90968846c022685dcbd0d5eb8e8c7f16ed15ad74d,1,1,294,179,False,False
r3-pilot,62fc2a11f58ff84c748cd8a90968846c022685dcbd0d5eb8e8c7f16ed15ad74d,1,1,295,179,False,False
r3-pilot,62fc2a11f58ff84c748cd8a90968846c022685dcbd0d5eb8e8c7f16ed15ad74d,1,1,296,179,False,False
r3-pilot,62fc2a11f58ff84c748cd8a90968846c022685dcbd0d5eb8e8c7f16ed15ad74d,1,1,297,179,False,False
r3-pilot,62fc2a11f58ff84c748cd8a90968846c022685dcbd0d5eb8e8c7f16ed15ad74d,1,1,298,179,False,False
r3-pilot,62fc2a11f58ff84c748cd8a90968846c022685dcbd0d5eb8e8c7f16ed15ad74d,1,1,299,179,False,False
r3-pilot,62fc2a11f58ff84c748cd8a90968846c022685dcbd0d5eb8e8c7f16ed15ad74d,1,1,300,179,False,False
r3-pilot,62fc2a11f58ff84c748cd8a90968846c022685dcbd0d5eb8e8c7f16ed15ad74d,1,1,301,179,False,False
r3-pilot,62fc2a11f58ff84c748cd8a90968846c022685dcbd0d5eb8e8c7f16ed15ad74d,1,1,302,179,False,False
r3-pilot,62fc2a11f58ff84c748cd8a90968846c022685dcbd0d5eb8e8c7f16ed15ad74d,1,1,303,179,False,False
r3-pilot,62fc2a11f58ff84c748cd8a90968846c022685dcbd0d5eb8e8c7f16ed15ad74d,1,1,304,179,False,False
r3-pilot,62fc2a11f58ff84c748cd8a90968846c022685dcbd0d5eb8e8c7f16ed15ad74d,1,1,305,179,False,False
r3-pilot,62fc2a11f58ff84c748cd8a90968846c022685dcbd0d5eb8e8c7f16ed15ad74d,1,1,306,179,False,False
r3-pilot,62fc2a11f58ff84c748cd8a90968846c022685dcbd0d5eb8e8c7f16ed15ad74d,1,1,307,179,False,False
r3-pilot,62fc2a11f58ff84c748cd8a90968846c022685dcbd0d5eb8e8c7f16ed15ad74d,1,1,308,179,False,False
r3-pilot,62fc2a11f58ff84c748cd8a90968846c022685dcbd0d5eb8e8c7f16ed15ad74d,1,1,309,179,False,False
r3-pilot,62fc2a11f58ff84c748cd8a90968846c022685dcbd0d5eb8e8c7f16ed15ad74d,1,1,310,179,False,False
r3-pilot,62fc2a11f58ff84c748cd8a90968846c022685dcbd0d5eb8e8c7f16ed15ad74d,1,1,311,179,False,False
r3-pilot,62fc2a11f58ff84c748cd8a90968846c022685dcbd0d5eb8e8c7f16ed15ad74d,1,1,312,179,False,False
r3-pilot,62fc2a11f58ff84c748cd8a90968846c022685dcbd0d5eb8e8c7f16ed15ad74d,1,1,313,179,False,False
r3-pilot,62fc2a11f58ff84c748cd8a90968846c022685dcbd0d5eb8e8c7f16ed15ad74d,1,1,314,179,False,False
r3-pilot,62fc2a11f58ff84c748cd8a90968846c022685dcbd0d5eb8e8c7f16ed15ad74d,1,1,315,179,False,False
r3-pilot,62fc2a11f58ff84c748cd8a90968846c022685dcbd0d5eb8e8c7f16ed15ad74d,1,1,316,179,False,False
r3-pilot,62fc2a11f58ff84c748cd8a90968846c022685dcbd0d5eb8e8c7f16ed15ad74d,1,1,317,179,False,False
r3-pilot,62fc2a11f58ff84c748cd8a90968846c022685dcbd0d5eb8e8c7f16ed15ad74d,1,1,318,179,False,False
r3-pilot,62fc2a11f58ff84c748cd8a90968846c022685dcbd0d5eb8e8c7f16ed15ad74d,1,1,319,179,False,False
r3-pilot,62fc2a11f58ff84c748cd8a90968846c022685dcbd0d5eb8e8c7f16ed15ad74d,1,1,320,179,False,False
r3-pilot,62fc2a11f58ff84c748cd8a90968846c022685dcbd0d5eb8e8c7f16ed15ad74d,1,1,321,179,False,False
r3-pilot,62fc2a11f58ff84c748cd8a90968846c022685dcbd0d5eb8e8c7f16ed15ad74d,1,1,322,179,False,False
r3-pilot,62fc2a11f58ff84c748cd8a90968846c022685dcbd0d5eb8e8c7f16ed15ad74d,1,1,323,179,False,False
r3-pilot,62fc2a11f58ff84c748cd8a90968846c022685dcbd0d5eb8e8c7f16ed15ad74d,1,1,324,179,False,False
r3-pilot,62fc2a11f58ff84c748cd8a90968846c022685dcbd0d5eb8e8c7f16ed15ad74d,1,1,325,179,False,False
r3-pilot,62fc2a11f58ff84c748cd8a90968846c022685dcbd0d5eb8e8c7f16ed15ad74d,1,1,326,179,False,False
r3-pilot,62fc2a11f58ff84c748cd8a90968846c022685dcbd0d5eb8e8c7f16ed15ad74d,1,1,327,179,False,False
r3-pilot,62fc2a11f58ff84c748cd8a90968846c022685dcbd0d5eb8e8c7f16ed15ad74d,1,1,328,179,False,False
r3-pilot,62fc2a11f58ff84c748cd8a90968846c022685dcbd0d5eb8e8c7f16ed15ad74d,1,1,329,179,False,False
r3-pilot,62fc2a11f58ff84c748cd8a90968846c022685dcbd0d5eb8e8c7f16ed15ad74d,1,1,330,179,False,False
r3-pilot,62fc2a11f58ff84c748cd8a90968846c022685dcbd0d5eb8e8c7f16ed15ad74d,1,1,331,179,False,False
r3-pilot,62fc2a11f58ff84c748cd8a90968846c022685dcbd0d5eb8e8c7f16ed15ad74d,1,1,332,179,False,False
r3-pilot,62fc2a11f58ff84c748cd8a90968846c022685dcbd0d5eb8e8c7f16ed15ad74d,1,1,333,179,False,False
r3-pilot,62fc2a11f58ff84c748cd8a90968846c022685dcbd0d5eb8e8c7f16ed15ad74d,1,1,334,179,False,False
r3-pilot,62fc2a11f58ff84c748cd8a90968846c022685dcbd0d5eb8e8c7f16ed15ad74d,1,1,335,179,False,False
r3-pilot,62fc2a11f58ff84c748cd8a90968846c022685dcbd0d5eb8e8c7f16ed15ad74d,1,1,336,179,False,False
r3-pilot,62fc2a11f58ff84c748cd8a90968846c022685dcbd0d5eb8e8c7f16ed15ad74d,1,1,337,179,False,False
r3-pilot,62fc2a11f58ff84c748cd8a90968846c022685dcbd0d5eb8e8c7f16ed15ad74d,1,1,338,179,False,False
r3-pilot,62fc2a11f58ff84c748cd8a90968846c022685dcbd0d5eb8e8c7f16ed15ad74d,1,1,339,179,False,False
r3-pilot,62fc2a11f58ff84c748cd8a90968846c022685dcbd0d5eb8e8c7f16ed15ad74d,1,1,340,179,False,False
r3-pilot,62fc2a11f58ff84c748cd8a90968846c022685dcbd0d5eb8e8c7f16ed15ad74d,1,1,341,179,False,False
r3-pilot,62fc2a11f58ff84c748cd8a90968846c022685dcbd0d5eb8e8c7f16ed15ad74d,1,1,342,179,False,False
r3-pilot,62fc2a11f58ff84c748cd8a90968846c022685dcbd0d5eb8e8c7f16ed15ad74d,1,1,343,179,False,False
r3-pilot,62fc2a11f58ff84c748cd8a90968846c022685dcbd0d5eb8e8c7f16ed15ad74d,1,1,344,179,False,False
r3-pilot,62fc2a11f58ff84c748cd8a90968846c022685dcbd0d5eb8e8c7f16ed15ad74d,1,1,345,179,False,False
r3-pilot,62fc2a11f58ff84c748cd8a90968846c022685dcbd0d5eb8e8c7f16ed15ad74d,1,1,346,179,False,False
r3-pilot,62fc2a11f58ff84c748cd8a90968846c022685dcbd0d5eb8e8c7f16ed15ad74d,1,1,347,179,False,False
r3-pilot,62fc2a11f58ff84c748cd8a90968846c022685dcbd0d5eb8e8c7f16ed15ad74d,1,1,348,179,False,False
r3-pilot,62fc2a11f58ff84c748cd8a90968846c022685dcbd0d5eb8e8c7f16ed15ad74d,1,1,349,179,False,False
r3-pilot,62fc2a11f58ff84c748cd8a90968846c022685dcbd0d5eb8e8c7f16ed15ad74d,1,1,350,179,False,False
r3-pilot,62fc2a11f58ff84c748cd8a90968846c022685dcbd0d5eb8e8c7f16ed15ad74d,1,1,351,179,False,False
r3-pilot,62fc2a11f58ff84c748cd8a90968846c022685dcbd0d5eb8e8c7f16ed15ad74d,1,1,352,179,False,False
r3-pilot,62fc2a11f58ff84c748cd8a90968846c022685dcbd0d5eb8e8c7f16ed15ad74d,1,1,353,179,False,False
r3-pilot,62fc2a11f58ff84c748cd8a90968846c022685dcbd0d5eb8e8c7f16ed15ad74d,1,1,354,179,False,False
r3-pilot,62fc2a11f58ff84c748cd8a90968846c022685dcbd0d5eb8e8c7f16ed15ad74d,1,1,355,179,False,False
r3-pilot,62fc2a11f58ff84c748cd8a90968846c022685dcbd0d5eb8e8c7f16ed15ad74d,1,1,356,179,False,False
r3-pilot,62fc2a11f58ff84c748cd8a90968846c022685dcbd0d5eb8e8c7f16ed15ad74d,1,1,357,179,False,False
r3-pilot,62fc2a11f58ff84c748cd8a90968846c022685dcbd0d5eb8e8c7f16ed15ad74d,1,1,358,179,False,False
r3-pilot,62fc2a11f58ff84c748cd8a90968846c022685dcbd0d5eb8e8c7f16ed15ad74d,1,1,359,179,False,False
r3-pilot,62fc2a11f58ff84c748cd8a90968846c022685dcbd0d5eb8e8c7f16ed15ad74d,1,1,360,179,False,False
r3-pilot,62fc2a11f58ff84c748cd8a90968846c022685dcbd0d5eb8e8c7f16ed15ad74d,1,1,361,179,False,False
r3-pilot,62fc2a11f58ff84c748cd8a90968846c022685dcbd0d5eb8e8c7f16ed15ad74d,1,1,362,179,False,False
r3-pilot,62fc2a11f58ff84c748cd8a90968846c022685dcbd0d5eb8e8c7f16ed15ad74d,1,1,363,179,False,False
r3-pilot,62fc2a11f58ff84c748cd8a90968846c022685dcbd0d5eb8e8c7f16ed15ad74d,1,1,364,179,False,False
r3-pilot,62fc2a11f58ff84c748cd8a90968846c022685dcbd0d5eb8e8c7f16ed15ad74d,1,1,365,179,False,False
r3-pilot,62fc2a11f58ff84c748cd8a90968846c022685dcbd0d5eb8e8c7f16ed15ad74d,1,1,366,179,False,False
r3-pilot,62fc2a11f58ff84c748cd8a90968846c022685dcbd0d5eb8e8c7f16ed15ad74d,1,1,367,179,False,False
r3-pilot,62fc2a11f58ff84c748cd8a90968846c022685dcbd0d5eb8e8c7f16ed15ad74d,1,1,368,179,False,False
r3-pilot,62fc2a11f58ff84c748cd8a90968846c022685dcbd0d5eb8e8c7f16ed15ad74d,1,1,369,179,False,False
r3-pilot,62fc2a11f58ff84c748cd8a90968846c022685dcbd0d5eb8e8c7f16ed15ad74d,1,1,286,180,False,True
r3-pilot,62fc2a11f58ff84c748cd8a90968846c022685dcbd0d5eb8e8c7f16ed15ad74d,1,1,287,180,False,False
r3-pilot,62fc2a11f58ff84c748cd8a90968846c022685dcbd0d5eb8e8c7f16ed15ad74d,1,1,288,180,False,False
r3-pilot,62fc2a11f58ff84c748cd8a90968846c022685dcbd0d5eb8e8c7f16ed15ad74d,1,1,289,180,False,False
r3-pilot,62fc2a11f58ff84c748cd8a90968846c022685dcbd0d5eb8e8c7f16ed15ad74d,1,1,290,180,False,False
r3-pilot,62fc2a11f58ff84c748cd8a90968846c022685dcbd0d5eb8e8c7f16ed15ad74d,1,1,291,180,False,False
r3-pilot,62fc2a11f58ff84c748cd8a90968846c022685dcbd0d5eb8e8c7f16ed15ad74d,1,1,292,180,False,False
r3-pilot,62fc2a11f58ff84c748cd8a90968846c022685dcbd0d5eb8e8c7f16ed15ad74d,1,1,293,180,False,False
r3-pilot,62fc2a11f58ff84c748cd8a90968846c022685dcbd0d5eb8e8c7f16ed15ad74d,1,1,294,180,False,False
r3-pilot,62fc2a11f58ff84c748cd8a90968846c022685dcbd0d5eb8e8c7f16ed15ad74d,1,1,295,180,False,False
r3-pilot,62fc2a11f58ff84c748cd8a90968846c022685dcbd0d5eb8e8c7f16ed15ad74d,1,1,296,180,False,False
r3-pilot,62fc2a11f58ff84c748cd8a90968846c022685dcbd0d5eb8e8c7f16ed15ad74d,1,1,297,180,False,False
r3-pilot,62fc2a11f58ff84c748cd8a90968846c022685dcbd0d5eb8e8c7f16ed15ad74d,1,1,298,180,False,False
r3-pilot,62fc2a11f58ff84c748cd8a90968846c022685dcbd0d5eb8e8c7f16ed15ad74d,1,1,299,180,False,False
r3-pilot,62fc2a11f58ff84c748cd8a90968846c022685dcbd0d5eb8e8c7f16ed15ad74d,1,1,300,180,False,False
r3-pilot,62fc2a11f58ff84c748cd8a90968846c022685dcbd0d5eb8e8c7f16ed15ad74d,1,1,301,180,False,False
r3-pilot,62fc2a11f58ff84c748cd8a90968846c022685dcbd0d5eb8e8c7f16ed15ad74d,1,1,302,180,False,False
r3-pilot,62fc2a11f58ff84c748cd8a90968846c022685dcbd0d5eb8e8c7f16ed15ad74d,1,1,303,180,False,False
r3-pilot,62fc2a11f58ff84c748cd8a90968846c022685dcbd0d5eb8e8c7f16ed15ad74d,1,1,304,180,False,False
r3-pilot,62fc2a11f58ff84c748cd8a90968846c022685dcbd0d5eb8e8c7f16ed15ad74d,1,1,305,180,False,False
r3-pilot,62fc2a11f58ff84c748cd8a90968846c022685dcbd0d5eb8e8c7f16ed15ad74d,1,1,306,180,False,False
r3-pilot,62fc2a11f58ff84c748cd8a90968846c022685dcbd0d5eb8e8c7f16ed15ad74d,1,1,307,180,False,False
r3-pilot,62fc2a11f58ff84c748cd8a90968846c022685dcbd0d5eb8e8c7f16ed15ad74d,1,1,308,180,False,False
r3-pilot,62fc2a11f58ff84c748cd8a90968846c022685dcbd0d5eb8e8c7f16ed15ad74d,1,1,309,180,False,False
r3-pilot,62fc2a11f58ff84c748cd8a90968846c022685dcbd0d5eb8e8c7f16ed15ad74d,1,1,310,180,False,False
r3-pilot,62fc2a11f58ff84c748cd8a90968846c022685dcbd0d5eb8e8c7f16ed15ad74d,1,1,311,180,False,False
r3-pilot,62fc2a11f58ff84c748cd8a90968846c022685dcbd0d5eb8e8c7f16ed15ad74d,1,1,312,180,False,False
r3-pilot,62fc2a11f58ff84c748cd8a90968846c022685dcbd0d5eb8e8c7f16ed15ad74d,1,1,313,180,False,False
r3-pilot,62fc2a11f58ff84c748cd8a90968846c022685dcbd0d5eb8e8c7f16ed15ad74d,1,1,314,180,False,False
r3-pilot,62fc2a11f58ff84c748cd8a90968846c022685dcbd0d5eb8e8c7f16ed15ad74d,1,1,315,180,False,False
r3-pilot,62fc2a11f58ff84c748cd8a90968846c022685dcbd0d5eb8e8c7f16ed15ad74d,1,1,316,180,False,False
r3-pilot,62fc2a11f58ff84c748cd8a90968846c022685dcbd0d5eb8e8c7f16ed15ad74d,1,1,317,180,False,False
r3-pilot,62fc2a11f58ff84c748cd8a90968846c022685dcbd0d5eb8e8c7f16ed15ad74d,1,1,318,180,False,False
r3-pilot,62fc2a11f58ff84c748cd8a90968846c022685dcbd0d5eb8e8c7f16ed15ad74d,1,1,319,180,False,False
r3-pilot,62fc2a11f58ff84c748cd8a90968846c022685dcbd0d5eb8e8c7f16ed15ad74d,1,1,320,180,False,False
r3-pilot,62fc2a11f58ff84c748cd8a90968846c022685dcbd0d5eb8e8c7f16ed15ad74d,1,1,321,180,False,False
r3-pilot,62fc2a11f58ff84c748cd8a90968846c022685dcbd0d5eb8e8c7f16ed15ad74d,1,1,322,180,False,False
r3-pilot,62fc2a11f58ff84c748cd8a90968846c022685dcbd0d5eb8e8c7f16ed15ad74d,1,1,323,180,False,False
r3-pilot,62fc2a11f58ff84c748cd8a90968846c022685dcbd0d5eb8e8c7f16ed15ad74d,1,1,324,180,False,False
r3-pilot,62fc2a11f58ff84c748cd8a90968846c022685dcbd0d5eb8e8c7f16ed15ad74d,1,1,325,180,False,False
r3-pilot,62fc2a11f58ff84c748cd8a90968846c022685dcbd0d5eb8e8c7f16ed15ad74d,1,1,326,180,False,False
r3-pilot,62fc2a11f58ff84c748cd8a90968846c022685dcbd0d5eb8e8c7f16ed15ad74d,1,1,327,180,False,False
r3-pilot,62fc2a11f58ff84c748cd8a90968846c022685dcbd0d5eb8e8c7f16ed15ad74d,1,1,328,180,False,False
r3-pilot,62fc2a11f58ff84c748cd8a90968846c022685dcbd0d5eb8e8c7f16ed15ad74d,1,1,329,180,False,False
r3-pilot,62fc2a11f58ff84c748cd8a90968846c022685dcbd0d5eb8e8c7f16ed15ad74d,1,1,330,180,False,False
r3-pilot,62fc2a11f58ff84c748cd8a90968846c022685dcbd0d5eb8e8c7f16ed15ad74d,1,1,331,180,False,False
r3-pilot,62fc2a11f58ff84c748cd8a90968846c022685dcbd0d5eb8e8c7f16ed15ad74d,1,1,332,180,False,False
r3-pilot,62fc2a11f58ff84c748cd8a90968846c022685dcbd0d5eb8e8c7f16ed15ad74d,1,1,333,180,False,False
r3-pilot,62fc2a11f58ff84c748cd8a90968846c022685dcbd0d5eb8e8c7f16ed15ad74d,1,1,334,180,False,False
r3-pilot,62fc2a11f58ff84c748cd8a90968846c022685dcbd0d5eb8e8c7f16ed15ad74d,1,1,335,180,False,False
r3-pilot,62fc2a11f58ff84c748cd8a90968846c022685dcbd0d5eb8e8c7f16ed15ad74d,1,1,336,180,False,False
r3-pilot,62fc2a11f58ff84c748cd8a90968846c022685dcbd0d5eb8e8c7f16ed15ad74d,1,1,337,180,False,False
r3-pilot,62fc2a11f58ff84c748cd8a90968846c022685dcbd0d5eb8e8c7f16ed15ad74d,1,1,338,180,False,False
r3-pilot,62fc2a11f58ff84c748cd8a90968846c022685dcbd0d5eb8e8c7f16ed15ad74d,1,1,339,180,False,False
r3-pilot,62fc2a11f58ff84c748cd8a90968846c022685dcbd0d5eb8e8c7f16ed15ad74d,1,1,340,180,False,False
r3-pilot,62fc2a11f58ff84c748cd8a90968846c022685dcbd0d5eb8e8c7f16ed15ad74d,1,1,341,180,False,False
r3-pilot,62fc2a11f58ff84c748cd8a90968846c022685dcbd0d5eb8e8c7f16ed15ad74d,1,1,342,180,False,False
r3-pilot,62fc2a11f58ff84c748cd8a90968846c022685dcbd0d5eb8e8c7f16ed15ad74d,1,1,343,180,False,False
r3-pilot,62fc2a11f58ff84c748cd8a90968846c022685dcbd0d5eb8e8c7f16ed15ad74d,1,1,344,180,False,False
r3-pilot,62fc2a11f58ff84c748cd8a90968846c022685dcbd0d5eb8e8c7f16ed15ad74d,1,1,345,180,False,False
r3-pilot,62fc2a11f58ff84c748cd8a90968846c022685dcbd0d5eb8e8c7f16ed15ad74d,1,1,346,180,False,False
r3-pilot,62fc2a11f58ff84c748cd8a90968846c022685dcbd0d5eb8e8c7f16ed15ad74d,1,1,347,180,False,False
r3-pilot,62fc2a11f58ff84c748cd8a90968846c022685dcbd0d5eb8e8c7f16ed15ad74d,1,1,348,180,False,False
r3-pilot,62fc2a11f58ff84c748cd8a90968846c022685dcbd0d5eb8e8c7f16ed15ad74d,1,1,349,180,False,False
r3-pilot,62fc2a11f58ff84c748cd8a90968846c022685dcbd0d5eb8e8c7f16ed15ad74d,1,1,350,180,False,False
r3-pilot,62fc2a11f58ff84c748cd8a90968846c022685dcbd0d5eb8e8c7f16ed15ad74d,1,1,351,180,False,False
r3-pilot,62fc2a11f58ff84c748cd8a90968846c022685dcbd0d5eb8e8c7f16ed15ad74d,1,1,352,180,False,False
r3-pilot,62fc2a11f58ff84c748cd8a90968846c022685dcbd0d5eb8e8c7f16ed15ad74d,1,1,353,180,False,False
r3-pilot,62fc2a11f58ff84c748cd8a90968846c022685dcbd0d5eb8e8c7f16ed15ad74d,1,1,354,180,False,False
r3-pilot,62fc2a11f58ff84c748cd8a90968846c022685dcbd0d5eb8e8c7f16ed15ad74d,1,1,355,180,False,False
r3-pilot,62fc2a11f58ff84c748cd8a90968846c022685dcbd0d5eb8e8c7f16ed15ad74d,1,1,356,180,False,False
r3-pilot,62fc2a11f58ff84c748cd8a90968846c022685dcbd0d5eb8e8c7f16ed15ad74d,1,1,357,180,False,False
r3-pilot,62fc2a11f58ff84c748cd8a90968846c022685dcbd0d5eb8e8c7f16ed15ad74d,1,1,358,180,False,False
r3-pilot,62fc2a11f58ff84c748cd8a90968846c022685dcbd0d5eb8e8c7f16ed15ad74d,1,1,359,180,False,False
r3-pilot,62fc2a11f58ff84c748cd8a90968846c022685dcbd0d5eb8e8c7f16ed15ad74d,1,1,360,180,False,False
r3-pilot,62fc2a11f58ff84c748cd8a90968846c022685dcbd0d5eb8e8c7f16ed15ad74d,1,1,361,180,False,False
r3-pilot,62fc2a11f58ff84c748cd8a90968846c022685dcbd0d5eb8e8c7f16ed15ad74d,1,1,362,180,False,False
r3-pilot,62fc2a11f58ff84c748cd8a90968846c022685dcbd0d5eb8e8c7f16ed15ad74d,1,1,363,180,False,False
r3-pilot,62fc2a11f58ff84c748cd8a90968846c022685dcbd0d5eb8e8c7f16ed15ad74d,1,1,364,180,False,False
r3-pilot,62fc2a11f58ff84c748cd8a90968846c022685dcbd0d5eb8e8c7f16ed15ad74d,1,1,365,180,False,False
r3-pilot,62fc2a11f58ff84c748cd8a90968846c022685dcbd0d5eb8e8c7f16ed15ad74d,1,1,366,180,False,False
r3-pilot,62fc2a11f58ff84c748cd8a90968846c022685dcbd0d5eb8e8c7f16ed15ad74d,1,1,367,180,False,False
r3-pilot,62fc2a11f58ff84c748cd8a90968846c022685dcbd0d5eb8e8c7f16ed15ad74d,1,1,368,180,False,False
r3-pilot,62fc2a11f58ff84c748cd8a90968846c022685dcbd0d5eb8e8c7f16ed15ad74d,1,1,286,181,False,True
r3-pilot,62fc2a11f58ff84c748cd8a90968846c022685dcbd0d5eb8e8c7f16ed15ad74d,1,1,287,181,False,False
r3-pilot,62fc2a11f58ff84c748cd8a90968846c022685dcbd0d5eb8e8c7f16ed15ad74d,1,1,288,181,False,False
r3-pilot,62fc2a11f58ff84c748cd8a90968846c022685dcbd0d5eb8e8c7f16ed15ad74d,1,1,289,181,False,False
r3-pilot,62fc2a11f58ff84c748cd8a90968846c022685dcbd0d5eb8e8c7f16ed15ad74d,1,1,290,181,False,False
r3-pilot,62fc2a11f58ff84c748cd8a90968846c022685dcbd0d5eb8e8c7f16ed15ad74d,1,1,291,181,False,False
r3-pilot,62fc2a11f58ff84c748cd8a90968846c022685dcbd0d5eb8e8c7f16ed15ad74d,1,1,292,181,False,False
r3-pilot,62fc2a11f58ff84c748cd8a90968846c022685dcbd0d5eb8e8c7f16ed15ad74d,1,1,293,181,False,False
r3-pilot,62fc2a11f58ff84c748cd8a90968846c022685dcbd0d5eb8e8c7f16ed15ad74d,1,1,294,181,False,False
r3-pilot,62fc2a11f58ff84c748cd8a90968846c022685dcbd0d5eb8e8c7f16ed15ad74d,1,1,295,181,False,False
r3-pilot,62fc2a11f58ff84c748cd8a90968846c022685dcbd0d5eb8e8c7f16ed15ad74d,1,1,296,181,False,False
r3-pilot,62fc2a11f58ff84c748cd8a90968846c022685dcbd0d5eb8e8c7f16ed15ad74d,1,1,297,181,False,False
r3-pilot,62fc2a11f58ff84c748cd8a90968846c022685dcbd0d5eb8e8c7f16ed15ad74d,1,1,298,181,False,False
r3-pilot,62fc2a11f58ff84c748cd8a90968846c022685dcbd0d5eb8e8c7f16ed15ad74d,1,1,299,181,False,False
r3-pilot,62fc2a11f58ff84c748cd8a90968846c022685dcbd0d5eb8e8c7f16ed15ad74d,1,1,300,181,False,False
r3-pilot,62fc2a11f58ff84c748cd8a90968846c022685dcbd0d5eb8e8c7f16ed15ad74d,1,1,301,181,False,False
r3-pilot,62fc2a11f58ff84c748cd8a90968846c022685dcbd0d5eb8e8c7f16ed15ad74d,1,1,302,181,False,False
r3-pilot,62fc2a11f58ff84c748cd8a90968846c022685dcbd0d5eb8e8c7f16ed15ad74d,1,1,303,181,False,False
r3-pilot,62fc2a11f58ff84c748cd8a90968846c022685dcbd0d5eb8e8c7f16ed15ad74d,1,1,304,181,False,False
r3-pilot,62fc2a11f58ff84c748cd8a90968846c022685dcbd0d5eb8e8c7f16ed15ad74d,1,1,305,181,False,False
r3-pilot,62fc2a11f58ff84c748cd8a90968846c022685dcbd0d5eb8e8c7f16ed15ad74d,1,1,306,181,False,False
r3-pilot,62fc2a11f58ff84c748cd8a90968846c022685dcbd0d5eb8e8c7f16ed15ad74d,1,1,308,181,False,False
r3-pilot,62fc2a11f58ff84c748cd8a90968846c022685dcbd0d5eb8e8c7f16ed15ad74d,1,1,309,181,False,False
r3-pilot,62fc2a11f58ff84c748cd8a90968846c022685dcbd0d5eb8e8c7f16ed15ad74d,1,1,310,181,False,False
r3-pilot,62fc2a11f58ff84c748cd8a90968846c022685dcbd0d5eb8e8c7f16ed15ad74d,1,1,311,181,False,False
r3-pilot,62fc2a11f58ff84c748cd8a90968846c022685dcbd0d5eb8e8c7f16ed15ad74d,1,1,312,181,False,False
r3-pilot,62fc2a11f58ff84c748cd8a90968846c022685dcbd0d5eb8e8c7f16ed15ad74d,1,1,313,181,False,False
r3-pilot,62fc2a11f58ff84c748cd8a90968846c022685dcbd0d5eb8e8c7f16ed15ad74d,1,1,314,181,False,False
r3-pilot,62fc2a11f58ff84c748cd8a90968846c022685dcbd0d5eb8e8c7f16ed15ad74d,1,1,315,181,False,False
r3-pilot,62fc2a11f58ff84c748cd8a90968846c022685dcbd0d5eb8e8c7f16ed15ad74d,1,1,316,181,False,False
r3-pilot,62fc2a11f58ff84c748cd8a90968846c022685dcbd0d5eb8e8c7f16ed15ad74d,1,1,317,181,False,False
r3-pilot,62fc2a11f58ff84c748cd8a90968846c022685dcbd0d5eb8e8c7f16ed15ad74d,1,1,318,181,False,False
r3-pilot,62fc2a11f58ff84c748cd8a90968846c022685dcbd0d5eb8e8c7f16ed15ad74d,1,1,319,181,False,False
r3-pilot,62fc2a11f58ff84c748cd8a90968846c022685dcbd0d5eb8e8c7f16ed15ad74d,1,1,320,181,False,False
r3-pilot,62fc2a11f58ff84c748cd8a90968846c022685dcbd0d5eb8e8c7f16ed15ad74d,1,1,321,181,False,False
r3-pilot,62fc2a11f58ff84c748cd8a90968846c022685dcbd0d5eb8e8c7f16ed15ad74d,1,1,322,181,False,False
r3-pilot,62fc2a11f58ff84c748cd8a90968846c022685dcbd0d5eb8e8c7f16ed15ad74d,1,1,323,181,False,False
r3-pilot,62fc2a11f58ff84c748cd8a90968846c022685dcbd0d5eb8e8c7f16ed15ad74d,1,1,324,181,False,False
r3-pilot,62fc2a11f58ff84c748cd8a90968846c022685dcbd0d5eb8e8c7f16ed15ad74d,1,1,325,181,False,False
r3-pilot,62fc2a11f58ff84c748cd8a90968846c022685dcbd0d5eb8e8c7f16ed15ad74d,1,1,326,181,False,False
r3-pilot,62fc2a11f58ff84c748cd8a90968846c022685dcbd0d5eb8e8c7f16ed15ad74d,1,1,327,181,False,False
r3-pilot,62fc2a11f58ff84c748cd8a90968846c022685dcbd0d5eb8e8c7f16ed15ad74d,1,1,328,181,False,False
r3-pilot,62fc2a11f58ff84c748cd8a90968846c022685dcbd0d5eb8e8c7f16ed15ad74d,1,1,329,181,False,False
r3-pilot,62fc2a11f58ff84c748cd8a90968846c022685dcbd0d5eb8e8c7f16ed15ad74d,1,1,330,181,False,False
r3-pilot,62fc2a11f58ff84c748cd8a90968846c022685dcbd0d5eb8e8c7f16ed15ad74d,1,1,331,181,False,False
r3-pilot,62fc2a11f58ff84c748cd8a90968846c022685dcbd0d5eb8e8c7f16ed15ad74d,1,1,332,181,False,False
r3-pilot,62fc2a11f58ff84c748cd8a90968846c022685dcbd0d5eb8e8c7f16ed15ad74d,1,1,333,181,False,False
r3-pilot,62fc2a11f58ff84c748cd8a90968846c022685dcbd0d5eb8e8c7f16ed15ad74d,1,1,334,181,False,False
r3-pilot,62fc2a11f58ff84c748cd8a90968846c022685dcbd0d5eb8e8c7f16ed15ad74d,1,1,335,181,False,False
r3-pilot,62fc2a11f58ff84c748cd8a90968846c022685dcbd0d5eb8e8c7f16ed15ad74d,1,1,336,181,False,False
r3-pilot,62fc2a11f58ff84c748cd8a90968846c022685dcbd0d5eb8e8c7f16ed15ad74d,1,1,337,181,False,False
r3-pilot,62fc2a11f58ff84c748cd8a90968846c022685dcbd0d5eb8e8c7f16ed15ad74d,1,1,338,181,False,False
r3-pilot,62fc2a11f58ff84c748cd8a90968846c022685dcbd0d5eb8e8c7f16ed15ad74d,1,1,339,181,False,False
r3-pilot,62fc2a11f58ff84c748cd8a90968846c022685dcbd0d5eb8e8c7f16ed15ad74d,1,1,340,181,False,False
r3-pilot,62fc2a11f58ff84c748cd8a90968846c022685dcbd0d5eb8e8c7f16ed15ad74d,1,1,341,181,False,False
r3-pilot,62fc2a11f58ff84c748cd8a90968846c022685dcbd0d5eb8e8c7f16ed15ad74d,1,1,342,181,False,False
r3-pilot,62fc2a11f58ff84c748cd8a90968846c022685dcbd0d5eb8e8c7f16ed15ad74d,1,1,343,181,False,False
r3-pilot,62fc2a11f58ff84c748cd8a90968846c022685dcbd0d5eb8e8c7f16ed15ad74d,1,1,344,181,False,False
r3-pilot,62fc2a11f58ff84c748cd8a90968846c022685dcbd0d5eb8e8c7f16ed15ad74d,1,1,345,181,False,False
r3-pilot,62fc2a11f58ff84c748cd8a90968846c022685dcbd0d5eb8e8c7f16ed15ad74d,1,1,346,181,False,False
r3-pilot,62fc2a11f58ff84c748cd8a90968846c022685dcbd0d5eb8e8c7f16ed15ad74d,1,1,347,181,False,False
r3-pilot,62fc2a11f58ff84c748cd8a90968846c022685dcbd0d5eb8e8c7f16ed15ad74d,1,1,348,181,False,False
r3-pilot,62fc2a11f58ff84c748cd8a90968846c022685dcbd0d5eb8e8c7f16ed15ad74d,1,1,349,181,False,False
r3-pilot,62fc2a11f58ff84c748cd8a90968846c022685dcbd0d5eb8e8c7f16ed15ad74d,1,1,350,181,False,False
r3-pilot,62fc2a11f58ff84c748cd8a90968846c022685dcbd0d5eb8e8c7f16ed15ad74d,1,1,351,181,False,False
r3-pilot,62fc2a11f58ff84c748cd8a90968846c022685dcbd0d5eb8e8c7f16ed15ad74d,1,1,352,181,False,False
r3-pilot,62fc2a11f58ff84c748cd8a90968846c022685dcbd0d5eb8e8c7f16ed15ad74d,1,1,353,181,False,False
r3-pilot,62fc2a11f58ff84c748cd8a90968846c022685dcbd0d5eb8e8c7f16ed15ad74d,1,1,354,181,False,False
r3-pilot,62fc2a11f58ff84c748cd8a90968846c022685dcbd0d5eb8e8c7f16ed15ad74d,1,1,355,181,False,False
r3-pilot,62fc2a11f58ff84c748cd8a90968846c022685dcbd0d5eb8e8c7f16ed15ad74d,1,1,358,181,False,False
r3-pilot,62fc2a11f58ff84c748cd8a90968846c022685dcbd0d5eb8e8c7f16ed15ad74d,1,1,359,181,False,False
r3-pilot,62fc2a11f58ff84c748cd8a90968846c022685dcbd0d5eb8e8c7f16ed15ad74d,1,1,360,181,False,False
r3-pilot,62fc2a11f58ff84c748cd8a90968846c022685dcbd0d5eb8e8c7f16ed15ad74d,1,1,361,181,False,False
r3-pilot,62fc2a11f58ff84c748cd8a90968846c022685dcbd0d5eb8e8c7f16ed15ad74d,1,1,362,181,False,False
r3-pilot,62fc2a11f58ff84c748cd8a90968846c022685dcbd0d5eb8e8c7f16ed15ad74d,1,1,363,181,False,False
r3-pilot,62fc2a11f58ff84c748cd8a90968846c022685dcbd0d5eb8e8c7f16ed15ad74d,1,1,364,181,False,False
r3-pilot,62fc2a11f58ff84c748cd8a90968846c022685dcbd0d5eb8e8c7f16ed15ad74d,1,1,365,181,False,False
r3-pilot,62fc2a11f58ff84c748cd8a90968846c022685dcbd0d5eb8e8c7f16ed15ad74d,1,1,366,181,False,False
r3-pilot,62fc2a11f58ff84c748cd8a90968846c022685dcbd0d5eb8e8c7f16ed15ad74d,1,1,367,181,False,False
r3-pilot,62fc2a11f58ff84c748cd8a90968846c022685dcbd0d5eb8e8c7f16ed15ad74d,1,1,368,181,False,False
r3-pilot,62fc2a11f58ff84c748cd8a90968846c022685dcbd0d5eb8e8c7f16ed15ad74d,1,1,369,181,False,False
r3-pilot,62fc2a11f58ff84c748cd8a90968846c022685dcbd0d5eb8e8c7f16ed15ad74d,1,1,286,182,False,True
r3-pilot,62fc2a11f58ff84c748cd8a90968846c022685dcbd0d5eb8e8c7f16ed15ad74d,1,1,287,182,False,False
r3-pilot,62fc2a11f58ff84c748cd8a90968846c022685dcbd0d5eb8e8c7f16ed15ad74d,1,1,288,182,False,False
r3-pilot,62fc2a11f58ff84c748cd8a90968846c022685dcbd0d5eb8e8c7f16ed15ad74d,1,1,289,182,False,False
r3-pilot,62fc2a11f58ff84c748cd8a90968846c022685dcbd0d5eb8e8c7f16ed15ad74d,1,1,290,182,False,False
r3-pilot,62fc2a11f58ff84c748cd8a90968846c022685dcbd0d5eb8e8c7f16ed15ad74d,1,1,291,182,False,False
r3-pilot,62fc2a11f58ff84c748cd8a90968846c022685dcbd0d5eb8e8c7f16ed15ad74d,1,1,292,182,False,False
r3-pilot,62fc2a11f58ff84c748cd8a90968846c022685dcbd0d5eb8e8c7f16ed15ad74d,1,1,293,182,False,False
r3-pilot,62fc2a11f58ff84c748cd8a90968846c022685dcbd0d5eb8e8c7f16ed15ad74d,1,1,294,182,False,False
r3-pilot,62fc2a11f58ff84c748cd8a90968846c022685dcbd0d5eb8e8c7f16ed15ad74d,1,1,295,182,False,False
r3-pilot,62fc2a11f58ff84c748cd8a90968846c022685dcbd0d5eb8e8c7f16ed15ad74d,1,1,296,182,False,False
r3-pilot,62fc2a11f58ff84c748cd8a90968846c022685dcbd0d5eb8e8c7f16ed15ad74d,1,1,297,182,False,False
r3-pilot,62fc2a11f58ff84c748cd8a90968846c022685dcbd0d5eb8e8c7f16ed15ad74d,1,1,298,182,False,False
r3-pilot,62fc2a11f58ff84c748cd8a90968846c022685dcbd0d5eb8e8c7f16ed15ad74d,1,1,299,182,False,False
r3-pilot,62fc2a11f58ff84c748cd8a90968846c022685dcbd0d5eb8e8c7f16ed15ad74d,1,1,300,182,False,False
r3-pilot,62fc2a11f58ff84c748cd8a90968846c022685dcbd0d5eb8e8c7f16ed15ad74d,1,1,301,182,False,False
r3-pilot,62fc2a11f58ff84c748cd8a90968846c022685dcbd0d5eb8e8c7f16ed15ad74d,1,1,302,182,False,False
r3-pilot,62fc2a11f58ff84c748cd8a90968846c022685dcbd0d5eb8e8c7f16ed15ad74d,1,1,303,182,False,False
r3-pilot,62fc2a11f58ff84c748cd8a90968846c022685dcbd0d5eb8e8c7f16ed15ad74d,1,1,304,182,False,False
r3-pilot,62fc2a11f58ff84c748cd8a90968846c022685dcbd0d5eb8e8c7f16ed15ad74d,1,1,305,182,False,False
r3-pilot,62fc2a11f58ff84c748cd8a90968846c022685dcbd0d5eb8e8c7f16ed15ad74d,1,1,306,182,False,False
r3-pilot,62fc2a11f58ff84c748cd8a90968846c022685dcbd0d5eb8e8c7f16ed15ad74d,1,1,307,182,False,False
r3-pilot,62fc2a11f58ff84c748cd8a90968846c022685dcbd0d5eb8e8c7f16ed15ad74d,1,1,308,182,False,False
r3-pilot,62fc2a11f58ff84c748cd8a90968846c022685dcbd0d5eb8e8c7f16ed15ad74d,1,1,309,182,False,False
r3-pilot,62fc2a11f58ff84c748cd8a90968846c022685dcbd0d5eb8e8c7f16ed15ad74d,1,1,310,182,False,False
r3-pilot,62fc2a11f58ff84c748cd8a90968846c022685dcbd0d5eb8e8c7f16ed15ad74d,1,1,311,182,False,False
r3-pilot,62fc2a11f58ff84c748cd8a90968846c022685dcbd0d5eb8e8c7f16ed15ad74d,1,1,312,182,False,False
r3-pilot,62fc2a11f58ff84c748cd8a90968846c022685dcbd0d5eb8e8c7f16ed15ad74d,1,1,313,182,False,False
r3-pilot,62fc2a11f58ff84c748cd8a90968846c022685dcbd0d5eb8e8c7f16ed15ad74d,1,1,314,182,False,False
r3-pilot,62fc2a11f58ff84c748cd8a90968846c022685dcbd0d5eb8e8c7f16ed15ad74d,1,1,315,182,False,False
r3-pilot,62fc2a11f58ff84c748cd8a90968846c022685dcbd0d5eb8e8c7f16ed15ad74d,1,1,316,182,False,False
r3-pilot,62fc2a11f58ff84c748cd8a90968846c022685dcbd0d5eb8e8c7f16ed15ad74d,1,1,317,182,False,False
r3-pilot,62fc2a11f58ff84c748cd8a90968846c022685dcbd0d5eb8e8c7f16ed15ad74d,1,1,318,182,False,False
r3-pilot,62fc2a11f58ff84c748cd8a90968846c022685dcbd0d5eb8e8c7f16ed15ad74d,1,1,319,182,False,False
r3-pilot,62fc2a11f58ff84c748cd8a90968846c022685dcbd0d5eb8e8c7f16ed15ad74d,1,1,320,182,False,False
r3-pilot,62fc2a11f58ff84c748cd8a90968846c022685dcbd0d5eb8e8c7f16ed15ad74d,1,1,321,182,False,False
r3-pilot,62fc2a11f58ff84c748cd8a90968846c022685dcbd0d5eb8e8c7f16ed15ad74d,1,1,322,182,False,False
r3-pilot,62fc2a11f58ff84c748cd8a90968846c022685dcbd0d5eb8e8c7f16ed15ad74d,1,1,323,182,False,False
r3-pilot,62fc2a11f58ff84c748cd8a90968846c022685dcbd0d5eb8e8c7f16ed15ad74d,1,1,324,182,False,False
r3-pilot,62fc2a11f58ff84c748cd8a90968846c022685dcbd0d5eb8e8c7f16ed15ad74d,1,1,325,182,False,False
r3-pilot,62fc2a11f58ff84c748cd8a90968846c022685dcbd0d5eb8e8c7f16ed15ad74d,1,1,326,182,False,False
r3-pilot,62fc2a11f58ff84c748cd8a90968846c022685dcbd0d5eb8e8c7f16ed15ad74d,1,1,327,182,False,False
r3-pilot,62fc2a11f58ff84c748cd8a90968846c022685dcbd0d5eb8e8c7f16ed15ad74d,1,1,328,182,False,False
r3-pilot,62fc2a11f58ff84c748cd8a90968846c022685dcbd0d5eb8e8c7f16ed15ad74d,1,1,329,182,False,False
r3-pilot,62fc2a11f58ff84c748cd8a90968846c022685dcbd0d5eb8e8c7f16ed15ad74d,1,1,330,182,False,False
r3-pilot,62fc2a11f58ff84c748cd8a90968846c022685dcbd0d5eb8e8c7f16ed15ad74d,1,1,331,182,False,False
r3-pilot,62fc2a11f58ff84c748cd8a90968846c022685dcbd0d5eb8e8c7f16ed15ad74d,1,1,332,182,False,False
r3-pilot,62fc2a11f58ff84c748cd8a90968846c022685dcbd0d5eb8e8c7f16ed15ad74d,1,1,333,182,False,False
r3-pilot,62fc2a11f58ff84c748cd8a90968846c022685dcbd0d5eb8e8c7f16ed15ad74d,1,1,334,182,False,False
r3-pilot,62fc2a11f58ff84c748cd8a90968846c022685dcbd0d5eb8e8c7f16ed15ad74d,1,1,335,182,False,False
r3-pilot,62fc2a11f58ff84c748cd8a90968846c022685dcbd0d5eb8e8c7f16ed15ad74d,1,1,336,182,False,False
r3-pilot,62fc2a11f58ff84c748cd8a90968846c022685dcbd0d5eb8e8c7f16ed15ad74d,1,1,337,182,False,False
r3-pilot,62fc2a11f58ff84c748cd8a90968846c022685dcbd0d5eb8e8c7f16ed15ad74d,1,1,338,182,False,False
r3-pilot,62fc2a11f58ff84c748cd8a90968846c022685dcbd0d5eb8e8c7f16ed15ad74d,1,1,339,182,False,False
r3-pilot,62fc2a11f58ff84c748cd8a90968846c022685dcbd0d5eb8e8c7f16ed15ad74d,1,1,340,182,False,False
r3-pilot,62fc2a11f58ff84c748cd8a90968846c022685dcbd0d5eb8e8c7f16ed15ad74d,1,1,341,182,False,False
r3-pilot,62fc2a11f58ff84c748cd8a90968846c022685dcbd0d5eb8e8c7f16ed15ad74d,1,1,342,182,False,False
r3-pilot,62fc2a11f58ff84c748cd8a90968846c022685dcbd0d5eb8e8c7f16ed15ad74d,1,1,343,182,False,False
r3-pilot,62fc2a11f58ff84c748cd8a90968846c022685dcbd0d5eb8e8c7f16ed15ad74d,1,1,344,182,False,False
r3-pilot,62fc2a11f58ff84c748cd8a90968846c022685dcbd0d5eb8e8c7f16ed15ad74d,1,1,345,182,False,False
r3-pilot,62fc2a11f58ff84c748cd8a90968846c022685dcbd0d5eb8e8c7f16ed15ad74d,1,1,346,182,False,False
r3-pilot,62fc2a11f58ff84c748cd8a90968846c022685dcbd0d5eb8e8c7f16ed15ad74d,1,1,347,182,False,False
r3-pilot,62fc2a11f58ff84c748cd8a90968846c022685dcbd0d5eb8e8c7f16ed15ad74d,1,1,348,182,False,False
r3-pilot,62fc2a11f58ff84c748cd8a90968846c022685dcbd0d5eb8e8c7f16ed15ad74d,1,1,349,182,False,False
r3-pilot,62fc2a11f58ff84c748cd8a90968846c022685dcbd0d5eb8e8c7f16ed15ad74d,1,1,350,182,False,False
r3-pilot,62fc2a11f58ff84c748cd8a90968846c022685dcbd0d5eb8e8c7f16ed15ad74d,1,1,351,182,False,False
r3-pilot,62fc2a11f58ff84c748cd8a90968846c022685dcbd0d5eb8e8c7f16ed15ad74d,1,1,352,182,False,False
r3-pilot,62fc2a11f58ff84c748cd8a90968846c022685dcbd0d5eb8e8c7f16ed15ad74d,1,1,353,182,False,False
r3-pilot,62fc2a11f58ff84c748cd8a90968846c022685dcbd0d5eb8e8c7f16ed15ad74d,1,1,354,182,False,False
r3-pilot,62fc2a11f58ff84c748cd8a90968846c022685dcbd0d5eb8e8c7f16ed15ad74d,1,1,355,182,False,False
r3-pilot,62fc2a11f58ff84c748cd8a90968846c022685dcbd0d5eb8e8c7f16ed15ad74d,1,1,356,182,False,False
r3-pilot,62fc2a11f58ff84c748cd8a90968846c022685dcbd0d5eb8e8c7f16ed15ad74d,1,1,357,182,False,False
r3-pilot,62fc2a11f58ff84c748cd8a90968846c022685dcbd0d5eb8e8c7f16ed15ad74d,1,1,358,182,False,False
r3-pilot,62fc2a11f58ff84c748cd8a90968846c022685dcbd0d5eb8e8c7f16ed15ad74d,1,1,359,182,False,False
r3-pilot,62fc2a11f58ff84c748cd8a90968846c022685dcbd0d5eb8e8c7f16ed15ad74d,1,1,360,182,False,False
r3-pilot,62fc2a11f58ff84c748cd8a90968846c022685dcbd0d5eb8e8c7f16ed15ad74d,1,1,362,182,False,False
r3-pilot,62fc2a11f58ff84c748cd8a90968846c022685dcbd0d5eb8e8c7f16ed15ad74d,1,1,363,182,False,False
r3-pilot,62fc2a11f58ff84c748cd8a90968846c022685dcbd0d5eb8e8c7f16ed15ad74d,1,1,364,182,False,False
r3-pilot,62fc2a11f58ff84c748cd8a90968846c022685dcbd0d5eb8e8c7f16ed15ad74d,1,1,365,182,False,False
r3-pilot,62fc2a11f58ff84c748cd8a90968846c022685dcbd0d5eb8e8c7f16ed15ad74d,1,1,366,182,False,False
r3-pilot,62fc2a11f58ff84c748cd8a90968846c022685dcbd0d5eb8e8c7f16ed15ad74d,1,1,367,182,False,False
r3-pilot,62fc2a11f58ff84c748cd8a90968846c022685dcbd0d5eb8e8c7f16ed15ad74d,1,1,286,183,False,True
r3-pilot,62fc2a11f58ff84c748cd8a90968846c022685dcbd0d5eb8e8c7f16ed15ad74d,1,1,287,183,False,False
r3-pilot,62fc2a11f58ff84c748cd8a90968846c022685dcbd0d5eb8e8c7f16ed15ad74d,1,1,288,183,False,False
r3-pilot,62fc2a11f58ff84c748cd8a90968846c022685dcbd0d5eb8e8c7f16ed15ad74d,1,1,289,183,False,False
r3-pilot,62fc2a11f58ff84c748cd8a90968846c022685dcbd0d5eb8e8c7f16ed15ad74d,1,1,290,183,False,False
r3-pilot,62fc2a11f58ff84c748cd8a90968846c022685dcbd0d5eb8e8c7f16ed15ad74d,1,1,291,183,False,False
r3-pilot,62fc2a11f58ff84c748cd8a90968846c022685dcbd0d5eb8e8c7f16ed15ad74d,1,1,292,183,False,False
r3-pilot,62fc2a11f58ff84c748cd8a90968846c022685dcbd0d5eb8e8c7f16ed15ad74d,1,1,293,183,False,False
r3-pilot,62fc2a11f58ff84c748cd8a90968846c022685dcbd0d5eb8e8c7f16ed15ad74d,1,1,294,183,False,False
r3-pilot,62fc2a11f58ff84c748cd8a90968846c022685dcbd0d5eb8e8c7f16ed15ad74d,1,1,295,183,False,False
r3-pilot,62fc2a11f58ff84c748cd8a90968846c022685dcbd0d5eb8e8c7f16ed15ad74d,1,1,296,183,False,False
r3-pilot,62fc2a11f58ff84c748cd8a90968846c022685dcbd0d5eb8e8c7f16ed15ad74d,1,1,297,183,False,False
r3-pilot,62fc2a11f58ff84c748cd8a90968846c022685dcbd0d5eb8e8c7f16ed15ad74d,1,1,298,183,False,False
r3-pilot,62fc2a11f58ff84c748cd8a90968846c022685dcbd0d5eb8e8c7f16ed15ad74d,1,1,299,183,False,False
r3-pilot,62fc2a11f58ff84c748cd8a90968846c022685dcbd0d5eb8e8c7f16ed15ad74d,1,1,300,183,False,False
r3-pilot,62fc2a11f58ff84c748cd8a90968846c022685dcbd0d5eb8e8c7f16ed15ad74d,1,1,301,183,False,False
r3-pilot,62fc2a11f58ff84c748cd8a90968846c022685dcbd0d5eb8e8c7f16ed15ad74d,1,1,302,183,False,False
r3-pilot,62fc2a11f58ff84c748cd8a90968846c022685dcbd0d5eb8e8c7f16ed15ad74d,1,1,303,183,False,False
r3-pilot,62fc2a11f58ff84c748cd8a90968846c022685dcbd0d5eb8e8c7f16ed15ad74d,1,1,304,183,False,False
r3-pilot,62fc2a11f58ff84c748cd8a90968846c022685dcbd0d5eb8e8c7f16ed15ad74d,1,1,305,183,False,False
r3-pilot,62fc2a11f58ff84c748cd8a90968846c022685dcbd0d5eb8e8c7f16ed15ad74d,1,1,306,183,False,False
r3-pilot,62fc2a11f58ff84c748cd8a90968846c022685dcbd0d5eb8e8c7f16ed15ad74d,1,1,307,183,False,False
r3-pilot,62fc2a11f58ff84c748cd8a90968846c022685dcbd0d5eb8e8c7f16ed15ad74d,1,1,308,183,False,False
r3-pilot,62fc2a11f58ff84c748cd8a90968846c022685dcbd0d5eb8e8c7f16ed15ad74d,1,1,309,183,False,False
r3-pilot,62fc2a11f58ff84c748cd8a90968846c022685dcbd0d5eb8e8c7f16ed15ad74d,1,1,310,183,False,False
r3-pilot,62fc2a11f58ff84c748cd8a90968846c022685dcbd0d5eb8e8c7f16ed15ad74d,1,1,311,183,False,False
r3-pilot,62fc2a11f58ff84c748cd8a90968846c022685dcbd0d5eb8e8c7f16ed15ad74d,1,1,312,183,False,False
r3-pilot,62fc2a11f58ff84c748cd8a90968846c022685dcbd0d5eb8e8c7f16ed15ad74d,1,1,313,183,False,False
r3-pilot,62fc2a11f58ff84c748cd8a90968846c022685dcbd0d5eb8e8c7f16ed15ad74d,1,1,314,183,False,False
r3-pilot,62fc2a11f58ff84c748cd8a90968846c022685dcbd0d5eb8e8c7f16ed15ad74d,1,1,315,183,False,False
r3-pilot,62fc2a11f58ff84c748cd8a90968846c022685dcbd0d5eb8e8c7f16ed15ad74d,1,1,316,183,False,False
r3-pilot,62fc2a11f58ff84c748cd8a90968846c022685dcbd0d5eb8e8c7f16ed15ad74d,1,1,317,183,False,False
r3-pilot,62fc2a11f58ff84c748cd8a90968846c022685dcbd0d5eb8e8c7f16ed15ad74d,1,1,318,183,False,False
r3-pilot,62fc2a11f58ff84c748cd8a90968846c022685dcbd0d5eb8e8c7f16ed15ad74d,1,1,319,183,False,False
r3-pilot,62fc2a11f58ff84c748cd8a90968846c022685dcbd0d5eb8e8c7f16ed15ad74d,1,1,320,183,False,False
r3-pilot,62fc2a11f58ff84c748cd8a90968846c022685dcbd0d5eb8e8c7f16ed15ad74d,1,1,321,183,False,False
r3-pilot,62fc2a11f58ff84c748cd8a90968846c022685dcbd0d5eb8e8c7f16ed15ad74d,1,1,322,183,False,False
r3-pilot,62fc2a11f58ff84c748cd8a90968846c022685dcbd0d5eb8e8c7f16ed15ad74d,1,1,323,183,False,False
r3-pilot,62fc2a11f58ff84c748cd8a90968846c022685dcbd0d5eb8e8c7f16ed15ad74d,1,1,324,183,False,False
r3-pilot,62fc2a11f58ff84c748cd8a90968846c022685dcbd0d5eb8e8c7f16ed15ad74d,1,1,325,183,False,False
r3-pilot,62fc2a11f58ff84c748cd8a90968846c022685dcbd0d5eb8e8c7f16ed15ad74d,1,1,326,183,False,False
r3-pilot,62fc2a11f58ff84c748cd8a90968846c022685dcbd0d5eb8e8c7f16ed15ad74d,1,1,327,183,False,False
r3-pilot,62fc2a11f58ff84c748cd8a90968846c022685dcbd0d5eb8e8c7f16ed15ad74d,1,1,328,183,False,False
r3-pilot,62fc2a11f58ff84c748cd8a90968846c022685dcbd0d5eb8e8c7f16ed15ad74d,1,1,329,183,False,False
r3-pilot,62fc2a11f58ff84c748cd8a90968846c022685dcbd0d5eb8e8c7f16ed15ad74d,1,1,330,183,False,False
r3-pilot,62fc2a11f58ff84c748cd8a90968846c022685dcbd0d5eb8e8c7f16ed15ad74d,1,1,331,183,False,False
r3-pilot,62fc2a11f58ff84c748cd8a90968846c022685dcbd0d5eb8e8c7f16ed15ad74d,1,1,332,183,False,False
r3-pilot,62fc2a11f58ff84c748cd8a90968846c022685dcbd0d5eb8e8c7f16ed15ad74d,1,1,333,183,False,False
r3-pilot,62fc2a11f58ff84c748cd8a90968846c022685dcbd0d5eb8e8c7f16ed15ad74d,1,1,334,183,False,False
r3-pilot,62fc2a11f58ff84c748cd8a90968846c022685dcbd0d5eb8e8c7f16ed15ad74d,1,1,335,183,False,False
r3-pilot,62fc2a11f58ff84c748cd8a90968846c022685dcbd0d5eb8e8c7f16ed15ad74d,1,1,336,183,False,False
r3-pilot,62fc2a11f58ff84c748cd8a90968846c022685dcbd0d5eb8e8c7f16ed15ad74d,1,1,337,183,False,False
r3-pilot,62fc2a11f58ff84c748cd8a90968846c022685dcbd0d5eb8e8c7f16ed15ad74d,1,1,338,183,False,False
r3-pilot,62fc2a11f58ff84c748cd8a90968846c022685dcbd0d5eb8e8c7f16ed15ad74d,1,1,339,183,False,False
r3-pilot,62fc2a11f58ff84c748cd8a90968846c022685dcbd0d5eb8e8c7f16ed15ad74d,1,1,340,183,False,False
r3-pilot,62fc2a11f58ff84c748cd8a90968846c022685dcbd0d5eb8e8c7f16ed15ad74d,1,1,341,183,False,False
r3-pilot,62fc2a11f58ff84c748cd8a90968846c022685dcbd0d5eb8e8c7f16ed15ad74d,1,1,342,183,False,False
r3-pilot,62fc2a11f58ff84c748cd8a90968846c022685dcbd0d5eb8e8c7f16ed15ad74d,1,1,343,183,False,False
r3-pilot,62fc2a11f58ff84c748cd8a90968846c022685dcbd0d5eb8e8c7f16ed15ad74d,1,1,344,183,False,False
r3-pilot,62fc2a11f58ff84c748cd8a90968846c022685dcbd0d5eb8e8c7f16ed15ad74d,1,1,345,183,False,False
r3-pilot,62fc2a11f58ff84c748cd8a90968846c022685dcbd0d5eb8e8c7f16ed15ad74d,1,1,346,183,False,False
r3-pilot,62fc2a11f58ff84c748cd8a90968846c022685dcbd0d5eb8e8c7f16ed15ad74d,1,1,347,183,False,False
r3-pilot,62fc2a11f58ff84c748cd8a90968846c022685dcbd0d5eb8e8c7f16ed15ad74d,1,1,348,183,False,False
r3-pilot,62fc2a11f58ff84c748cd8a90968846c022685dcbd0d5eb8e8c7f16ed15ad74d,1,1,349,183,False,False
r3-pilot,62fc2a11f58ff84c748cd8a90968846c022685dcbd0d5eb8e8c7f16ed15ad74d,1,1,350,183,False,False
r3-pilot,62fc2a11f58ff84c748cd8a90968846c022685dcbd0d5eb8e8c7f16ed15ad74d,1,1,351,183,False,False
r3-pilot,62fc2a11f58ff84c748cd8a90968846c022685dcbd0d5eb8e8c7f16ed15ad74d,1,1,352,183,False,False
r3-pilot,62fc2a11f58ff84c748cd8a90968846c022685dcbd0d5eb8e8c7f16ed15ad74d,1,1,353,183,False,False
r3-pilot,62fc2a11f58ff84c748cd8a90968846c022685dcbd0d5eb8e8c7f16ed15ad74d,1,1,354,183,False,False
r3-pilot,62fc2a11f58ff84c748cd8a90968846c022685dcbd0d5eb8e8c7f16ed15ad74d,1,1,355,183,False,False
r3-pilot,62fc2a11f58ff84c748cd8a90968846c022685dcbd0d5eb8e8c7f16ed15ad74d,1,1,356,183,False,False
r3-pilot,62fc2a11f58ff84c748cd8a90968846c022685dcbd0d5eb8e8c7f16ed15ad74d,1,1,357,183,False,False
r3-pilot,62fc2a11f58ff84c748cd8a90968846c022685dcbd0d5eb8e8c7f16ed15ad74d,1,1,358,183,False,False
r3-pilot,62fc2a11f58ff84c748cd8a90968846c022685dcbd0d5eb8e8c7f16ed15ad74d,1,1,359,183,False,False
r3-pilot,62fc2a11f58ff84c748cd8a90968846c022685dcbd0d5eb8e8c7f16ed15ad74d,1,1,360,183,False,False
r3-pilot,62fc2a11f58ff84c748cd8a90968846c022685dcbd0d5eb8e8c7f16ed15ad74d,1,1,361,183,False,False
r3-pilot,62fc2a11f58ff84c748cd8a90968846c022685dcbd0d5eb8e8c7f16ed15ad74d,1,1,362,183,False,False
r3-pilot,62fc2a11f58ff84c748cd8a90968846c022685dcbd0d5eb8e8c7f16ed15ad74d,1,1,363,183,False,False
r3-pilot,62fc2a11f58ff84c748cd8a90968846c022685dcbd0d5eb8e8c7f16ed15ad74d,1,1,364,183,False,False
r3-pilot,62fc2a11f58ff84c748cd8a90968846c022685dcbd0d5eb8e8c7f16ed15ad74d,1,1,365,183,False,False
r3-pilot,62fc2a11f58ff84c748cd8a90968846c022685dcbd0d5eb8e8c7f16ed15ad74d,1,1,366,183,False,False
r3-pilot,62fc2a11f58ff84c748cd8a90968846c022685dcbd0d5eb8e8c7f16ed15ad74d,1,1,367,183,False,False
r3-pilot,62fc2a11f58ff84c748cd8a90968846c022685dcbd0d5eb8e8c7f16ed15ad74d,1,1,368,183,False,False
r3-pilot,62fc2a11f58ff84c748cd8a90968846c022685dcbd0d5eb8e8c7f16ed15ad74d,1,1,286,184,False,True
r3-pilot,62fc2a11f58ff84c748cd8a90968846c022685dcbd0d5eb8e8c7f16ed15ad74d,1,1,287,184,False,False
r3-pilot,62fc2a11f58ff84c748cd8a90968846c022685dcbd0d5eb8e8c7f16ed15ad74d,1,1,288,184,False,False
r3-pilot,62fc2a11f58ff84c748cd8a90968846c022685dcbd0d5eb8e8c7f16ed15ad74d,1,1,289,184,False,False
r3-pilot,62fc2a11f58ff84c748cd8a90968846c022685dcbd0d5eb8e8c7f16ed15ad74d,1,1,290,184,False,False
r3-pilot,62fc2a11f58ff84c748cd8a90968846c022685dcbd0d5eb8e8c7f16ed15ad74d,1,1,291,184,False,False
r3-pilot,62fc2a11f58ff84c748cd8a90968846c022685dcbd0d5eb8e8c7f16ed15ad74d,1,1,292,184,False,False
r3-pilot,62fc2a11f58ff84c748cd8a90968846c022685dcbd0d5eb8e8c7f16ed15ad74d,1,1,293,184,False,False
r3-pilot,62fc2a11f58ff84c748cd8a90968846c022685dcbd0d5eb8e8c7f16ed15ad74d,1,1,294,184,False,False
r3-pilot,62fc2a11f58ff84c748cd8a90968846c022685dcbd0d5eb8e8c7f16ed15ad74d,1,1,295,184,False,False
r3-pilot,62fc2a11f58ff84c748cd8a90968846c022685dcbd0d5eb8e8c7f16ed15ad74d,1,1,296,184,False,False
r3-pilot,62fc2a11f58ff84c748cd8a90968846c022685dcbd0d5eb8e8c7f16ed15ad74d,1,1,297,184,False,False
r3-pilot,62fc2a11f58ff84c748cd8a90968846c022685dcbd0d5eb8e8c7f16ed15ad74d,1,1,298,184,False,False
r3-pilot,62fc2a11f58ff84c748cd8a90968846c022685dcbd0d5eb8e8c7f16ed15ad74d,1,1,299,184,False,False
r3-pilot,62fc2a11f58ff84c748cd8a90968846c022685dcbd0d5eb8e8c7f16ed15ad74d,1,1,300,184,False,False
r3-pilot,62fc2a11f58ff84c748cd8a90968846c022685dcbd0d5eb8e8c7f16ed15ad74d,1,1,301,184,False,False
r3-pilot,62fc2a11f58ff84c748cd8a90968846c022685dcbd0d5eb8e8c7f16ed15ad74d,1,1,302,184,False,False
r3-pilot,62fc2a11f58ff84c748cd8a90968846c022685dcbd0d5eb8e8c7f16ed15ad74d,1,1,303,184,False,False
r3-pilot,62fc2a11f58ff84c748cd8a90968846c022685dcbd0d5eb8e8c7f16ed15ad74d,1,1,304,184,False,False
r3-pilot,62fc2a11f58ff84c748cd8a90968846c022685dcbd0d5eb8e8c7f16ed15ad74d,1,1,305,184,False,False
r3-pilot,62fc2a11f58ff84c748cd8a90968846c022685dcbd0d5eb8e8c7f16ed15ad74d,1,1,306,184,False,False
r3-pilot,62fc2a11f58ff84c748cd8a90968846c022685dcbd0d5eb8e8c7f16ed15ad74d,1,1,307,184,False,False
r3-pilot,62fc2a11f58ff84c748cd8a90968846c022685dcbd0d5eb8e8c7f16ed15ad74d,1,1,308,184,False,False
r3-pilot,62fc2a11f58ff84c748cd8a90968846c022685dcbd0d5eb8e8c7f16ed15ad74d,1,1,309,184,False,False
r3-pilot,62fc2a11f58ff84c748cd8a90968846c022685dcbd0d5eb8e8c7f16ed15ad74d,1,1,310,184,False,False
r3-pilot,62fc2a11f58ff84c748cd8a90968846c022685dcbd0d5eb8e8c7f16ed15ad74d,1,1,311,184,False,False
r3-pilot,62fc2a11f58ff84c748cd8a90968846c022685dcbd0d5eb8e8c7f16ed15ad74d,1,1,312,184,False,False
r3-pilot,62fc2a11f58ff84c748cd8a90968846c022685dcbd0d5eb8e8c7f16ed15ad74d,1,1,313,184,False,False
r3-pilot,62fc2a11f58ff84c748cd8a90968846c022685dcbd0d5eb8e8c7f16ed15ad74d,1,1,314,184,False,False
r3-pilot,62fc2a11f58ff84c748cd8a90968846c022685dcbd0d5eb8e8c7f16ed15ad74d,1,1,315,184,False,False
r3-pilot,62fc2a11f58ff84c748cd8a90968846c022685dcbd0d5eb8e8c7f16ed15ad74d,1,1,316,184,False,False
r3-pilot,62fc2a11f58ff84c748cd8a90968846c022685dcbd0d5eb8e8c7f16ed15ad74d,1,1,317,184,False,False
r3-pilot,62fc2a11f58ff84c748cd8a90968846c022685dcbd0d5eb8e8c7f16ed15ad74d,1,1,318,184,False,False
r3-pilot,62fc2a11f58ff84c748cd8a90968846c022685dcbd0d5eb8e8c7f16ed15ad74d,1,1,319,184,False,False
r3-pilot,62fc2a11f58ff84c748cd8a90968846c022685dcbd0d5eb8e8c7f16ed15ad74d,1,1,320,184,False,False
r3-pilot,62fc2a11f58ff84c748cd8a90968846c022685dcbd0d5eb8e8c7f16ed15ad74d,1,1,321,184,False,False
r3-pilot,62fc2a11f58ff84c748cd8a90968846c022685dcbd0d5eb8e8c7f16ed15ad74d,1,1,322,184,False,False
r3-pilot,62fc2a11f58ff84c748cd8a90968846c022685dcbd0d5eb8e8c7f16ed15ad74d,1,1,323,184,False,False
r3-pilot,62fc2a11f58ff84c748cd8a90968846c022685dcbd0d5eb8e8c7f16ed15ad74d,1,1,324,184,False,False
r3-pilot,62fc2a11f58ff84c748cd8a90968846c022685dcbd0d5eb8e8c7f16ed15ad74d,1,1,325,184,False,False
r3-pilot,62fc2a11f58ff84c748cd8a90968846c022685dcbd0d5eb8e8c7f16ed15ad74d,1,1,326,184,False,False
r3-pilot,62fc2a11f58ff84c748cd8a90968846c022685dcbd0d5eb8e8c7f16ed15ad74d,1,1,327,184,False,False
r3-pilot,62fc2a11f58ff84c748cd8a90968846c022685dcbd0d5eb8e8c7f16ed15ad74d,1,1,328,184,False,False
r3-pilot,62fc2a11f58ff84c748cd8a90968846c022685dcbd0d5eb8e8c7f16ed15ad74d,1,1,329,184,False,False
r3-pilot,62fc2a11f58ff84c748cd8a90968846c022685dcbd0d5eb8e8c7f16ed15ad74d,1,1,330,184,False,False
r3-pilot,62fc2a11f58ff84c748cd8a90968846c022685dcbd0d5eb8e8c7f16ed15ad74d,1,1,331,184,False,False
r3-pilot,62fc2a11f58ff84c748cd8a90968846c022685dcbd0d5eb8e8c7f16ed15ad74d,1,1,332,184,False,False
r3-pilot,62fc2a11f58ff84c748cd8a90968846c022685dcbd0d5eb8e8c7f16ed15ad74d,1,1,333,184,False,False
r3-pilot,62fc2a11f58ff84c748cd8a90968846c022685dcbd0d5eb8e8c7f16ed15ad74d,1,1,334,184,False,False
r3-pilot,62fc2a11f58ff84c748cd8a90968846c022685dcbd0d5eb8e8c7f16ed15ad74d,1,1,335,184,False,False
r3-pilot,62fc2a11f58ff84c748cd8a90968846c022685dcbd0d5eb8e8c7f16ed15ad74d,1,1,336,184,False,False
r3-pilot,62fc2a11f58ff84c748cd8a90968846c022685dcbd0d5eb8e8c7f16ed15ad74d,1,1,337,184,False,False
r3-pilot,62fc2a11f58ff84c748cd8a90968846c022685dcbd0d5eb8e8c7f16ed15ad74d,1,1,338,184,False,False
r3-pilot,62fc2a11f58ff84c748cd8a90968846c022685dcbd0d5eb8e8c7f16ed15ad74d,1,1,339,184,False,False
r3-pilot,62fc2a11f58ff84c748cd8a90968846c022685dcbd0d5eb8e8c7f16ed15ad74d,1,1,340,184,False,False
r3-pilot,62fc2a11f58ff84c748cd8a90968846c022685dcbd0d5eb8e8c7f16ed15ad74d,1,1,341,184,False,False
r3-pilot,62fc2a11f58ff84c748cd8a90968846c022685dcbd0d5eb8e8c7f16ed15ad74d,1,1,342,184,False,False
r3-pilot,62fc2a11f58ff84c748cd8a90968846c022685dcbd0d5eb8e8c7f16ed15ad74d,1,1,343,184,False,False
r3-pilot,62fc2a11f58ff84c748cd8a90968846c022685dcbd0d5eb8e8c7f16ed15ad74d,1,1,344,184,False,False
r3-pilot,62fc2a11f58ff84c748cd8a90968846c022685dcbd0d5eb8e8c7f16ed15ad74d,1,1,345,184,False,False
r3-pilot,62fc2a11f58ff84c748cd8a90968846c022685dcbd0d5eb8e8c7f16ed15ad74d,1,1,346,184,False,False
r3-pilot,62fc2a11f58ff84c748cd8a90968846c022685dcbd0d5eb8e8c7f16ed15ad74d,1,1,347,184,False,False
r3-pilot,62fc2a11f58ff84c748cd8a90968846c022685dcbd0d5eb8e8c7f16ed15ad74d,1,1,348,184,False,False
r3-pilot,62fc2a11f58ff84c748cd8a90968846c022685dcbd0d5eb8e8c7f16ed15ad74d,1,1,349,184,False,False
r3-pilot,62fc2a11f58ff84c748cd8a90968846c022685dcbd0d5eb8e8c7f16ed15ad74d,1,1,350,184,False,False
r3-pilot,62fc2a11f58ff84c748cd8a90968846c022685dcbd0d5eb8e8c7f16ed15ad74d,1,1,351,184,False,False
r3-pilot,62fc2a11f58ff84c748cd8a90968846c022685dcbd0d5eb8e8c7f16ed15ad74d,1,1,352,184,False,False
r3-pilot,62fc2a11f58ff84c748cd8a90968846c022685dcbd0d5eb8e8c7f16ed15ad74d,1,1,353,184,False,False
r3-pilot,62fc2a11f58ff84c748cd8a90968846c022685dcbd0d5eb8e8c7f16ed15ad74d,1,1,354,184,False,False
r3-pilot,62fc2a11f58ff84c748cd8a90968846c022685dcbd0d5eb8e8c7f16ed15ad74d,1,1,355,184,False,False
r3-pilot,62fc2a11f58ff84c748cd8a90968846c022685dcbd0d5eb8e8c7f16ed15ad74d,1,1,356,184,False,False
r3-pilot,62fc2a11f58ff84c748cd8a90968846c022685dcbd0d5eb8e8c7f16ed15ad74d,1,1,357,184,False,False
r3-pilot,62fc2a11f58ff84c748cd8a90968846c022685dcbd0d5eb8e8c7f16ed15ad74d,1,1,358,184,False,False
r3-pilot,62fc2a11f58ff84c748cd8a90968846c022685dcbd0d5eb8e8c7f16ed15ad74d,1,1,359,184,False,False
r3-pilot,62fc2a11f58ff84c748cd8a90968846c022685dcbd0d5eb8e8c7f16ed15ad74d,1,1,360,184,False,False
r3-pilot,62fc2a11f58ff84c748cd8a90968846c022685dcbd0d5eb8e8c7f16ed15ad74d,1,1,361,184,False,False
r3-pilot,62fc2a11f58ff84c748cd8a90968846c022685dcbd0d5eb8e8c7f16ed15ad74d,1,1,362,184,False,False
r3-pilot,62fc2a11f58ff84c748cd8a90968846c022685dcbd0d5eb8e8c7f16ed15ad74d,1,1,363,184,False,False
r3-pilot,62fc2a11f58ff84c748cd8a90968846c022685dcbd0d5eb8e8c7f16ed15ad74d,1,1,364,184,False,False
r3-pilot,62fc2a11f58ff84c748cd8a90968846c022685dcbd0d5eb8e8c7f16ed15ad74d,1,1,365,184,False,False
r3-pilot,62fc2a11f58ff84c748cd8a90968846c022685dcbd0d5eb8e8c7f16ed15ad74d,1,1,366,184,False,False
r3-pilot,62fc2a11f58ff84c748cd8a90968846c022685dcbd0d5eb8e8c7f16ed15ad74d,1,1,367,184,False,False
r3-pilot,62fc2a11f58ff84c748cd8a90968846c022685dcbd0d5eb8e8c7f16ed15ad74d,1,1,286,185,False,True
r3-pilot,62fc2a11f58ff84c748cd8a90968846c022685dcbd0d5eb8e8c7f16ed15ad74d,1,1,287,185,False,False
r3-pilot,62fc2a11f58ff84c748cd8a90968846c022685dcbd0d5eb8e8c7f16ed15ad74d,1,1,288,185,False,False
r3-pilot,62fc2a11f58ff84c748cd8a90968846c022685dcbd0d5eb8e8c7f16ed15ad74d,1,1,289,185,False,False
r3-pilot,62fc2a11f58ff84c748cd8a90968846c022685dcbd0d5eb8e8c7f16ed15ad74d,1,1,290,185,False,False
r3-pilot,62fc2a11f58ff84c748cd8a90968846c022685dcbd0d5eb8e8c7f16ed15ad74d,1,1,291,185,False,False
r3-pilot,62fc2a11f58ff84c748cd8a90968846c022685dcbd0d5eb8e8c7f16ed15ad74d,1,1,292,185,False,False
r3-pilot,62fc2a11f58ff84c748cd8a90968846c022685dcbd0d5eb8e8c7f16ed15ad74d,1,1,293,185,False,False
r3-pilot,62fc2a11f58ff84c748cd8a90968846c022685dcbd0d5eb8e8c7f16ed15ad74d,1,1,294,185,False,False
r3-pilot,62fc2a11f58ff84c748cd8a90968846c022685dcbd0d5eb8e8c7f16ed15ad74d,1,1,295,185,False,False
r3-pilot,62fc2a11f58ff84c748cd8a90968846c022685dcbd0d5eb8e8c7f16ed15ad74d,1,1,296,185,False,False
r3-pilot,62fc2a11f58ff84c748cd8a90968846c022685dcbd0d5eb8e8c7f16ed15ad74d,1,1,297,185,False,False
r3-pilot,62fc2a11f58ff84c748cd8a90968846c022685dcbd0d5eb8e8c7f16ed15ad74d,1,1,298,185,False,False
r3-pilot,62fc2a11f58ff84c748cd8a90968846c022685dcbd0d5eb8e8c7f16ed15ad74d,1,1,299,185,False,False
r3-pilot,62fc2a11f58ff84c748cd8a90968846c022685dcbd0d5eb8e8c7f16ed15ad74d,1,1,300,185,False,False
r3-pilot,62fc2a11f58ff84c748cd8a90968846c022685dcbd0d5eb8e8c7f16ed15ad74d,1,1,301,185,False,False
r3-pilot,62fc2a11f58ff84c748cd8a90968846c022685dcbd0d5eb8e8c7f16ed15ad74d,1,1,302,185,False,False
r3-pilot,62fc2a11f58ff84c748cd8a90968846c022685dcbd0d5eb8e8c7f16ed15ad74d,1,1,303,185,False,False
r3-pilot,62fc2a11f58ff84c748cd8a90968846c022685dcbd0d5eb8e8c7f16ed15ad74d,1,1,304,185,False,False
r3-pilot,62fc2a11f58ff84c748cd8a90968846c022685dcbd0d5eb8e8c7f16ed15ad74d,1,1,305,185,False,False
r3-pilot,62fc2a11f58ff84c748cd8a90968846c022685dcbd0d5eb8e8c7f16ed15ad74d,1,1,306,185,False,False
r3-pilot,62fc2a11f58ff84c748cd8a90968846c022685dcbd0d5eb8e8c7f16ed15ad74d,1,1,307,185,False,False
r3-pilot,62fc2a11f58ff84c748cd8a90968846c022685dcbd0d5eb8e8c7f16ed15ad74d,1,1,308,185,False,False
r3-pilot,62fc2a11f58ff84c748cd8a90968846c022685dcbd0d5eb8e8c7f16ed15ad74d,1,1,309,185,False,False
r3-pilot,62fc2a11f58ff84c748cd8a90968846c022685dcbd0d5eb8e8c7f16ed15ad74d,1,1,310,185,False,False
r3-pilot,62fc2a11f58ff84c748cd8a90968846c022685dcbd0d5eb8e8c7f16ed15ad74d,1,1,311,185,False,False
r3-pilot,62fc2a11f58ff84c748cd8a90968846c022685dcbd0d5eb8e8c7f16ed15ad74d,1,1,312,185,False,False
r3-pilot,62fc2a11f58ff84c748cd8a90968846c022685dcbd0d5eb8e8c7f16ed15ad74d,1,1,313,185,False,False
r3-pilot,62fc2a11f58ff84c748cd8a90968846c022685dcbd0d5eb8e8c7f16ed15ad74d,1,1,314,185,False,False
r3-pilot,62fc2a11f58ff84c748cd8a90968846c022685dcbd0d5eb8e8c7f16ed15ad74d,1,1,315,185,False,False
r3-pilot,62fc2a11f58ff84c748cd8a90968846c022685dcbd0d5eb8e8c7f16ed15ad74d,1,1,316,185,False,False
r3-pilot,62fc2a11f58ff84c748cd8a90968846c022685dcbd0d5eb8e8c7f16ed15ad74d,1,1,317,185,False,False
r3-pilot,62fc2a11f58ff84c748cd8a90968846c022685dcbd0d5eb8e8c7f16ed15ad74d,1,1,318,185,False,False
r3-pilot,62fc2a11f58ff84c748cd8a90968846c022685dcbd0d5eb8e8c7f16ed15ad74d,1,1,319,185,False,False
r3-pilot,62fc2a11f58ff84c748cd8a90968846c022685dcbd0d5eb8e8c7f16ed15ad74d,1,1,320,185,False,False
r3-pilot,62fc2a11f58ff84c748cd8a90968846c022685dcbd0d5eb8e8c7f16ed15ad74d,1,1,321,185,False,False
r3-pilot,62fc2a11f58ff84c748cd8a90968846c022685dcbd0d5eb8e8c7f16ed15ad74d,1,1,322,185,False,False
r3-pilot,62fc2a11f58ff84c748cd8a90968846c022685dcbd0d5eb8e8c7f16ed15ad74d,1,1,323,185,False,False
r3-pilot,62fc2a11f58ff84c748cd8a90968846c022685dcbd0d5eb8e8c7f16ed15ad74d,1,1,324,185,False,False
r3-pilot,62fc2a11f58ff84c748cd8a90968846c022685dcbd0d5eb8e8c7f16ed15ad74d,1,1,325,185,False,False
r3-pilot,62fc2a11f58ff84c748cd8a90968846c022685dcbd0d5eb8e8c7f16ed15ad74d,1,1,326,185,False,False
r3-pilot,62fc2a11f58ff84c748cd8a90968846c022685dcbd0d5eb8e8c7f16ed15ad74d,1,1,327,185,False,False
r3-pilot,62fc2a11f58ff84c748cd8a90968846c022685dcbd0d5eb8e8c7f16ed15ad74d,1,1,328,185,False,False
r3-pilot,62fc2a11f58ff84c748cd8a90968846c022685dcbd0d5eb8e8c7f16ed15ad74d,1,1,329,185,False,False
r3-pilot,62fc2a11f58ff84c748cd8a90968846c022685dcbd0d5eb8e8c7f16ed15ad74d,1,1,330,185,False,False
r3-pilot,62fc2a11f58ff84c748cd8a90968846c022685dcbd0d5eb8e8c7f16ed15ad74d,1,1,331,185,False,False
r3-pilot,62fc2a11f58ff84c748cd8a90968846c022685dcbd0d5eb8e8c7f16ed15ad74d,1,1,332,185,False,False
r3-pilot,62fc2a11f58ff84c748cd8a90968846c022685dcbd0d5eb8e8c7f16ed15ad74d,1,1,333,185,False,False
r3-pilot,62fc2a11f58ff84c748cd8a90968846c022685dcbd0d5eb8e8c7f16ed15ad74d,1,1,334,185,False,False
r3-pilot,62fc2a11f58ff84c748cd8a90968846c022685dcbd0d5eb8e8c7f16ed15ad74d,1,1,335,185,False,False
r3-pilot,62fc2a11f58ff84c748cd8a90968846c022685dcbd0d5eb8e8c7f16ed15ad74d,1,1,336,185,False,False
r3-pilot,62fc2a11f58ff84c748cd8a90968846c022685dcbd0d5eb8e8c7f16ed15ad74d,1,1,337,185,False,False
r3-pilot,62fc2a11f58ff84c748cd8a90968846c022685dcbd0d5eb8e8c7f16ed15ad74d,1,1,338,185,False,False
r3-pilot,62fc2a11f58ff84c748cd8a90968846c022685dcbd0d5eb8e8c7f16ed15ad74d,1,1,339,185,False,False
r3-pilot,62fc2a11f58ff84c748cd8a90968846c022685dcbd0d5eb8e8c7f16ed15ad74d,1,1,340,185,False,False
r3-pilot,62fc2a11f58ff84c748cd8a90968846c022685dcbd0d5eb8e8c7f16ed15ad74d,1,1,341,185,False,False
r3-pilot,62fc2a11f58ff84c748cd8a90968846c022685dcbd0d5eb8e8c7f16ed15ad74d,1,1,342,185,False,False
r3-pilot,62fc2a11f58ff84c748cd8a90968846c022685dcbd0d5eb8e8c7f16ed15ad74d,1,1,343,185,False,False
r3-pilot,62fc2a11f58ff84c748cd8a90968846c022685dcbd0d5eb8e8c7f16ed15ad74d,1,1,344,185,False,False
r3-pilot,62fc2a11f58ff84c748cd8a90968846c022685dcbd0d5eb8e8c7f16ed15ad74d,1,1,345,185,False,False
r3-pilot,62fc2a11f58ff84c748cd8a90968846c022685dcbd0d5eb8e8c7f16ed15ad74d,1,1,346,185,False,False
r3-pilot,62fc2a11f58ff84c748cd8a90968846c022685dcbd0d5eb8e8c7f16ed15ad74d,1,1,347,185,False,False
r3-pilot,62fc2a11f58ff84c748cd8a90968846c022685dcbd0d5eb8e8c7f16ed15ad74d,1,1,348,185,False,False
r3-pilot,62fc2a11f58ff84c748cd8a90968846c022685dcbd0d5eb8e8c7f16ed15ad74d,1,1,349,185,False,False
r3-pilot,62fc2a11f58ff84c748cd8a90968846c022685dcbd0d5eb8e8c7f16ed15ad74d,1,1,350,185,False,False
r3-pilot,62fc2a11f58ff84c748cd8a90968846c022685dcbd0d5eb8e8c7f16ed15ad74d,1,1,351,185,False,False
r3-pilot,62fc2a11f58ff84c748cd8a90968846c022685dcbd0d5eb8e8c7f16ed15ad74d,1,1,352,185,False,False
r3-pilot,62fc2a11f58ff84c748cd8a90968846c022685dcbd0d5eb8e8c7f16ed15ad74d,1,1,353,185,False,False
r3-pilot,62fc2a11f58ff84c748cd8a90968846c022685dcbd0d5eb8e8c7f16ed15ad74d,1,1,354,185,False,False
r3-pilot,62fc2a11f58ff84c748cd8a90968846c022685dcbd0d5eb8e8c7f16ed15ad74d,1,1,355,185,False,False
r3-pilot,62fc2a11f58ff84c748cd8a90968846c022685dcbd0d5eb8e8c7f16ed15ad74d,1,1,356,185,False,False
r3-pilot,62fc2a11f58ff84c748cd8a90968846c022685dcbd0d5eb8e8c7f16ed15ad74d,1,1,357,185,False,False
r3-pilot,62fc2a11f58ff84c748cd8a90968846c022685dcbd0d5eb8e8c7f16ed15ad74d,1,1,358,185,False,False
r3-pilot,62fc2a11f58ff84c748cd8a90968846c022685dcbd0d5eb8e8c7f16ed15ad74d,1,1,359,185,False,False
r3-pilot,62fc2a11f58ff84c748cd8a90968846c022685dcbd0d5eb8e8c7f16ed15ad74d,1,1,360,185,False,False
r3-pilot,62fc2a11f58ff84c748cd8a90968846c022685dcbd0d5eb8e8c7f16ed15ad74d,1,1,361,185,False,False
r3-pilot,62fc2a11f58ff84c748cd8a90968846c022685dcbd0d5eb8e8c7f16ed15ad74d,1,1,362,185,False,False
r3-pilot,62fc2a11f58ff84c748cd8a90968846c022685dcbd0d5eb8e8c7f16ed15ad74d,1,1,363,185,False,False
r3-pilot,62fc2a11f58ff84c748cd8a90968846c022685dcbd0d5eb8e8c7f16ed15ad74d,1,1,364,185,False,False
r3-pilot,62fc2a11f58ff84c748cd8a90968846c022685dcbd0d5eb8e8c7f16ed15ad74d,1,1,365,185,False,False
r3-pilot,62fc2a11f58ff84c748cd8a90968846c022685dcbd0d5eb8e8c7f16ed15ad74d,1,1,366,185,False,False
r3-pilot,62fc2a11f58ff84c748cd8a90968846c022685dcbd0d5eb8e8c7f16ed15ad74d,1,1,367,185,False,False
r3-pilot,62fc2a11f58ff84c748cd8a90968846c022685dcbd0d5eb8e8c7f16ed15ad74d,1,1,368,185,False,False
r3-pilot,62fc2a11f58ff84c748cd8a90968846c022685dcbd0d5eb8e8c7f16ed15ad74d,1,1,369,185,False,False
r3-pilot,62fc2a11f58ff84c748cd8a90968846c022685dcbd0d5eb8e8c7f16ed15ad74d,1,1,286,186,False,True
r3-pilot,62fc2a11f58ff84c748cd8a90968846c022685dcbd0d5eb8e8c7f16ed15ad74d,1,1,287,186,False,False
r3-pilot,62fc2a11f58ff84c748cd8a90968846c022685dcbd0d5eb8e8c7f16ed15ad74d,1,1,288,186,False,False
r3-pilot,62fc2a11f58ff84c748cd8a90968846c022685dcbd0d5eb8e8c7f16ed15ad74d,1,1,289,186,False,False
r3-pilot,62fc2a11f58ff84c748cd8a90968846c022685dcbd0d5eb8e8c7f16ed15ad74d,1,1,290,186,False,False
r3-pilot,62fc2a11f58ff84c748cd8a90968846c022685dcbd0d5eb8e8c7f16ed15ad74d,1,1,291,186,False,False
r3-pilot,62fc2a11f58ff84c748cd8a90968846c022685dcbd0d5eb8e8c7f16ed15ad74d,1,1,292,186,False,False
r3-pilot,62fc2a11f58ff84c748cd8a90968846c022685dcbd0d5eb8e8c7f16ed15ad74d,1,1,293,186,False,False
r3-pilot,62fc2a11f58ff84c748cd8a90968846c022685dcbd0d5eb8e8c7f16ed15ad74d,1,1,294,186,False,False
r3-pilot,62fc2a11f58ff84c748cd8a90968846c022685dcbd0d5eb8e8c7f16ed15ad74d,1,1,295,186,False,False
r3-pilot,62fc2a11f58ff84c748cd8a90968846c022685dcbd0d5eb8e8c7f16ed15ad74d,1,1,296,186,False,False
r3-pilot,62fc2a11f58ff84c748cd8a90968846c022685dcbd0d5eb8e8c7f16ed15ad74d,1,1,297,186,False,False
r3-pilot,62fc2a11f58ff84c748cd8a90968846c022685dcbd0d5eb8e8c7f16ed15ad74d,1,1,298,186,False,False
r3-pilot,62fc2a11f58ff84c748cd8a90968846c022685dcbd0d5eb8e8c7f16ed15ad74d,1,1,299,186,False,False
r3-pilot,62fc2a11f58ff84c748cd8a90968846c022685dcbd0d5eb8e8c7f16ed15ad74d,1,1,300,186,False,False
r3-pilot,62fc2a11f58ff84c748cd8a90968846c022685dcbd0d5eb8e8c7f16ed15ad74d,1,1,301,186,False,False
r3-pilot,62fc2a11f58ff84c748cd8a90968846c022685dcbd0d5eb8e8c7f16ed15ad74d,1,1,302,186,False,False
r3-pilot,62fc2a11f58ff84c748cd8a90968846c022685dcbd0d5eb8e8c7f16ed15ad74d,1,1,303,186,False,False
r3-pilot,62fc2a11f58ff84c748cd8a90968846c022685dcbd0d5eb8e8c7f16ed15ad74d,1,1,304,186,False,False
r3-pilot,62fc2a11f58ff84c748cd8a90968846c022685dcbd0d5eb8e8c7f16ed15ad74d,1,1,305,186,False,False
r3-pilot,62fc2a11f58ff84c748cd8a90968846c022685dcbd0d5eb8e8c7f16ed15ad74d,1,1,306,186,False,False
r3-pilot,62fc2a11f58ff84c748cd8a90968846c022685dcbd0d5eb8e8c7f16ed15ad74d,1,1,307,186,False,False
r3-pilot,62fc2a11f58ff84c748cd8a90968846c022685dcbd0d5eb8e8c7f16ed15ad74d,1,1,308,186,False,False
r3-pilot,62fc2a11f58ff84c748cd8a90968846c022685dcbd0d5eb8e8c7f16ed15ad74d,1,1,309,186,False,False
r3-pilot,62fc2a11f58ff84c748cd8a90968846c022685dcbd0d5eb8e8c7f16ed15ad74d,1,1,310,186,False,False
r3-pilot,62fc2a11f58ff84c748cd8a90968846c022685dcbd0d5eb8e8c7f16ed15ad74d,1,1,311,186,False,False
r3-pilot,62fc2a11f58ff84c748cd8a90968846c022685dcbd0d5eb8e8c7f16ed15ad74d,1,1,312,186,False,False
r3-pilot,62fc2a11f58ff84c748cd8a90968846c022685dcbd0d5eb8e8c7f16ed15ad74d,1,1,313,186,False,False
r3-pilot,62fc2a11f58ff84c748cd8a90968846c022685dcbd0d5eb8e8c7f16ed15ad74d,1,1,314,186,False,False
r3-pilot,62fc2a11f58ff84c748cd8a90968846c022685dcbd0d5eb8e8c7f16ed15ad74d,1,1,315,186,False,False
r3-pilot,62fc2a11f58ff84c748cd8a90968846c022685dcbd0d5eb8e8c7f16ed15ad74d,1,1,316,186,False,False
r3-pilot,62fc2a11f58ff84c748cd8a90968846c022685dcbd0d5eb8e8c7f16ed15ad74d,1,1,317,186,False,False
r3-pilot,62fc2a11f58ff84c748cd8a90968846c022685dcbd0d5eb8e8c7f16ed15ad74d,1,1,318,186,False,False
r3-pilot,62fc2a11f58ff84c748cd8a90968846c022685dcbd0d5eb8e8c7f16ed15ad74d,1,1,319,186,False,False
r3-pilot,62fc2a11f58ff84c748cd8a90968846c022685dcbd0d5eb8e8c7f16ed15ad74d,1,1,320,186,False,False
r3-pilot,62fc2a11f58ff84c748cd8a90968846c022685dcbd0d5eb8e8c7f16ed15ad74d,1,1,321,186,False,False
r3-pilot,62fc2a11f58ff84c748cd8a90968846c022685dcbd0d5eb8e8c7f16ed15ad74d,1,1,322,186,False,False
r3-pilot,62fc2a11f58ff84c748cd8a90968846c022685dcbd0d5eb8e8c7f16ed15ad74d,1,1,323,186,False,False
r3-pilot,62fc2a11f58ff84c748cd8a90968846c022685dcbd0d5eb8e8c7f16ed15ad74d,1,1,324,186,False,False
r3-pilot,62fc2a11f58ff84c748cd8a90968846c022685dcbd0d5eb8e8c7f16ed15ad74d,1,1,325,186,False,False
r3-pilot,62fc2a11f58ff84c748cd8a90968846c022685dcbd0d5eb8e8c7f16ed15ad74d,1,1,326,186,False,False
r3-pilot,62fc2a11f58ff84c748cd8a90968846c022685dcbd0d5eb8e8c7f16ed15ad74d,1,1,327,186,False,False
r3-pilot,62fc2a11f58ff84c748cd8a90968846c022685dcbd0d5eb8e8c7f16ed15ad74d,1,1,328,186,False,False
r3-pilot,62fc2a11f58ff84c748cd8a90968846c022685dcbd0d5eb8e8c7f16ed15ad74d,1,1,329,186,False,False
r3-pilot,62fc2a11f58ff84c748cd8a90968846c022685dcbd0d5eb8e8c7f16ed15ad74d,1,1,330,186,False,False
r3-pilot,62fc2a11f58ff84c748cd8a90968846c022685dcbd0d5eb8e8c7f16ed15ad74d,1,1,331,186,False,False
r3-pilot,62fc2a11f58ff84c748cd8a90968846c022685dcbd0d5eb8e8c7f16ed15ad74d,1,1,332,186,False,False
r3-pilot,62fc2a11f58ff84c748cd8a90968846c022685dcbd0d5eb8e8c7f16ed15ad74d,1,1,333,186,False,False
r3-pilot,62fc2a11f58ff84c748cd8a90968846c022685dcbd0d5eb8e8c7f16ed15ad74d,1,1,334,186,False,False
r3-pilot,62fc2a11f58ff84c748cd8a90968846c022685dcbd0d5eb8e8c7f16ed15ad74d,1,1,335,186,False,False
r3-pilot,62fc2a11f58ff84c748cd8a90968846c022685dcbd0d5eb8e8c7f16ed15ad74d,1,1,336,186,False,False
r3-pilot,62fc2a11f58ff84c748cd8a90968846c022685dcbd0d5eb8e8c7f16ed15ad74d,1,1,337,186,False,False
r3-pilot,62fc2a11f58ff84c748cd8a90968846c022685dcbd0d5eb8e8c7f16ed15ad74d,1,1,338,186,False,False
r3-pilot,62fc2a11f58ff84c748cd8a90968846c022685dcbd0d5eb8e8c7f16ed15ad74d,1,1,339,186,False,False
r3-pilot,62fc2a11f58ff84c748cd8a90968846c022685dcbd0d5eb8e8c7f16ed15ad74d,1,1,340,186,False,False
r3-pilot,62fc2a11f58ff84c748cd8a90968846c022685dcbd0d5eb8e8c7f16ed15ad74d,1,1,341,186,False,False
r3-pilot,62fc2a11f58ff84c748cd8a90968846c022685dcbd0d5eb8e8c7f16ed15ad74d,1,1,342,186,False,False
r3-pilot,62fc2a11f58ff84c748cd8a90968846c022685dcbd0d5eb8e8c7f16ed15ad74d,1,1,343,186,False,False
r3-pilot,62fc2a11f58ff84c748cd8a90968846c022685dcbd0d5eb8e8c7f16ed15ad74d,1,1,344,186,False,False
r3-pilot,62fc2a11f58ff84c748cd8a90968846c022685dcbd0d5eb8e8c7f16ed15ad74d,1,1,345,186,False,False
r3-pilot,62fc2a11f58ff84c748cd8a90968846c022685dcbd0d5eb8e8c7f16ed15ad74d,1,1,346,186,False,False
r3-pilot,62fc2a11f58ff84c748cd8a90968846c022685dcbd0d5eb8e8c7f16ed15ad74d,1,1,347,186,False,False
r3-pilot,62fc2a11f58ff84c748cd8a90968846c022685dcbd0d5eb8e8c7f16ed15ad74d,1,1,348,186,False,False
r3-pilot,62fc2a11f58ff84c748cd8a90968846c022685dcbd0d5eb8e8c7f16ed15ad74d,1,1,349,186,False,False
r3-pilot,62fc2a11f58ff84c748cd8a90968846c022685dcbd0d5eb8e8c7f16ed15ad74d,1,1,350,186,False,False
r3-pilot,62fc2a11f58ff84c748cd8a90968846c022685dcbd0d5eb8e8c7f16ed15ad74d,1,1,351,186,False,False
r3-pilot,62fc2a11f58ff84c748cd8a90968846c022685dcbd0d5eb8e8c7f16ed15ad74d,1,1,352,186,False,False
r3-pilot,62fc2a11f58ff84c748cd8a90968846c022685dcbd0d5eb8e8c7f16ed15ad74d,1,1,353,186,False,False
r3-pilot,62fc2a11f58ff84c748cd8a90968846c022685dcbd0d5eb8e8c7f16ed15ad74d,1,1,354,186,False,False
r3-pilot,62fc2a11f58ff84c748cd8a90968846c022685dcbd0d5eb8e8c7f16ed15ad74d,1,1,355,186,False,False
r3-pilot,62fc2a11f58ff84c748cd8a90968846c022685dcbd0d5eb8e8c7f16ed15ad74d,1,1,356,186,False,False
r3-pilot,62fc2a11f58ff84c748cd8a90968846c022685dcbd0d5eb8e8c7f16ed15ad74d,1,1,357,186,False,False
r3-pilot,62fc2a11f58ff84c748cd8a90968846c022685dcbd0d5eb8e8c7f16ed15ad74d,1,1,358,186,False,False
r3-pilot,62fc2a11f58ff84c748cd8a90968846c022685dcbd0d5eb8e8c7f16ed15ad74d,1,1,359,186,False,False
r3-pilot,62fc2a11f58ff84c748cd8a90968846c022685dcbd0d5eb8e8c7f16ed15ad74d,1,1,360,186,False,False
r3-pilot,62fc2a11f58ff84c748cd8a90968846c022685dcbd0d5eb8e8c7f16ed15ad74d,1,1,361,186,False,False
r3-pilot,62fc2a11f58ff84c748cd8a90968846c022685dcbd0d5eb8e8c7f16ed15ad74d,1,1,362,186,False,False
r3-pilot,62fc2a11f58ff84c748cd8a90968846c022685dcbd0d5eb8e8c7f16ed15ad74d,1,1,363,186,False,False
r3-pilot,62fc2a11f58ff84c748cd8a90968846c022685dcbd0d5eb8e8c7f16ed15ad74d,1,1,364,186,False,False
r3-pilot,62fc2a11f58ff84c748cd8a90968846c022685dcbd0d5eb8e8c7f16ed15ad74d,1,1,365,186,False,False
r3-pilot,62fc2a11f58ff84c748cd8a90968846c022685dcbd0d5eb8e8c7f16ed15ad74d,1,1,366,186,False,False
r3-pilot,62fc2a11f58ff84c748cd8a90968846c022685dcbd0d5eb8e8c7f16ed15ad74d,1,1,367,186,False,False
r3-pilot,62fc2a11f58ff84c748cd8a90968846c022685dcbd0d5eb8e8c7f16ed15ad74d,1,1,286,187,False,True
r3-pilot,62fc2a11f58ff84c748cd8a90968846c022685dcbd0d5eb8e8c7f16ed15ad74d,1,1,287,187,False,False
r3-pilot,62fc2a11f58ff84c748cd8a90968846c022685dcbd0d5eb8e8c7f16ed15ad74d,1,1,288,187,False,False
r3-pilot,62fc2a11f58ff84c748cd8a90968846c022685dcbd0d5eb8e8c7f16ed15ad74d,1,1,289,187,False,False
r3-pilot,62fc2a11f58ff84c748cd8a90968846c022685dcbd0d5eb8e8c7f16ed15ad74d,1,1,290,187,False,False
r3-pilot,62fc2a11f58ff84c748cd8a90968846c022685dcbd0d5eb8e8c7f16ed15ad74d,1,1,291,187,False,False
r3-pilot,62fc2a11f58ff84c748cd8a90968846c022685dcbd0d5eb8e8c7f16ed15ad74d,1,1,292,187,False,False
r3-pilot,62fc2a11f58ff84c748cd8a90968846c022685dcbd0d5eb8e8c7f16ed15ad74d,1,1,293,187,False,False
r3-pilot,62fc2a11f58ff84c748cd8a90968846c022685dcbd0d5eb8e8c7f16ed15ad74d,1,1,294,187,False,False
r3-pilot,62fc2a11f58ff84c748cd8a90968846c022685dcbd0d5eb8e8c7f16ed15ad74d,1,1,295,187,False,False
r3-pilot,62fc2a11f58ff84c748cd8a90968846c022685dcbd0d5eb8e8c7f16ed15ad74d,1,1,296,187,False,False
r3-pilot,62fc2a11f58ff84c748cd8a90968846c022685dcbd0d5eb8e8c7f16ed15ad74d,1,1,297,187,False,False
r3-pilot,62fc2a11f58ff84c748cd8a90968846c022685dcbd0d5eb8e8c7f16ed15ad74d,1,1,298,187,False,False
r3-pilot,62fc2a11f58ff84c748cd8a90968846c022685dcbd0d5eb8e8c7f16ed15ad74d,1,1,299,187,False,False
r3-pilot,62fc2a11f58ff84c748cd8a90968846c022685dcbd0d5eb8e8c7f16ed15ad74d,1,1,300,187,False,False
r3-pilot,62fc2a11f58ff84c748cd8a90968846c022685dcbd0d5eb8e8c7f16ed15ad74d,1,1,301,187,False,False
r3-pilot,62fc2a11f58ff84c748cd8a90968846c022685dcbd0d5eb8e8c7f16ed15ad74d,1,1,302,187,False,False
r3-pilot,62fc2a11f58ff84c748cd8a90968846c022685dcbd0d5eb8e8c7f16ed15ad74d,1,1,303,187,False,False
r3-pilot,62fc2a11f58ff84c748cd8a90968846c022685dcbd0d5eb8e8c7f16ed15ad74d,1,1,304,187,False,False
r3-pilot,62fc2a11f58ff84c748cd8a90968846c022685dcbd0d5eb8e8c7f16ed15ad74d,1,1,305,187,False,False
r3-pilot,62fc2a11f58ff84c748cd8a90968846c022685dcbd0d5eb8e8c7f16ed15ad74d,1,1,306,187,False,False
r3-pilot,62fc2a11f58ff84c748cd8a90968846c022685dcbd0d5eb8e8c7f16ed15ad74d,1,1,307,187,False,False
r3-pilot,62fc2a11f58ff84c748cd8a90968846c022685dcbd0d5eb8e8c7f16ed15ad74d,1,1,308,187,False,False
r3-pilot,62fc2a11f58ff84c748cd8a90968846c022685dcbd0d5eb8e8c7f16ed15ad74d,1,1,309,187,False,False
r3-pilot,62fc2a11f58ff84c748cd8a90968846c022685dcbd0d5eb8e8c7f16ed15ad74d,1,1,310,187,False,False
r3-pilot,62fc2a11f58ff84c748cd8a90968846c022685dcbd0d5eb8e8c7f16ed15ad74d,1,1,311,187,False,False
r3-pilot,62fc2a11f58ff84c748cd8a90968846c022685dcbd0d5eb8e8c7f16ed15ad74d,1,1,312,187,False,False
r3-pilot,62fc2a11f58ff84c748cd8a90968846c022685dcbd0d5eb8e8c7f16ed15ad74d,1,1,313,187,False,False
r3-pilot,62fc2a11f58ff84c748cd8a90968846c022685dcbd0d5eb8e8c7f16ed15ad74d,1,1,314,187,False,False
r3-pilot,62fc2a11f58ff84c748cd8a90968846c022685dcbd0d5eb8e8c7f16ed15ad74d,1,1,315,187,False,False
r3-pilot,62fc2a11f58ff84c748cd8a90968846c022685dcbd0d5eb8e8c7f16ed15ad74d,1,1,316,187,False,False
r3-pilot,62fc2a11f58ff84c748cd8a90968846c022685dcbd0d5eb8e8c7f16ed15ad74d,1,1,317,187,False,False
r3-pilot,62fc2a11f58ff84c748cd8a90968846c022685dcbd0d5eb8e8c7f16ed15ad74d,1,1,318,187,False,False
r3-pilot,62fc2a11f58ff84c748cd8a90968846c022685dcbd0d5eb8e8c7f16ed15ad74d,1,1,319,187,False,False
r3-pilot,62fc2a11f58ff84c748cd8a90968846c022685dcbd0d5eb8e8c7f16ed15ad74d,1,1,320,187,False,False
r3-pilot,62fc2a11f58ff84c748cd8a90968846c022685dcbd0d5eb8e8c7f16ed15ad74d,1,1,321,187,False,False
r3-pilot,62fc2a11f58ff84c748cd8a90968846c022685dcbd0d5eb8e8c7f16ed15ad74d,1,1,322,187,False,False
r3-pilot,62fc2a11f58ff84c748cd8a90968846c022685dcbd0d5eb8e8c7f16ed15ad74d,1,1,323,187,False,False
r3-pilot,62fc2a11f58ff84c748cd8a90968846c022685dcbd0d5eb8e8c7f16ed15ad74d,1,1,324,187,False,False
r3-pilot,62fc2a11f58ff84c748cd8a90968846c022685dcbd0d5eb8e8c7f16ed15ad74d,1,1,325,187,False,False
r3-pilot,62fc2a11f58ff84c748cd8a90968846c022685dcbd0d5eb8e8c7f16ed15ad74d,1,1,326,187,False,False
r3-pilot,62fc2a11f58ff84c748cd8a90968846c022685dcbd0d5eb8e8c7f16ed15ad74d,1,1,327,187,False,False
r3-pilot,62fc2a11f58ff84c748cd8a90968846c022685dcbd0d5eb8e8c7f16ed15ad74d,1,1,328,187,False,False
r3-pilot,62fc2a11f58ff84c748cd8a90968846c022685dcbd0d5eb8e8c7f16ed15ad74d,1,1,329,187,False,False
r3-pilot,62fc2a11f58ff84c748cd8a90968846c022685dcbd0d5eb8e8c7f16ed15ad74d,1,1,330,187,False,False
r3-pilot,62fc2a11f58ff84c748cd8a90968846c022685dcbd0d5eb8e8c7f16ed15ad74d,1,1,331,187,False,False
r3-pilot,62fc2a11f58ff84c748cd8a90968846c022685dcbd0d5eb8e8c7f16ed15ad74d,1,1,332,187,False,False
r3-pilot,62fc2a11f58ff84c748cd8a90968846c022685dcbd0d5eb8e8c7f16ed15ad74d,1,1,333,187,False,False
r3-pilot,62fc2a11f58ff84c748cd8a90968846c022685dcbd0d5eb8e8c7f16ed15ad74d,1,1,334,187,False,False
r3-pilot,62fc2a11f58ff84c748cd8a90968846c022685dcbd0d5eb8e8c7f16ed15ad74d,1,1,335,187,False,False
r3-pilot,62fc2a11f58ff84c748cd8a90968846c022685dcbd0d5eb8e8c7f16ed15ad74d,1,1,336,187,False,False
r3-pilot,62fc2a11f58ff84c748cd8a90968846c022685dcbd0d5eb8e8c7f16ed15ad74d,1,1,337,187,False,False
r3-pilot,62fc2a11f58ff84c748cd8a90968846c022685dcbd0d5eb8e8c7f16ed15ad74d,1,1,338,187,False,False
r3-pilot,62fc2a11f58ff84c748cd8a90968846c022685dcbd0d5eb8e8c7f16ed15ad74d,1,1,339,187,False,False
r3-pilot,62fc2a11f58ff84c748cd8a90968846c022685dcbd0d5eb8e8c7f16ed15ad74d,1,1,340,187,False,False
r3-pilot,62fc2a11f58ff84c748cd8a90968846c022685dcbd0d5eb8e8c7f16ed15ad74d,1,1,341,187,False,False
r3-pilot,62fc2a11f58ff84c748cd8a90968846c022685dcbd0d5eb8e8c7f16ed15ad74d,1,1,342,187,False,False
r3-pilot,62fc2a11f58ff84c748cd8a90968846c022685dcbd0d5eb8e8c7f16ed15ad74d,1,1,343,187,False,False
r3-pilot,62fc2a11f58ff84c748cd8a90968846c022685dcbd0d5eb8e8c7f16ed15ad74d,1,1,344,187,False,False
r3-pilot,62fc2a11f58ff84c748cd8a90968846c022685dcbd0d5eb8e8c7f16ed15ad74d,1,1,345,187,False,False
r3-pilot,62fc2a11f58ff84c748cd8a90968846c022685dcbd0d5eb8e8c7f16ed15ad74d,1,1,346,187,False,False
r3-pilot,62fc2a11f58ff84c748cd8a90968846c022685dcbd0d5eb8e8c7f16ed15ad74d,1,1,347,187,False,False
r3-pilot,62fc2a11f58ff84c748cd8a90968846c022685dcbd0d5eb8e8c7f16ed15ad74d,1,1,348,187,False,False
r3-pilot,62fc2a11f58ff84c748cd8a90968846c022685dcbd0d5eb8e8c7f16ed15ad74d,1,1,349,187,False,False
r3-pilot,62fc2a11f58ff84c748cd8a90968846c022685dcbd0d5eb8e8c7f16ed15ad74d,1,1,350,187,False,False
r3-pilot,62fc2a11f58ff84c748cd8a90968846c022685dcbd0d5eb8e8c7f16ed15ad74d,1,1,351,187,False,False
r3-pilot,62fc2a11f58ff84c748cd8a90968846c022685dcbd0d5eb8e8c7f16ed15ad74d,1,1,352,187,False,False
r3-pilot,62fc2a11f58ff84c748cd8a90968846c022685dcbd0d5eb8e8c7f16ed15ad74d,1,1,353,187,False,False
r3-pilot,62fc2a11f58ff84c748cd8a90968846c022685dcbd0d5eb8e8c7f16ed15ad74d,1,1,354,187,False,False
r3-pilot,62fc2a11f58ff84c748cd8a90968846c022685dcbd0d5eb8e8c7f16ed15ad74d,1,1,355,187,False,False
r3-pilot,62fc2a11f58ff84c748cd8a90968846c022685dcbd0d5eb8e8c7f16ed15ad74d,1,1,356,187,False,False
r3-pilot,62fc2a11f58ff84c748cd8a90968846c022685dcbd0d5eb8e8c7f16ed15ad74d,1,1,357,187,False,False
r3-pilot,62fc2a11f58ff84c748cd8a90968846c022685dcbd0d5eb8e8c7f16ed15ad74d,1,1,358,187,False,False
r3-pilot,62fc2a11f58ff84c748cd8a90968846c022685dcbd0d5eb8e8c7f16ed15ad74d,1,1,359,187,False,False
r3-pilot,62fc2a11f58ff84c748cd8a90968846c022685dcbd0d5eb8e8c7f16ed15ad74d,1,1,360,187,False,False
r3-pilot,62fc2a11f58ff84c748cd8a90968846c022685dcbd0d5eb8e8c7f16ed15ad74d,1,1,361,187,False,False
r3-pilot,62fc2a11f58ff84c748cd8a90968846c022685dcbd0d5eb8e8c7f16ed15ad74d,1,1,362,187,False,False
r3-pilot,62fc2a11f58ff84c748cd8a90968846c022685dcbd0d5eb8e8c7f16ed15ad74d,1,1,363,187,False,False
r3-pilot,62fc2a11f58ff84c748cd8a90968846c022685dcbd0d5eb8e8c7f16ed15ad74d,1,1,364,187,False,False
r3-pilot,62fc2a11f58ff84c748cd8a90968846c022685dcbd0d5eb8e8c7f16ed15ad74d,1,1,365,187,False,False
r3-pilot,62fc2a11f58ff84c748cd8a90968846c022685dcbd0d5eb8e8c7f16ed15ad74d,1,1,366,187,False,False
r3-pilot,62fc2a11f58ff84c748cd8a90968846c022685dcbd0d5eb8e8c7f16ed15ad74d,1,1,367,187,False,False
r3-pilot,62fc2a11f58ff84c748cd8a90968846c022685dcbd0d5eb8e8c7f16ed15ad74d,1,1,368,187,False,False
r3-pilot,62fc2a11f58ff84c748cd8a90968846c022685dcbd0d5eb8e8c7f16ed15ad74d,1,1,369,187,False,False
r3-pilot,62fc2a11f58ff84c748cd8a90968846c022685dcbd0d5eb8e8c7f16ed15ad74d,1,1,287,188,False,False
r3-pilot,62fc2a11f58ff84c748cd8a90968846c022685dcbd0d5eb8e8c7f16ed15ad74d,1,1,288,188,False,False
r3-pilot,62fc2a11f58ff84c748cd8a90968846c022685dcbd0d5eb8e8c7f16ed15ad74d,1,1,289,188,False,False
r3-pilot,62fc2a11f58ff84c748cd8a90968846c022685dcbd0d5eb8e8c7f16ed15ad74d,1,1,290,188,False,False
r3-pilot,62fc2a11f58ff84c748cd8a90968846c022685dcbd0d5eb8e8c7f16ed15ad74d,1,1,291,188,False,False
r3-pilot,62fc2a11f58ff84c748cd8a90968846c022685dcbd0d5eb8e8c7f16ed15ad74d,1,1,292,188,False,False
r3-pilot,62fc2a11f58ff84c748cd8a90968846c022685dcbd0d5eb8e8c7f16ed15ad74d,1,1,293,188,False,False
r3-pilot,62fc2a11f58ff84c748cd8a90968846c022685dcbd0d5eb8e8c7f16ed15ad74d,1,1,294,188,False,False
r3-pilot,62fc2a11f58ff84c748cd8a90968846c022685dcbd0d5eb8e8c7f16ed15ad74d,1,1,295,188,False,False
r3-pilot,62fc2a11f58ff84c748cd8a90968846c022685dcbd0d5eb8e8c7f16ed15ad74d,1,1,296,188,False,False
r3-pilot,62fc2a11f58ff84c748cd8a90968846c022685dcbd0d5eb8e8c7f16ed15ad74d,1,1,297,188,False,False
r3-pilot,62fc2a11f58ff84c748cd8a90968846c022685dcbd0d5eb8e8c7f16ed15ad74d,1,1,298,188,False,False
r3-pilot,62fc2a11f58ff84c748cd8a90968846c022685dcbd0d5eb8e8c7f16ed15ad74d,1,1,299,188,False,False
r3-pilot,62fc2a11f58ff84c748cd8a90968846c022685dcbd0d5eb8e8c7f16ed15ad74d,1,1,300,188,False,False
r3-pilot,62fc2a11f58ff84c748cd8a90968846c022685dcbd0d5eb8e8c7f16ed15ad74d,1,1,301,188,False,False
r3-pilot,62fc2a11f58ff84c748cd8a90968846c022685dcbd0d5eb8e8c7f16ed15ad74d,1,1,302,188,False,False
r3-pilot,62fc2a11f58ff84c748cd8a90968846c022685dcbd0d5eb8e8c7f16ed15ad74d,1,1,303,188,False,False
r3-pilot,62fc2a11f58ff84c748cd8a90968846c022685dcbd0d5eb8e8c7f16ed15ad74d,1,1,304,188,False,False
r3-pilot,62fc2a11f58ff84c748cd8a90968846c022685dcbd0d5eb8e8c7f16ed15ad74d,1,1,305,188,False,False
r3-pilot,62fc2a11f58ff84c748cd8a90968846c022685dcbd0d5eb8e8c7f16ed15ad74d,1,1,306,188,False,False
r3-pilot,62fc2a11f58ff84c748cd8a90968846c022685dcbd0d5eb8e8c7f16ed15ad74d,1,1,307,188,False,False
r3-pilot,62fc2a11f58ff84c748cd8a90968846c022685dcbd0d5eb8e8c7f16ed15ad74d,1,1,308,188,False,False
r3-pilot,62fc2a11f58ff84c748cd8a90968846c022685dcbd0d5eb8e8c7f16ed15ad74d,1,1,309,188,False,False
r3-pilot,62fc2a11f58ff84c748cd8a90968846c022685dcbd0d5eb8e8c7f16ed15ad74d,1,1,310,188,False,False
r3-pilot,62fc2a11f58ff84c748cd8a90968846c022685dcbd0d5eb8e8c7f16ed15ad74d,1,1,311,188,False,False
r3-pilot,62fc2a11f58ff84c748cd8a90968846c022685dcbd0d5eb8e8c7f16ed15ad74d,1,1,312,188,False,False
r3-pilot,62fc2a11f58ff84c748cd8a90968846c022685dcbd0d5eb8e8c7f16ed15ad74d,1,1,313,188,False,False
r3-pilot,62fc2a11f58ff84c748cd8a90968846c022685dcbd0d5eb8e8c7f16ed15ad74d,1,1,314,188,False,False
r3-pilot,62fc2a11f58ff84c748cd8a90968846c022685dcbd0d5eb8e8c7f16ed15ad74d,1,1,315,188,False,False
r3-pilot,62fc2a11f58ff84c748cd8a90968846c022685dcbd0d5eb8e8c7f16ed15ad74d,1,1,316,188,False,False
r3-pilot,62fc2a11f58ff84c748cd8a90968846c022685dcbd0d5eb8e8c7f16ed15ad74d,1,1,317,188,False,False
r3-pilot,62fc2a11f58ff84c748cd8a90968846c022685dcbd0d5eb8e8c7f16ed15ad74d,1,1,318,188,False,False
r3-pilot,62fc2a11f58ff84c748cd8a90968846c022685dcbd0d5eb8e8c7f16ed15ad74d,1,1,319,188,False,False
r3-pilot,62fc2a11f58ff84c748cd8a90968846c022685dcbd0d5eb8e8c7f16ed15ad74d,1,1,320,188,False,False
r3-pilot,62fc2a11f58ff84c748cd8a90968846c022685dcbd0d5eb8e8c7f16ed15ad74d,1,1,321,188,False,False
r3-pilot,62fc2a11f58ff84c748cd8a90968846c022685dcbd0d5eb8e8c7f16ed15ad74d,1,1,322,188,False,False
r3-pilot,62fc2a11f58ff84c748cd8a90968846c022685dcbd0d5eb8e8c7f16ed15ad74d,1,1,323,188,False,False
r3-pilot,62fc2a11f58ff84c748cd8a90968846c022685dcbd0d5eb8e8c7f16ed15ad74d,1,1,324,188,False,False
r3-pilot,62fc2a11f58ff84c748cd8a90968846c022685dcbd0d5eb8e8c7f16ed15ad74d,1,1,325,188,False,False
r3-pilot,62fc2a11f58ff84c748cd8a90968846c022685dcbd0d5eb8e8c7f16ed15ad74d,1,1,326,188,False,False
r3-pilot,62fc2a11f58ff84c748cd8a90968846c022685dcbd0d5eb8e8c7f16ed15ad74d,1,1,327,188,False,False
r3-pilot,62fc2a11f58ff84c748cd8a90968846c022685dcbd0d5eb8e8c7f16ed15ad74d,1,1,328,188,False,False
r3-pilot,62fc2a11f58ff84c748cd8a90968846c022685dcbd0d5eb8e8c7f16ed15ad74d,1,1,329,188,False,False
r3-pilot,62fc2a11f58ff84c748cd8a90968846c022685dcbd0d5eb8e8c7f16ed15ad74d,1,1,330,188,False,False
r3-pilot,62fc2a11f58ff84c748cd8a90968846c022685dcbd0d5eb8e8c7f16ed15ad74d,1,1,331,188,False,False
r3-pilot,62fc2a11f58ff84c748cd8a90968846c022685dcbd0d5eb8e8c7f16ed15ad74d,1,1,332,188,False,False
r3-pilot,62fc2a11f58ff84c748cd8a90968846c022685dcbd0d5eb8e8c7f16ed15ad74d,1,1,333,188,False,False
r3-pilot,62fc2a11f58ff84c748cd8a90968846c022685dcbd0d5eb8e8c7f16ed15ad74d,1,1,334,188,False,False
r3-pilot,62fc2a11f58ff84c748cd8a90968846c022685dcbd0d5eb8e8c7f16ed15ad74d,1,1,335,188,False,False
r3-pilot,62fc2a11f58ff84c748cd8a90968846c022685dcbd0d5eb8e8c7f16ed15ad74d,1,1,336,188,False,False
r3-pilot,62fc2a11f58ff84c748cd8a90968846c022685dcbd0d5eb8e8c7f16ed15ad74d,1,1,337,188,False,False
r3-pilot,62fc2a11f58ff84c748cd8a90968846c022685dcbd0d5eb8e8c7f16ed15ad74d,1,1,338,188,False,False
r3-pilot,62fc2a11f58ff84c748cd8a90968846c022685dcbd0d5eb8e8c7f16ed15ad74d,1,1,339,188,False,False
r3-pilot,62fc2a11f58ff84c748cd8a90968846c022685dcbd0d5eb8e8c7f16ed15ad74d,1,1,340,188,False,False
r3-pilot,62fc2a11f58ff84c748cd8a90968846c022685dcbd0d5eb8e8c7f16ed15ad74d,1,1,341,188,False,False
r3-pilot,62fc2a11f58ff84c748cd8a90968846c022685dcbd0d5eb8e8c7f16ed15ad74d,1,1,342,188,False,False
r3-pilot,62fc2a11f58ff84c748cd8a90968846c022685dcbd0d5eb8e8c7f16ed15ad74d,1,1,343,188,False,False
r3-pilot,62fc2a11f58ff84c748cd8a90968846c022685dcbd0d5eb8e8c7f16ed15ad74d,1,1,344,188,False,False
r3-pilot,62fc2a11f58ff84c748cd8a90968846c022685dcbd0d5eb8e8c7f16ed15ad74d,1,1,345,188,False,False
r3-pilot,62fc2a11f58ff84c748cd8a90968846c022685dcbd0d5eb8e8c7f16ed15ad74d,1,1,346,188,False,False
r3-pilot,62fc2a11f58ff84c748cd8a90968846c022685dcbd0d5eb8e8c7f16ed15ad74d,1,1,347,188,False,False
r3-pilot,62fc2a11f58ff84c748cd8a90968846c022685dcbd0d5eb8e8c7f16ed15ad74d,1,1,348,188,False,False
r3-pilot,62fc2a11f58ff84c748cd8a90968846c022685dcbd0d5eb8e8c7f16ed15ad74d,1,1,349,188,False,False
r3-pilot,62fc2a11f58ff84c748cd8a90968846c022685dcbd0d5eb8e8c7f16ed15ad74d,1,1,350,188,False,False
r3-pilot,62fc2a11f58ff84c748cd8a90968846c022685dcbd0d5eb8e8c7f16ed15ad74d,1,1,351,188,False,False
r3-pilot,62fc2a11f58ff84c748cd8a90968846c022685dcbd0d5eb8e8c7f16ed15ad74d,1,1,352,188,False,False
r3-pilot,62fc2a11f58ff84c748cd8a90968846c022685dcbd0d5eb8e8c7f16ed15ad74d,1,1,353,188,False,False
r3-pilot,62fc2a11f58ff84c748cd8a90968846c022685dcbd0d5eb8e8c7f16ed15ad74d,1,1,354,188,False,False
r3-pilot,62fc2a11f58ff84c748cd8a90968846c022685dcbd0d5eb8e8c7f16ed15ad74d,1,1,355,188,False,False
r3-pilot,62fc2a11f58ff84c748cd8a90968846c022685dcbd0d5eb8e8c7f16ed15ad74d,1,1,356,188,False,False
r3-pilot,62fc2a11f58ff84c748cd8a90968846c022685dcbd0d5eb8e8c7f16ed15ad74d,1,1,357,188,False,False
r3-pilot,62fc2a11f58ff84c748cd8a90968846c022685dcbd0d5eb8e8c7f16ed15ad74d,1,1,358,188,False,False
r3-pilot,62fc2a11f58ff84c748cd8a90968846c022685dcbd0d5eb8e8c7f16ed15ad74d,1,1,359,188,False,False
r3-pilot,62fc2a11f58ff84c748cd8a90968846c022685dcbd0d5eb8e8c7f16ed15ad74d,1,1,360,188,False,False
r3-pilot,62fc2a11f58ff84c748cd8a90968846c022685dcbd0d5eb8e8c7f16ed15ad74d,1,1,361,188,False,False
r3-pilot,62fc2a11f58ff84c748cd8a90968846c022685dcbd0d5eb8e8c7f16ed15ad74d,1,1,362,188,False,False
r3-pilot,62fc2a11f58ff84c748cd8a90968846c022685dcbd0d5eb8e8c7f16ed15ad74d,1,1,363,188,False,False
r3-pilot,62fc2a11f58ff84c748cd8a90968846c022685dcbd0d5eb8e8c7f16ed15ad74d,1,1,364,188,False,False
r3-pilot,62fc2a11f58ff84c748cd8a90968846c022685dcbd0d5eb8e8c7f16ed15ad74d,1,1,365,188,False,False
r3-pilot,62fc2a11f58ff84c748cd8a90968846c022685dcbd0d5eb8e8c7f16ed15ad74d,1,1,366,188,False,False
r3-pilot,62fc2a11f58ff84c748cd8a90968846c022685dcbd0d5eb8e8c7f16ed15ad74d,1,1,367,188,False,False
r3-pilot,62fc2a11f58ff84c748cd8a90968846c022685dcbd0d5eb8e8c7f16ed15ad74d,1,1,368,188,False,False
r3-pilot,62fc2a11f58ff84c748cd8a90968846c022685dcbd0d5eb8e8c7f16ed15ad74d,1,1,369,188,False,False
r3-pilot,62fc2a11f58ff84c748cd8a90968846c022685dcbd0d5eb8e8c7f16ed15ad74d,1,1,286,189,False,True
r3-pilot,62fc2a11f58ff84c748cd8a90968846c022685dcbd0d5eb8e8c7f16ed15ad74d,1,1,288,189,False,False
r3-pilot,62fc2a11f58ff84c748cd8a90968846c022685dcbd0d5eb8e8c7f16ed15ad74d,1,1,289,189,False,False
r3-pilot,62fc2a11f58ff84c748cd8a90968846c022685dcbd0d5eb8e8c7f16ed15ad74d,1,1,290,189,False,False
r3-pilot,62fc2a11f58ff84c748cd8a90968846c022685dcbd0d5eb8e8c7f16ed15ad74d,1,1,291,189,False,False
r3-pilot,62fc2a11f58ff84c748cd8a90968846c022685dcbd0d5eb8e8c7f16ed15ad74d,1,1,292,189,False,False
r3-pilot,62fc2a11f58ff84c748cd8a90968846c022685dcbd0d5eb8e8c7f16ed15ad74d,1,1,293,189,False,False
r3-pilot,62fc2a11f58ff84c748cd8a90968846c022685dcbd0d5eb8e8c7f16ed15ad74d,1,1,294,189,False,False
r3-pilot,62fc2a11f58ff84c748cd8a90968846c022685dcbd0d5eb8e8c7f16ed15ad74d,1,1,295,189,False,False
r3-pilot,62fc2a11f58ff84c748cd8a90968846c022685dcbd0d5eb8e8c7f16ed15ad74d,1,1,296,189,False,False
r3-pilot,62fc2a11f58ff84c748cd8a90968846c022685dcbd0d5eb8e8c7f16ed15ad74d,1,1,297,189,False,False
r3-pilot,62fc2a11f58ff84c748cd8a90968846c022685dcbd0d5eb8e8c7f16ed15ad74d,1,1,298,189,False,False
r3-pilot,62fc2a11f58ff84c748cd8a90968846c022685dcbd0d5eb8e8c7f16ed15ad74d,1,1,299,189,False,False
r3-pilot,62fc2a11f58ff84c748cd8a90968846c022685dcbd0d5eb8e8c7f16ed15ad74d,1,1,300,189,False,False
r3-pilot,62fc2a11f58ff84c748cd8a90968846c022685dcbd0d5eb8e8c7f16ed15ad74d,1,1,301,189,False,False
r3-pilot,62fc2a11f58ff84c748cd8a90968846c022685dcbd0d5eb8e8c7f16ed15ad74d,1,1,302,189,False,False
r3-pilot,62fc2a11f58ff84c748cd8a90968846c022685dcbd0d5eb8e8c7f16ed15ad74d,1,1,303,189,False,False
r3-pilot,62fc2a11f58ff84c748cd8a90968846c022685dcbd0d5eb8e8c7f16ed15ad74d,1,1,304,189,False,False
r3-pilot,62fc2a11f58ff84c748cd8a90968846c022685dcbd0d5eb8e8c7f16ed15ad74d,1,1,305,189,False,False
r3-pilot,62fc2a11f58ff84c748cd8a90968846c022685dcbd0d5eb8e8c7f16ed15ad74d,1,1,306,189,False,False
r3-pilot,62fc2a11f58ff84c748cd8a90968846c022685dcbd0d5eb8e8c7f16ed15ad74d,1,1,307,189,False,False
r3-pilot,62fc2a11f58ff84c748cd8a90968846c022685dcbd0d5eb8e8c7f16ed15ad74d,1,1,308,189,False,False
r3-pilot,62fc2a11f58ff84c748cd8a90968846c022685dcbd0d5eb8e8c7f16ed15ad74d,1,1,309,189,False,False
r3-pilot,62fc2a11f58ff84c748cd8a90968846c022685dcbd0d5eb8e8c7f16ed15ad74d,1,1,310,189,False,False
r3-pilot,62fc2a11f58ff84c748cd8a90968846c022685dcbd0d5eb8e8c7f16ed15ad74d,1,1,311,189,False,False
r3-pilot,62fc2a11f58ff84c748cd8a90968846c022685dcbd0d5eb8e8c7f16ed15ad74d,1,1,312,189,False,False
r3-pilot,62fc2a11f58ff84c748cd8a90968846c022685dcbd0d5eb8e8c7f16ed15ad74d,1,1,313,189,False,False
r3-pilot,62fc2a11f58ff84c748cd8a90968846c022685dcbd0d5eb8e8c7f16ed15ad74d,1,1,314,189,False,False
r3-pilot,62fc2a11f58ff84c748cd8a90968846c022685dcbd0d5eb8e8c7f16ed15ad74d,1,1,315,189,False,False
r3-pilot,62fc2a11f58ff84c748cd8a90968846c022685dcbd0d5eb8e8c7f16ed15ad74d,1,1,316,189,False,False
r3-pilot,62fc2a11f58ff84c748cd8a90968846c022685dcbd0d5eb8e8c7f16ed15ad74d,1,1,317,189,False,False
r3-pilot,62fc2a11f58ff84c748cd8a90968846c022685dcbd0d5eb8e8c7f16ed15ad74d,1,1,318,189,False,False
r3-pilot,62fc2a11f58ff84c748cd8a90968846c022685dcbd0d5eb8e8c7f16ed15ad74d,1,1,319,189,False,False
r3-pilot,62fc2a11f58ff84c748cd8a90968846c022685dcbd0d5eb8e8c7f16ed15ad74d,1,1,320,189,False,False
r3-pilot,62fc2a11f58ff84c748cd8a90968846c022685dcbd0d5eb8e8c7f16ed15ad74d,1,1,321,189,False,False
r3-pilot,62fc2a11f58ff84c748cd8a90968846c022685dcbd0d5eb8e8c7f16ed15ad74d,1,1,322,189,False,False
r3-pilot,62fc2a11f58ff84c748cd8a90968846c022685dcbd0d5eb8e8c7f16ed15ad74d,1,1,323,189,False,False
r3-pilot,62fc2a11f58ff84c748cd8a90968846c022685dcbd0d5eb8e8c7f16ed15ad74d,1,1,324,189,False,False
r3-pilot,62fc2a11f58ff84c748cd8a90968846c022685dcbd0d5eb8e8c7f16ed15ad74d,1,1,325,189,False,False
r3-pilot,62fc2a11f58ff84c748cd8a90968846c022685dcbd0d5eb8e8c7f16ed15ad74d,1,1,326,189,False,False
r3-pilot,62fc2a11f58ff84c748cd8a90968846c022685dcbd0d5eb8e8c7f16ed15ad74d,1,1,327,189,False,False
r3-pilot,62fc2a11f58ff84c748cd8a90968846c022685dcbd0d5eb8e8c7f16ed15ad74d,1,1,328,189,False,False
r3-pilot,62fc2a11f58ff84c748cd8a90968846c022685dcbd0d5eb8e8c7f16ed15ad74d,1,1,329,189,False,False
r3-pilot,62fc2a11f58ff84c748cd8a90968846c022685dcbd0d5eb8e8c7f16ed15ad74d,1,1,330,189,False,False
r3-pilot,62fc2a11f58ff84c748cd8a90968846c022685dcbd0d5eb8e8c7f16ed15ad74d,1,1,331,189,False,False
r3-pilot,62fc2a11f58ff84c748cd8a90968846c022685dcbd0d5eb8e8c7f16ed15ad74d,1,1,332,189,False,False
r3-pilot,62fc2a11f58ff84c748cd8a90968846c022685dcbd0d5eb8e8c7f16ed15ad74d,1,1,333,189,False,False
r3-pilot,62fc2a11f58ff84c748cd8a90968846c022685dcbd0d5eb8e8c7f16ed15ad74d,1,1,334,189,False,False
r3-pilot,62fc2a11f58ff84c748cd8a90968846c022685dcbd0d5eb8e8c7f16ed15ad74d,1,1,335,189,False,False
r3-pilot,62fc2a11f58ff84c748cd8a90968846c022685dcbd0d5eb8e8c7f16ed15ad74d,1,1,336,189,False,False
r3-pilot,62fc2a11f58ff84c748cd8a90968846c022685dcbd0d5eb8e8c7f16ed15ad74d,1,1,337,189,False,False
r3-pilot,62fc2a11f58ff84c748cd8a90968846c022685dcbd0d5eb8e8c7f16ed15ad74d,1,1,338,189,False,False
r3-pilot,62fc2a11f58ff84c748cd8a90968846c022685dcbd0d5eb8e8c7f16ed15ad74d,1,1,339,189,False,False
r3-pilot,62fc2a11f58ff84c748cd8a90968846c022685dcbd0d5eb8e8c7f16ed15ad74d,1,1,340,189,False,False
r3-pilot,62fc2a11f58ff84c748cd8a90968846c022685dcbd0d5eb8e8c7f16ed15ad74d,1,1,341,189,False,False
r3-pilot,62fc2a11f58ff84c748cd8a90968846c022685dcbd0d5eb8e8c7f16ed15ad74d,1,1,342,189,False,False
r3-pilot,62fc2a11f58ff84c748cd8a90968846c022685dcbd0d5eb8e8c7f16ed15ad74d,1,1,343,189,False,False
r3-pilot,62fc2a11f58ff84c748cd8a90968846c022685dcbd0d5eb8e8c7f16ed15ad74d,1,1,344,189,False,False
r3-pilot,62fc2a11f58ff84c748cd8a90968846c022685dcbd0d5eb8e8c7f16ed15ad74d,1,1,345,189,False,False
r3-pilot,62fc2a11f58ff84c748cd8a90968846c022685dcbd0d5eb8e8c7f16ed15ad74d,1,1,346,189,False,False
r3-pilot,62fc2a11f58ff84c748cd8a90968846c022685dcbd0d5eb8e8c7f16ed15ad74d,1,1,347,189,False,False
r3-pilot,62fc2a11f58ff84c748cd8a90968846c022685dcbd0d5eb8e8c7f16ed15ad74d,1,1,348,189,False,False
r3-pilot,62fc2a11f58ff84c748cd8a90968846c022685dcbd0d5eb8e8c7f16ed15ad74d,1,1,349,189,False,False
r3-pilot,62fc2a11f58ff84c748cd8a90968846c022685dcbd0d5eb8e8c7f16ed15ad74d,1,1,350,189,False,False
r3-pilot,62fc2a11f58ff84c748cd8a90968846c022685dcbd0d5eb8e8c7f16ed15ad74d,1,1,351,189,False,False
r3-pilot,62fc2a11f58ff84c748cd8a90968846c022685dcbd0d5eb8e8c7f16ed15ad74d,1,1,352,189,False,False
r3-pilot,62fc2a11f58ff84c748cd8a90968846c022685dcbd0d5eb8e8c7f16ed15ad74d,1,1,353,189,False,False
r3-pilot,62fc2a11f58ff84c748cd8a90968846c022685dcbd0d5eb8e8c7f16ed15ad74d,1,1,354,189,False,False
r3-pilot,62fc2a11f58ff84c748cd8a90968846c022685dcbd0d5eb8e8c7f16ed15ad74d,1,1,355,189,False,False
r3-pilot,62fc2a11f58ff84c748cd8a90968846c022685dcbd0d5eb8e8c7f16ed15ad74d,1,1,356,189,False,False
r3-pilot,62fc2a11f58ff84c748cd8a90968846c022685dcbd0d5eb8e8c7f16ed15ad74d,1,1,357,189,False,False
r3-pilot,62fc2a11f58ff84c748cd8a90968846c022685dcbd0d5eb8e8c7f16ed15ad74d,1,1,358,189,False,False
r3-pilot,62fc2a11f58ff84c748cd8a90968846c022685dcbd0d5eb8e8c7f16ed15ad74d,1,1,359,189,False,False
r3-pilot,62fc2a11f58ff84c748cd8a90968846c022685dcbd0d5eb8e8c7f16ed15ad74d,1,1,360,189,False,False
r3-pilot,62fc2a11f58ff84c748cd8a90968846c022685dcbd0d5eb8e8c7f16ed15ad74d,1,1,361,189,False,False
r3-pilot,62fc2a11f58ff84c748cd8a90968846c022685dcbd0d5eb8e8c7f16ed15ad74d,1,1,362,189,False,False
r3-pilot,62fc2a11f58ff84c748cd8a90968846c022685dcbd0d5eb8e8c7f16ed15ad74d,1,1,363,189,False,False
r3-pilot,62fc2a11f58ff84c748cd8a90968846c022685dcbd0d5eb8e8c7f16ed15ad74d,1,1,364,189,False,False
r3-pilot,62fc2a11f58ff84c748cd8a90968846c022685dcbd0d5eb8e8c7f16ed15ad74d,1,1,365,189,False,False
r3-pilot,62fc2a11f58ff84c748cd8a90968846c022685dcbd0d5eb8e8c7f16ed15ad74d,1,1,366,189,False,False
r3-pilot,62fc2a11f58ff84c748cd8a90968846c022685dcbd0d5eb8e8c7f16ed15ad74d,1,1,367,189,False,False
r3-pilot,62fc2a11f58ff84c748cd8a90968846c022685dcbd0d5eb8e8c7f16ed15ad74d,1,1,368,189,False,False
r3-pilot,62fc2a11f58ff84c748cd8a90968846c022685dcbd0d5eb8e8c7f16ed15ad74d,1,1,369,189,False,False
r3-pilot,62fc2a11f58ff84c748cd8a90968846c022685dcbd0d5eb8e8c7f16ed15ad74d,1,1,288,190,False,False
r3-pilot,62fc2a11f58ff84c748cd8a90968846c022685dcbd0d5eb8e8c7f16ed15ad74d,1,1,289,190,False,False
r3-pilot,62fc2a11f58ff84c748cd8a90968846c022685dcbd0d5eb8e8c7f16ed15ad74d,1,1,290,190,False,False
r3-pilot,62fc2a11f58ff84c748cd8a90968846c022685dcbd0d5eb8e8c7f16ed15ad74d,1,1,291,190,False,False
r3-pilot,62fc2a11f58ff84c748cd8a90968846c022685dcbd0d5eb8e8c7f16ed15ad74d,1,1,292,190,False,False
r3-pilot,62fc2a11f58ff84c748cd8a90968846c022685dcbd0d5eb8e8c7f16ed15ad74d,1,1,293,190,False,False
r3-pilot,62fc2a11f58ff84c748cd8a90968846c022685dcbd0d5eb8e8c7f16ed15ad74d,1,1,294,190,False,False
r3-pilot,62fc2a11f58ff84c748cd8a90968846c022685dcbd0d5eb8e8c7f16ed15ad74d,1,1,295,190,False,False
r3-pilot,62fc2a11f58ff84c748cd8a90968846c022685dcbd0d5eb8e8c7f16ed15ad74d,1,1,296,190,False,False
r3-pilot,62fc2a11f58ff84c748cd8a90968846c022685dcbd0d5eb8e8c7f16ed15ad74d,1,1,297,190,False,False
r3-pilot,62fc2a11f58ff84c748cd8a90968846c022685dcbd0d5eb8e8c7f16ed15ad74d,1,1,298,190,False,False
r3-pilot,62fc2a11f58ff84c748cd8a90968846c022685dcbd0d5eb8e8c7f16ed15ad74d,1,1,299,190,False,False
r3-pilot,62fc2a11f58ff84c748cd8a90968846c022685dcbd0d5eb8e8c7f16ed15ad74d,1,1,300,190,False,False
r3-pilot,62fc2a11f58ff84c748cd8a90968846c022685dcbd0d5eb8e8c7f16ed15ad74d,1,1,301,190,False,False
r3-pilot,62fc2a11f58ff84c748cd8a90968846c022685dcbd0d5eb8e8c7f16ed15ad74d,1,1,302,190,False,False
r3-pilot,62fc2a11f58ff84c748cd8a90968846c022685dcbd0d5eb8e8c7f16ed15ad74d,1,1,303,190,False,False
r3-pilot,62fc2a11f58ff84c748cd8a90968846c022685dcbd0d5eb8e8c7f16ed15ad74d,1,1,304,190,False,False
r3-pilot,62fc2a11f58ff84c748cd8a90968846c022685dcbd0d5eb8e8c7f16ed15ad74d,1,1,305,190,False,False
r3-pilot,62fc2a11f58ff84c748cd8a90968846c022685dcbd0d5eb8e8c7f16ed15ad74d,1,1,306,190,False,False
r3-pilot,62fc2a11f58ff84c748cd8a90968846c022685dcbd0d5eb8e8c7f16ed15ad74d,1,1,307,190,False,False
r3-pilot,62fc2a11f58ff84c748cd8a90968846c022685dcbd0d5eb8e8c7f16ed15ad74d,1,1,308,190,False,False
r3-pilot,62fc2a11f58ff84c748cd8a90968846c022685dcbd0d5eb8e8c7f16ed15ad74d,1,1,309,190,False,False
r3-pilot,62fc2a11f58ff84c748cd8a90968846c022685dcbd0d5eb8e8c7f16ed15ad74d,1,1,310,190,False,False
r3-pilot,62fc2a11f58ff84c748cd8a90968846c022685dcbd0d5eb8e8c7f16ed15ad74d,1,1,311,190,False,False
r3-pilot,62fc2a11f58ff84c748cd8a90968846c022685dcbd0d5eb8e8c7f16ed15ad74d,1,1,312,190,False,False
r3-pilot,62fc2a11f58ff84c748cd8a90968846c022685dcbd0d5eb8e8c7f16ed15ad74d,1,1,313,190,False,False
r3-pilot,62fc2a11f58ff84c748cd8a90968846c022685dcbd0d5eb8e8c7f16ed15ad74d,1,1,314,190,False,False
r3-pilot,62fc2a11f58ff84c748cd8a90968846c022685dcbd0d5eb8e8c7f16ed15ad74d,1,1,315,190,False,False
r3-pilot,62fc2a11f58ff84c748cd8a90968846c022685dcbd0d5eb8e8c7f16ed15ad74d,1,1,316,190,False,False
r3-pilot,62fc2a11f58ff84c748cd8a90968846c022685dcbd0d5eb8e8c7f16ed15ad74d,1,1,317,190,False,False
r3-pilot,62fc2a11f58ff84c748cd8a90968846c022685dcbd0d5eb8e8c7f16ed15ad74d,1,1,318,190,False,False
r3-pilot,62fc2a11f58ff84c748cd8a90968846c022685dcbd0d5eb8e8c7f16ed15ad74d,1,1,319,190,False,False
r3-pilot,62fc2a11f58ff84c748cd8a90968846c022685dcbd0d5eb8e8c7f16ed15ad74d,1,1,320,190,False,False
r3-pilot,62fc2a11f58ff84c748cd8a90968846c022685dcbd0d5eb8e8c7f16ed15ad74d,1,1,321,190,False,False
r3-pilot,62fc2a11f58ff84c748cd8a90968846c022685dcbd0d5eb8e8c7f16ed15ad74d,1,1,322,190,False,False
r3-pilot,62fc2a11f58ff84c748cd8a90968846c022685dcbd0d5eb8e8c7f16ed15ad74d,1,1,323,190,False,False
r3-pilot,62fc2a11f58ff84c748cd8a90968846c022685dcbd0d5eb8e8c7f16ed15ad74d,1,1,324,190,False,False
r3-pilot,62fc2a11f58ff84c748cd8a90968846c022685dcbd0d5eb8e8c7f16ed15ad74d,1,1,325,190,False,False
r3-pilot,62fc2a11f58ff84c748cd8a90968846c022685dcbd0d5eb8e8c7f16ed15ad74d,1,1,326,190,False,False
r3-pilot,62fc2a11f58ff84c748cd8a90968846c022685dcbd0d5eb8e8c7f16ed15ad74d,1,1,327,190,False,False
r3-pilot,62fc2a11f58ff84c748cd8a90968846c022685dcbd0d5eb8e8c7f16ed15ad74d,1,1,328,190,False,False
r3-pilot,62fc2a11f58ff84c748cd8a90968846c022685dcbd0d5eb8e8c7f16ed15ad74d,1,1,329,190,False,False
r3-pilot,62fc2a11f58ff84c748cd8a90968846c022685dcbd0d5eb8e8c7f16ed15ad74d,1,1,330,190,False,False
r3-pilot,62fc2a11f58ff84c748cd8a90968846c022685dcbd0d5eb8e8c7f16ed15ad74d,1,1,331,190,False,False
r3-pilot,62fc2a11f58ff84c748cd8a90968846c022685dcbd0d5eb8e8c7f16ed15ad74d,1,1,332,190,False,False
r3-pilot,62fc2a11f58ff84c748cd8a90968846c022685dcbd0d5eb8e8c7f16ed15ad74d,1,1,333,190,False,False
r3-pilot,62fc2a11f58ff84c748cd8a90968846c022685dcbd0d5eb8e8c7f16ed15ad74d,1,1,334,190,False,False
r3-pilot,62fc2a11f58ff84c748cd8a90968846c022685dcbd0d5eb8e8c7f16ed15ad74d,1,1,335,190,False,False
r3-pilot,62fc2a11f58ff84c748cd8a90968846c022685dcbd0d5eb8e8c7f16ed15ad74d,1,1,336,190,False,False
r3-pilot,62fc2a11f58ff84c748cd8a90968846c022685dcbd0d5eb8e8c7f16ed15ad74d,1,1,337,190,False,False
r3-pilot,62fc2a11f58ff84c748cd8a90968846c022685dcbd0d5eb8e8c7f16ed15ad74d,1,1,338,190,False,False
r3-pilot,62fc2a11f58ff84c748cd8a90968846c022685dcbd0d5eb8e8c7f16ed15ad74d,1,1,339,190,False,False
r3-pilot,62fc2a11f58ff84c748cd8a90968846c022685dcbd0d5eb8e8c7f16ed15ad74d,1,1,340,190,False,False
r3-pilot,62fc2a11f58ff84c748cd8a90968846c022685dcbd0d5eb8e8c7f16ed15ad74d,1,1,341,190,False,False
r3-pilot,62fc2a11f58ff84c748cd8a90968846c022685dcbd0d5eb8e8c7f16ed15ad74d,1,1,342,190,False,False
r3-pilot,62fc2a11f58ff84c748cd8a90968846c022685dcbd0d5eb8e8c7f16ed15ad74d,1,1,343,190,False,False
r3-pilot,62fc2a11f58ff84c748cd8a90968846c022685dcbd0d5eb8e8c7f16ed15ad74d,1,1,344,190,False,False
r3-pilot,62fc2a11f58ff84c748cd8a90968846c022685dcbd0d5eb8e8c7f16ed15ad74d,1,1,345,190,False,False
r3-pilot,62fc2a11f58ff84c748cd8a90968846c022685dcbd0d5eb8e8c7f16ed15ad74d,1,1,346,190,False,False
r3-pilot,62fc2a11f58ff84c748cd8a90968846c022685dcbd0d5eb8e8c7f16ed15ad74d,1,1,347,190,False,False
r3-pilot,62fc2a11f58ff84c748cd8a90968846c022685dcbd0d5eb8e8c7f16ed15ad74d,1,1,348,190,False,False
r3-pilot,62fc2a11f58ff84c748cd8a90968846c022685dcbd0d5eb8e8c7f16ed15ad74d,1,1,349,190,False,False
r3-pilot,62fc2a11f58ff84c748cd8a90968846c022685dcbd0d5eb8e8c7f16ed15ad74d,1,1,350,190,False,False
r3-pilot,62fc2a11f58ff84c748cd8a90968846c022685dcbd0d5eb8e8c7f16ed15ad74d,1,1,351,190,False,False
r3-pilot,62fc2a11f58ff84c748cd8a90968846c022685dcbd0d5eb8e8c7f16ed15ad74d,1,1,352,190,False,False
r3-pilot,62fc2a11f58ff84c748cd8a90968846c022685dcbd0d5eb8e8c7f16ed15ad74d,1,1,353,190,False,False
r3-pilot,62fc2a11f58ff84c748cd8a90968846c022685dcbd0d5eb8e8c7f16ed15ad74d,1,1,354,190,False,False
r3-pilot,62fc2a11f58ff84c748cd8a90968846c022685dcbd0d5eb8e8c7f16ed15ad74d,1,1,355,190,False,False
r3-pilot,62fc2a11f58ff84c748cd8a90968846c022685dcbd0d5eb8e8c7f16ed15ad74d,1,1,356,190,False,False
r3-pilot,62fc2a11f58ff84c748cd8a90968846c022685dcbd0d5eb8e8c7f16ed15ad74d,1,1,357,190,False,False
r3-pilot,62fc2a11f58ff84c748cd8a90968846c022685dcbd0d5eb8e8c7f16ed15ad74d,1,1,358,190,False,False
r3-pilot,62fc2a11f58ff84c748cd8a90968846c022685dcbd0d5eb8e8c7f16ed15ad74d,1,1,359,190,False,False
r3-pilot,62fc2a11f58ff84c748cd8a90968846c022685dcbd0d5eb8e8c7f16ed15ad74d,1,1,360,190,False,False
r3-pilot,62fc2a11f58ff84c748cd8a90968846c022685dcbd0d5eb8e8c7f16ed15ad74d,1,1,361,190,False,False
r3-pilot,62fc2a11f58ff84c748cd8a90968846c022685dcbd0d5eb8e8c7f16ed15ad74d,1,1,362,190,False,False
r3-pilot,62fc2a11f58ff84c748cd8a90968846c022685dcbd0d5eb8e8c7f16ed15ad74d,1,1,363,190,False,False
r3-pilot,62fc2a11f58ff84c748cd8a90968846c022685dcbd0d5eb8e8c7f16ed15ad74d,1,1,364,190,False,False
r3-pilot,62fc2a11f58ff84c748cd8a90968846c022685dcbd0d5eb8e8c7f16ed15ad74d,1,1,365,190,False,False
r3-pilot,62fc2a11f58ff84c748cd8a90968846c022685dcbd0d5eb8e8c7f16ed15ad74d,1,1,366,190,False,False
r3-pilot,62fc2a11f58ff84c748cd8a90968846c022685dcbd0d5eb8e8c7f16ed15ad74d,1,1,367,190,False,False
r3-pilot,62fc2a11f58ff84c748cd8a90968846c022685dcbd0d5eb8e8c7f16ed15ad74d,1,1,368,190,False,False
r3-pilot,62fc2a11f58ff84c748cd8a90968846c022685dcbd0d5eb8e8c7f16ed15ad74d,1,1,369,190,False,False
r3-pilot,62fc2a11f58ff84c748cd8a90968846c022685dcbd0d5eb8e8c7f16ed15ad74d,1,1,288,191,False,False
r3-pilot,62fc2a11f58ff84c748cd8a90968846c022685dcbd0d5eb8e8c7f16ed15ad74d,1,1,289,191,False,False
r3-pilot,62fc2a11f58ff84c748cd8a90968846c022685dcbd0d5eb8e8c7f16ed15ad74d,1,1,290,191,False,False
r3-pilot,62fc2a11f58ff84c748cd8a90968846c022685dcbd0d5eb8e8c7f16ed15ad74d,1,1,291,191,False,False
r3-pilot,62fc2a11f58ff84c748cd8a90968846c022685dcbd0d5eb8e8c7f16ed15ad74d,1,1,292,191,False,False
r3-pilot,62fc2a11f58ff84c748cd8a90968846c022685dcbd0d5eb8e8c7f16ed15ad74d,1,1,293,191,False,False
r3-pilot,62fc2a11f58ff84c748cd8a90968846c022685dcbd0d5eb8e8c7f16ed15ad74d,1,1,294,191,False,False
r3-pilot,62fc2a11f58ff84c748cd8a90968846c022685dcbd0d5eb8e8c7f16ed15ad74d,1,1,295,191,False,False
r3-pilot,62fc2a11f58ff84c748cd8a90968846c022685dcbd0d5eb8e8c7f16ed15ad74d,1,1,296,191,False,False
r3-pilot,62fc2a11f58ff84c748cd8a90968846c022685dcbd0d5eb8e8c7f16ed15ad74d,1,1,297,191,False,False
r3-pilot,62fc2a11f58ff84c748cd8a90968846c022685dcbd0d5eb8e8c7f16ed15ad74d,1,1,298,191,False,False
r3-pilot,62fc2a11f58ff84c748cd8a90968846c022685dcbd0d5eb8e8c7f16ed15ad74d,1,1,299,191,False,False
r3-pilot,62fc2a11f58ff84c748cd8a90968846c022685dcbd0d5eb8e8c7f16ed15ad74d,1,1,300,191,False,False
r3-pilot,62fc2a11f58ff84c748cd8a90968846c022685dcbd0d5eb8e8c7f16ed15ad74d,1,1,301,191,False,False
r3-pilot,62fc2a11f58ff84c748cd8a90968846c022685dcbd0d5eb8e8c7f16ed15ad74d,1,1,302,191,False,False
r3-pilot,62fc2a11f58ff84c748cd8a90968846c022685dcbd0d5eb8e8c7f16ed15ad74d,1,1,303,191,False,False
r3-pilot,62fc2a11f58ff84c748cd8a90968846c022685dcbd0d5eb8e8c7f16ed15ad74d,1,1,304,191,False,False
r3-pilot,62fc2a11f58ff84c748cd8a90968846c022685dcbd0d5eb8e8c7f16ed15ad74d,1,1,305,191,False,False
r3-pilot,62fc2a11f58ff84c748cd8a90968846c022685dcbd0d5eb8e8c7f16ed15ad74d,1,1,306,191,False,False
r3-pilot,62fc2a11f58ff84c748cd8a90968846c022685dcbd0d5eb8e8c7f16ed15ad74d,1,1,307,191,False,False
r3-pilot,62fc2a11f58ff84c748cd8a90968846c022685dcbd0d5eb8e8c7f16ed15ad74d,1,1,308,191,False,False
r3-pilot,62fc2a11f58ff84c748cd8a90968846c022685dcbd0d5eb8e8c7f16ed15ad74d,1,1,309,191,False,False
r3-pilot,62fc2a11f58ff84c748cd8a90968846c022685dcbd0d5eb8e8c7f16ed15ad74d,1,1,310,191,False,False
r3-pilot,62fc2a11f58ff84c748cd8a90968846c022685dcbd0d5eb8e8c7f16ed15ad74d,1,1,311,191,False,False
r3-pilot,62fc2a11f58ff84c748cd8a90968846c022685dcbd0d5eb8e8c7f16ed15ad74d,1,1,312,191,False,False
r3-pilot,62fc2a11f58ff84c748cd8a90968846c022685dcbd0d5eb8e8c7f16ed15ad74d,1,1,313,191,False,False
r3-pilot,62fc2a11f58ff84c748cd8a90968846c022685dcbd0d5eb8e8c7f16ed15ad74d,1,1,314,191,False,False
r3-pilot,62fc2a11f58ff84c748cd8a90968846c022685dcbd0d5eb8e8c7f16ed15ad74d,1,1,315,191,False,False
r3-pilot,62fc2a11f58ff84c748cd8a90968846c022685dcbd0d5eb8e8c7f16ed15ad74d,1,1,316,191,False,False
r3-pilot,62fc2a11f58ff84c748cd8a90968846c022685dcbd0d5eb8e8c7f16ed15ad74d,1,1,317,191,False,False
r3-pilot,62fc2a11f58ff84c748cd8a90968846c022685dcbd0d5eb8e8c7f16ed15ad74d,1,1,318,191,False,False
r3-pilot,62fc2a11f58ff84c748cd8a90968846c022685dcbd0d5eb8e8c7f16ed15ad74d,1,1,319,191,False,False
r3-pilot,62fc2a11f58ff84c748cd8a90968846c022685dcbd0d5eb8e8c7f16ed15ad74d,1,1,320,191,False,False
r3-pilot,62fc2a11f58ff84c748cd8a90968846c022685dcbd0d5eb8e8c7f16ed15ad74d,1,1,321,191,False,False
r3-pilot,62fc2a11f58ff84c748cd8a90968846c022685dcbd0d5eb8e8c7f16ed15ad74d,1,1,322,191,False,False
r3-pilot,62fc2a11f58ff84c748cd8a90968846c022685dcbd0d5eb8e8c7f16ed15ad74d,1,1,323,191,False,False
r3-pilot,62fc2a11f58ff84c748cd8a90968846c022685dcbd0d5eb8e8c7f16ed15ad74d,1,1,324,191,False,False
r3-pilot,62fc2a11f58ff84c748cd8a90968846c022685dcbd0d5eb8e8c7f16ed15ad74d,1,1,325,191,False,False
r3-pilot,62fc2a11f58ff84c748cd8a90968846c022685dcbd0d5eb8e8c7f16ed15ad74d,1,1,326,191,False,False
r3-pilot,62fc2a11f58ff84c748cd8a90968846c022685dcbd0d5eb8e8c7f16ed15ad74d,1,1,327,191,False,False
r3-pilot,62fc2a11f58ff84c748cd8a90968846c022685dcbd0d5eb8e8c7f16ed15ad74d,1,1,328,191,False,False
r3-pilot,62fc2a11f58ff84c748cd8a90968846c022685dcbd0d5eb8e8c7f16ed15ad74d,1,1,329,191,False,False
r3-pilot,62fc2a11f58ff84c748cd8a90968846c022685dcbd0d5eb8e8c7f16ed15ad74d,1,1,330,191,False,False
r3-pilot,62fc2a11f58ff84c748cd8a90968846c022685dcbd0d5eb8e8c7f16ed15ad74d,1,1,331,191,False,False
r3-pilot,62fc2a11f58ff84c748cd8a90968846c022685dcbd0d5eb8e8c7f16ed15ad74d,1,1,332,191,False,False
r3-pilot,62fc2a11f58ff84c748cd8a90968846c022685dcbd0d5eb8e8c7f16ed15ad74d,1,1,333,191,False,False
r3-pilot,62fc2a11f58ff84c748cd8a90968846c022685dcbd0d5eb8e8c7f16ed15ad74d,1,1,334,191,False,False
r3-pilot,62fc2a11f58ff84c748cd8a90968846c022685dcbd0d5eb8e8c7f16ed15ad74d,1,1,335,191,False,False
r3-pilot,62fc2a11f58ff84c748cd8a90968846c022685dcbd0d5eb8e8c7f16ed15ad74d,1,1,336,191,False,False
r3-pilot,62fc2a11f58ff84c748cd8a90968846c022685dcbd0d5eb8e8c7f16ed15ad74d,1,1,337,191,False,False
r3-pilot,62fc2a11f58ff84c748cd8a90968846c022685dcbd0d5eb8e8c7f16ed15ad74d,1,1,338,191,False,False
r3-pilot,62fc2a11f58ff84c748cd8a90968846c022685dcbd0d5eb8e8c7f16ed15ad74d,1,1,339,191,False,False
r3-pilot,62fc2a11f58ff84c748cd8a90968846c022685dcbd0d5eb8e8c7f16ed15ad74d,1,1,340,191,False,False
r3-pilot,62fc2a11f58ff84c748cd8a90968846c022685dcbd0d5eb8e8c7f16ed15ad74d,1,1,341,191,False,False
r3-pilot,62fc2a11f58ff84c748cd8a90968846c022685dcbd0d5eb8e8c7f16ed15ad74d,1,1,342,191,False,False
r3-pilot,62fc2a11f58ff84c748cd8a90968846c022685dcbd0d5eb8e8c7f16ed15ad74d,1,1,343,191,False,False
r3-pilot,62fc2a11f58ff84c748cd8a90968846c022685dcbd0d5eb8e8c7f16ed15ad74d,1,1,344,191,False,False
r3-pilot,62fc2a11f58ff84c748cd8a90968846c022685dcbd0d5eb8e8c7f16ed15ad74d,1,1,345,191,False,False
r3-pilot,62fc2a11f58ff84c748cd8a90968846c022685dcbd0d5eb8e8c7f16ed15ad74d,1,1,346,191,False,False
r3-pilot,62fc2a11f58ff84c748cd8a90968846c022685dcbd0d5eb8e8c7f16ed15ad74d,1,1,347,191,False,False
r3-pilot,62fc2a11f58ff84c748cd8a90968846c022685dcbd0d5eb8e8c7f16ed15ad74d,1,1,348,191,False,False
r3-pilot,62fc2a11f58ff84c748cd8a90968846c022685dcbd0d5eb8e8c7f16ed15ad74d,1,1,349,191,False,False
r3-pilot,62fc2a11f58ff84c748cd8a90968846c022685dcbd0d5eb8e8c7f16ed15ad74d,1,1,350,191,False,False
r3-pilot,62fc2a11f58ff84c748cd8a90968846c022685dcbd0d5eb8e8c7f16ed15ad74d,1,1,351,191,False,False
r3-pilot,62fc2a11f58ff84c748cd8a90968846c022685dcbd0d5eb8e8c7f16ed15ad74d,1,1,352,191,False,False
r3-pilot,62fc2a11f58ff84c748cd8a90968846c022685dcbd0d5eb8e8c7f16ed15ad74d,1,1,353,191,False,False
r3-pilot,62fc2a11f58ff84c748cd8a90968846c022685dcbd0d5eb8e8c7f16ed15ad74d,1,1,354,191,False,False
r3-pilot,62fc2a11f58ff84c748cd8a90968846c022685dcbd0d5eb8e8c7f16ed15ad74d,1,1,355,191,False,False
r3-pilot,62fc2a11f58ff84c748cd8a90968846c022685dcbd0d5eb8e8c7f16ed15ad74d,1,1,356,191,False,False
r3-pilot,62fc2a11f58ff84c748cd8a90968846c022685dcbd0d5eb8e8c7f16ed15ad74d,1,1,357,191,False,False
r3-pilot,62fc2a11f58ff84c748cd8a90968846c022685dcbd0d5eb8e8c7f16ed15ad74d,1,1,358,191,False,False
r3-pilot,62fc2a11f58ff84c748cd8a90968846c022685dcbd0d5eb8e8c7f16ed15ad74d,1,1,359,191,False,False
r3-pilot,62fc2a11f58ff84c748cd8a90968846c022685dcbd0d5eb8e8c7f16ed15ad74d,1,1,360,191,False,False
r3-pilot,62fc2a11f58ff84c748cd8a90968846c022685dcbd0d5eb8e8c7f16ed15ad74d,1,1,361,191,False,False
r3-pilot,62fc2a11f58ff84c748cd8a90968846c022685dcbd0d5eb8e8c7f16ed15ad74d,1,1,362,191,False,False
r3-pilot,62fc2a11f58ff84c748cd8a90968846c022685dcbd0d5eb8e8c7f16ed15ad74d,1,1,363,191,False,False
r3-pilot,62fc2a11f58ff84c748cd8a90968846c022685dcbd0d5eb8e8c7f16ed15ad74d,1,1,364,191,False,False
r3-pilot,62fc2a11f58ff84c748cd8a90968846c022685dcbd0d5eb8e8c7f16ed15ad74d,1,1,365,191,False,False
r3-pilot,62fc2a11f58ff84c748cd8a90968846c022685dcbd0d5eb8e8c7f16ed15ad74d,1,1,366,191,False,False
r3-pilot,62fc2a11f58ff84c748cd8a90968846c022685dcbd0d5eb8e8c7f16ed15ad74d,1,1,367,191,False,False
r3-pilot,62fc2a11f58ff84c748cd8a90968846c022685dcbd0d5eb8e8c7f16ed15ad74d,1,1,368,191,False,False
r3-pilot,62fc2a11f58ff84c748cd8a90968846c022685dcbd0d5eb8e8c7f16ed15ad74d,1,1,369,191,False,False
r3-pilot,62fc2a11f58ff84c748cd8a90968846c022685dcbd0d5eb8e8c7f16ed15ad74d,1,1,286,192,False,True
r3-pilot,62fc2a11f58ff84c748cd8a90968846c022685dcbd0d5eb8e8c7f16ed15ad74d,1,1,287,192,False,False
r3-pilot,62fc2a11f58ff84c748cd8a90968846c022685dcbd0d5eb8e8c7f16ed15ad74d,1,1,288,192,False,False
r3-pilot,62fc2a11f58ff84c748cd8a90968846c022685dcbd0d5eb8e8c7f16ed15ad74d,1,1,289,192,False,False
r3-pilot,62fc2a11f58ff84c748cd8a90968846c022685dcbd0d5eb8e8c7f16ed15ad74d,1,1,290,192,False,False
r3-pilot,62fc2a11f58ff84c748cd8a90968846c022685dcbd0d5eb8e8c7f16ed15ad74d,1,1,291,192,False,False
r3-pilot,62fc2a11f58ff84c748cd8a90968846c022685dcbd0d5eb8e8c7f16ed15ad74d,1,1,292,192,False,False
r3-pilot,62fc2a11f58ff84c748cd8a90968846c022685dcbd0d5eb8e8c7f16ed15ad74d,1,1,293,192,False,False
r3-pilot,62fc2a11f58ff84c748cd8a90968846c022685dcbd0d5eb8e8c7f16ed15ad74d,1,1,294,192,False,False
r3-pilot,62fc2a11f58ff84c748cd8a90968846c022685dcbd0d5eb8e8c7f16ed15ad74d,1,1,295,192,False,False
r3-pilot,62fc2a11f58ff84c748cd8a90968846c022685dcbd0d5eb8e8c7f16ed15ad74d,1,1,296,192,False,False
r3-pilot,62fc2a11f58ff84c748cd8a90968846c022685dcbd0d5eb8e8c7f16ed15ad74d,1,1,297,192,False,False
r3-pilot,62fc2a11f58ff84c748cd8a90968846c022685dcbd0d5eb8e8c7f16ed15ad74d,1,1,298,192,False,False
r3-pilot,62fc2a11f58ff84c748cd8a90968846c022685dcbd0d5eb8e8c7f16ed15ad74d,1,1,299,192,False,False
r3-pilot,62fc2a11f58ff84c748cd8a90968846c022685dcbd0d5eb8e8c7f16ed15ad74d,1,1,300,192,False,False
r3-pilot,62fc2a11f58ff84c748cd8a90968846c022685dcbd0d5eb8e8c7f16ed15ad74d,1,1,301,192,False,False
r3-pilot,62fc2a11f58ff84c748cd8a90968846c022685dcbd0d5eb8e8c7f16ed15ad74d,1,1,302,192,False,False
r3-pilot,62fc2a11f58ff84c748cd8a90968846c022685dcbd0d5eb8e8c7f16ed15ad74d,1,1,303,192,False,False
r3-pilot,62fc2a11f58ff84c748cd8a90968846c022685dcbd0d5eb8e8c7f16ed15ad74d,1,1,304,192,False,False
r3-pilot,62fc2a11f58ff84c748cd8a90968846c022685dcbd0d5eb8e8c7f16ed15ad74d,1,1,305,192,False,False
r3-pilot,62fc2a11f58ff84c748cd8a90968846c022685dcbd0d5eb8e8c7f16ed15ad74d,1,1,306,192,False,False
r3-pilot,62fc2a11f58ff84c748cd8a90968846c022685dcbd0d5eb8e8c7f16ed15ad74d,1,1,307,192,False,False
r3-pilot,62fc2a11f58ff84c748cd8a90968846c022685dcbd0d5eb8e8c7f16ed15ad74d,1,1,308,192,False,False
r3-pilot,62fc2a11f58ff84c748cd8a90968846c022685dcbd0d5eb8e8c7f16ed15ad74d,1,1,309,192,False,False
r3-pilot,62fc2a11f58ff84c748cd8a90968846c022685dcbd0d5eb8e8c7f16ed15ad74d,1,1,310,192,False,False
r3-pilot,62fc2a11f58ff84c748cd8a90968846c022685dcbd0d5eb8e8c7f16ed15ad74d,1,1,311,192,False,False
r3-pilot,62fc2a11f58ff84c748cd8a90968846c022685dcbd0d5eb8e8c7f16ed15ad74d,1,1,312,192,False,False
r3-pilot,62fc2a11f58ff84c748cd8a90968846c022685dcbd0d5eb8e8c7f16ed15ad74d,1,1,313,192,False,False
r3-pilot,62fc2a11f58ff84c748cd8a90968846c022685dcbd0d5eb8e8c7f16ed15ad74d,1,1,314,192,False,False
r3-pilot,62fc2a11f58ff84c748cd8a90968846c022685dcbd0d5eb8e8c7f16ed15ad74d,1,1,315,192,False,False
r3-pilot,62fc2a11f58ff84c748cd8a90968846c022685dcbd0d5eb8e8c7f16ed15ad74d,1,1,316,192,False,False
r3-pilot,62fc2a11f58ff84c748cd8a90968846c022685dcbd0d5eb8e8c7f16ed15ad74d,1,1,317,192,False,False
r3-pilot,62fc2a11f58ff84c748cd8a90968846c022685dcbd0d5eb8e8c7f16ed15ad74d,1,1,318,192,False,False
r3-pilot,62fc2a11f58ff84c748cd8a90968846c022685dcbd0d5eb8e8c7f16ed15ad74d,1,1,319,192,False,False
r3-pilot,62fc2a11f58ff84c748cd8a90968846c022685dcbd0d5eb8e8c7f16ed15ad74d,1,1,320,192,False,False
r3-pilot,62fc2a11f58ff84c748cd8a90968846c022685dcbd0d5eb8e8c7f16ed15ad74d,1,1,321,192,False,False
r3-pilot,62fc2a11f58ff84c748cd8a90968846c022685dcbd0d5eb8e8c7f16ed15ad74d,1,1,322,192,False,False
r3-pilot,62fc2a11f58ff84c748cd8a90968846c022685dcbd0d5eb8e8c7f16ed15ad74d,1,1,323,192,False,False
r3-pilot,62fc2a11f58ff84c748cd8a90968846c022685dcbd0d5eb8e8c7f16ed15ad74d,1,1,324,192,False,False
r3-pilot,62fc2a11f58ff84c748cd8a90968846c022685dcbd0d5eb8e8c7f16ed15ad74d,1,1,325,192,False,False
r3-pilot,62fc2a11f58ff84c748cd8a90968846c022685dcbd0d5eb8e8c7f16ed15ad74d,1,1,326,192,False,False
r3-pilot,62fc2a11f58ff84c748cd8a90968846c022685dcbd0d5eb8e8c7f16ed15ad74d,1,1,327,192,False,False
r3-pilot,62fc2a11f58ff84c748cd8a90968846c022685dcbd0d5eb8e8c7f16ed15ad74d,1,1,328,192,False,False
r3-pilot,62fc2a11f58ff84c748cd8a90968846c022685dcbd0d5eb8e8c7f16ed15ad74d,1,1,329,192,False,False
r3-pilot,62fc2a11f58ff84c748cd8a90968846c022685dcbd0d5eb8e8c7f16ed15ad74d,1,1,330,192,False,False
r3-pilot,62fc2a11f58ff84c748cd8a90968846c022685dcbd0d5eb8e8c7f16ed15ad74d,1,1,331,192,False,False
r3-pilot,62fc2a11f58ff84c748cd8a90968846c022685dcbd0d5eb8e8c7f16ed15ad74d,1,1,332,192,False,False
r3-pilot,62fc2a11f58ff84c748cd8a90968846c022685dcbd0d5eb8e8c7f16ed15ad74d,1,1,333,192,False,False
r3-pilot,62fc2a11f58ff84c748cd8a90968846c022685dcbd0d5eb8e8c7f16ed15ad74d,1,1,334,192,False,False
r3-pilot,62fc2a11f58ff84c748cd8a90968846c022685dcbd0d5eb8e8c7f16ed15ad74d,1,1,335,192,False,False
r3-pilot,62fc2a11f58ff84c748cd8a90968846c022685dcbd0d5eb8e8c7f16ed15ad74d,1,1,336,192,False,False
r3-pilot,62fc2a11f58ff84c748cd8a90968846c022685dcbd0d5eb8e8c7f16ed15ad74d,1,1,337,192,False,False
r3-pilot,62fc2a11f58ff84c748cd8a90968846c022685dcbd0d5eb8e8c7f16ed15ad74d,1,1,338,192,False,False
r3-pilot,62fc2a11f58ff84c748cd8a90968846c022685dcbd0d5eb8e8c7f16ed15ad74d,1,1,339,192,False,False
r3-pilot,62fc2a11f58ff84c748cd8a90968846c022685dcbd0d5eb8e8c7f16ed15ad74d,1,1,340,192,False,False
r3-pilot,62fc2a11f58ff84c748cd8a90968846c022685dcbd0d5eb8e8c7f16ed15ad74d,1,1,341,192,False,False
r3-pilot,62fc2a11f58ff84c748cd8a90968846c022685dcbd0d5eb8e8c7f16ed15ad74d,1,1,342,192,False,False
r3-pilot,62fc2a11f58ff84c748cd8a90968846c022685dcbd0d5eb8e8c7f16ed15ad74d,1,1,343,192,False,False
r3-pilot,62fc2a11f58ff84c748cd8a90968846c022685dcbd0d5eb8e8c7f16ed15ad74d,1,1,344,192,False,False
r3-pilot,62fc2a11f58ff84c748cd8a90968846c022685dcbd0d5eb8e8c7f16ed15ad74d,1,1,345,192,False,False
r3-pilot,62fc2a11f58ff84c748cd8a90968846c022685dcbd0d5eb8e8c7f16ed15ad74d,1,1,346,192,False,False
r3-pilot,62fc2a11f58ff84c748cd8a90968846c022685dcbd0d5eb8e8c7f16ed15ad74d,1,1,347,192,False,False
r3-pilot,62fc2a11f58ff84c748cd8a90968846c022685dcbd0d5eb8e8c7f16ed15ad74d,1,1,348,192,False,False
r3-pilot,62fc2a11f58ff84c748cd8a90968846c022685dcbd0d5eb8e8c7f16ed15ad74d,1,1,349,192,False,False
r3-pilot,62fc2a11f58ff84c748cd8a90968846c022685dcbd0d5eb8e8c7f16ed15ad74d,1,1,350,192,False,False
r3-pilot,62fc2a11f58ff84c748cd8a90968846c022685dcbd0d5eb8e8c7f16ed15ad74d,1,1,351,192,False,False
r3-pilot,62fc2a11f58ff84c748cd8a90968846c022685dcbd0d5eb8e8c7f16ed15ad74d,1,1,352,192,False,False
r3-pilot,62fc2a11f58ff84c748cd8a90968846c022685dcbd0d5eb8e8c7f16ed15ad74d,1,1,353,192,False,False
r3-pilot,62fc2a11f58ff84c748cd8a90968846c022685dcbd0d5eb8e8c7f16ed15ad74d,1,1,354,192,False,False
r3-pilot,62fc2a11f58ff84c748cd8a90968846c022685dcbd0d5eb8e8c7f16ed15ad74d,1,1,355,192,False,False
r3-pilot,62fc2a11f58ff84c748cd8a90968846c022685dcbd0d5eb8e8c7f16ed15ad74d,1,1,356,192,False,False
r3-pilot,62fc2a11f58ff84c748cd8a90968846c022685dcbd0d5eb8e8c7f16ed15ad74d,1,1,357,192,False,False
r3-pilot,62fc2a11f58ff84c748cd8a90968846c022685dcbd0d5eb8e8c7f16ed15ad74d,1,1,358,192,False,False
r3-pilot,62fc2a11f58ff84c748cd8a90968846c022685dcbd0d5eb8e8c7f16ed15ad74d,1,1,359,192,False,False
r3-pilot,62fc2a11f58ff84c748cd8a90968846c022685dcbd0d5eb8e8c7f16ed15ad74d,1,1,360,192,False,False
r3-pilot,62fc2a11f58ff84c748cd8a90968846c022685dcbd0d5eb8e8c7f16ed15ad74d,1,1,361,192,False,False
r3-pilot,62fc2a11f58ff84c748cd8a90968846c022685dcbd0d5eb8e8c7f16ed15ad74d,1,1,362,192,False,False
r3-pilot,62fc2a11f58ff84c748cd8a90968846c022685dcbd0d5eb8e8c7f16ed15ad74d,1,1,363,192,False,False
r3-pilot,62fc2a11f58ff84c748cd8a90968846c022685dcbd0d5eb8e8c7f16ed15ad74d,1,1,364,192,False,False
r3-pilot,62fc2a11f58ff84c748cd8a90968846c022685dcbd0d5eb8e8c7f16ed15ad74d,1,1,365,192,False,False
r3-pilot,62fc2a11f58ff84c748cd8a90968846c022685dcbd0d5eb8e8c7f16ed15ad74d,1,1,366,192,False,False
r3-pilot,62fc2a11f58ff84c748cd8a90968846c022685dcbd0d5eb8e8c7f16ed15ad74d,1,1,367,192,False,False
r3-pilot,62fc2a11f58ff84c748cd8a90968846c022685dcbd0d5eb8e8c7f16ed15ad74d,1,1,368,192,False,False
r3-pilot,62fc2a11f58ff84c748cd8a90968846c022685dcbd0d5eb8e8c7f16ed15ad74d,1,1,369,192,False,False
r3-pilot,62fc2a11f58ff84c748cd8a90968846c022685dcbd0d5eb8e8c7f16ed15ad74d,1,1,286,193,False,True
r3-pilot,62fc2a11f58ff84c748cd8a90968846c022685dcbd0d5eb8e8c7f16ed15ad74d,1,1,287,193,False,False
r3-pilot,62fc2a11f58ff84c748cd8a90968846c022685dcbd0d5eb8e8c7f16ed15ad74d,1,1,288,193,False,False
r3-pilot,62fc2a11f58ff84c748cd8a90968846c022685dcbd0d5eb8e8c7f16ed15ad74d,1,1,289,193,False,False
r3-pilot,62fc2a11f58ff84c748cd8a90968846c022685dcbd0d5eb8e8c7f16ed15ad74d,1,1,290,193,False,False
r3-pilot,62fc2a11f58ff84c748cd8a90968846c022685dcbd0d5eb8e8c7f16ed15ad74d,1,1,291,193,False,False
r3-pilot,62fc2a11f58ff84c748cd8a90968846c022685dcbd0d5eb8e8c7f16ed15ad74d,1,1,292,193,False,False
r3-pilot,62fc2a11f58ff84c748cd8a90968846c022685dcbd0d5eb8e8c7f16ed15ad74d,1,1,293,193,False,False
r3-pilot,62fc2a11f58ff84c748cd8a90968846c022685dcbd0d5eb8e8c7f16ed15ad74d,1,1,294,193,False,False
r3-pilot,62fc2a11f58ff84c748cd8a90968846c022685dcbd0d5eb8e8c7f16ed15ad74d,1,1,295,193,False,False
r3-pilot,62fc2a11f58ff84c748cd8a90968846c022685dcbd0d5eb8e8c7f16ed15ad74d,1,1,296,193,False,False
r3-pilot,62fc2a11f58ff84c748cd8a90968846c022685dcbd0d5eb8e8c7f16ed15ad74d,1,1,297,193,False,False
r3-pilot,62fc2a11f58ff84c748cd8a90968846c022685dcbd0d5eb8e8c7f16ed15ad74d,1,1,298,193,False,False
r3-pilot,62fc2a11f58ff84c748cd8a90968846c022685dcbd0d5eb8e8c7f16ed15ad74d,1,1,299,193,False,False
r3-pilot,62fc2a11f58ff84c748cd8a90968846c022685dcbd0d5eb8e8c7f16ed15ad74d,1,1,300,193,False,False
r3-pilot,62fc2a11f58ff84c748cd8a90968846c022685dcbd0d5eb8e8c7f16ed15ad74d,1,1,301,193,False,False
r3-pilot,62fc2a11f58ff84c748cd8a90968846c022685dcbd0d5eb8e8c7f16ed15ad74d,1,1,302,193,False,False
r3-pilot,62fc2a11f58ff84c748cd8a90968846c022685dcbd0d5eb8e8c7f16ed15ad74d,1,1,303,193,False,False
r3-pilot,62fc2a11f58ff84c748cd8a90968846c022685dcbd0d5eb8e8c7f16ed15ad74d,1,1,304,193,False,False
r3-pilot,62fc2a11f58ff84c748cd8a90968846c022685dcbd0d5eb8e8c7f16ed15ad74d,1,1,305,193,False,False
r3-pilot,62fc2a11f58ff84c748cd8a90968846c022685dcbd0d5eb8e8c7f16ed15ad74d,1,1,306,193,False,False
r3-pilot,62fc2a11f58ff84c748cd8a90968846c022685dcbd0d5eb8e8c7f16ed15ad74d,1,1,307,193,False,False
r3-pilot,62fc2a11f58ff84c748cd8a90968846c022685dcbd0d5eb8e8c7f16ed15ad74d,1,1,308,193,False,False
r3-pilot,62fc2a11f58ff84c748cd8a90968846c022685dcbd0d5eb8e8c7f16ed15ad74d,1,1,309,193,False,False
r3-pilot,62fc2a11f58ff84c748cd8a90968846c022685dcbd0d5eb8e8c7f16ed15ad74d,1,1,310,193,False,False
r3-pilot,62fc2a11f58ff84c748cd8a90968846c022685dcbd0d5eb8e8c7f16ed15ad74d,1,1,311,193,False,False
r3-pilot,62fc2a11f58ff84c748cd8a90968846c022685dcbd0d5eb8e8c7f16ed15ad74d,1,1,312,193,False,False
r3-pilot,62fc2a11f58ff84c748cd8a90968846c022685dcbd0d5eb8e8c7f16ed15ad74d,1,1,313,193,False,False
r3-pilot,62fc2a11f58ff84c748cd8a90968846c022685dcbd0d5eb8e8c7f16ed15ad74d,1,1,314,193,False,False
r3-pilot,62fc2a11f58ff84c748cd8a90968846c022685dcbd0d5eb8e8c7f16ed15ad74d,1,1,315,193,False,False
r3-pilot,62fc2a11f58ff84c748cd8a90968846c022685dcbd0d5eb8e8c7f16ed15ad74d,1,1,316,193,False,False
r3-pilot,62fc2a11f58ff84c748cd8a90968846c022685dcbd0d5eb8e8c7f16ed15ad74d,1,1,317,193,False,False
r3-pilot,62fc2a11f58ff84c748cd8a90968846c022685dcbd0d5eb8e8c7f16ed15ad74d,1,1,318,193,False,False
r3-pilot,62fc2a11f58ff84c748cd8a90968846c022685dcbd0d5eb8e8c7f16ed15ad74d,1,1,319,193,False,False
r3-pilot,62fc2a11f58ff84c748cd8a90968846c022685dcbd0d5eb8e8c7f16ed15ad74d,1,1,320,193,False,False
r3-pilot,62fc2a11f58ff84c748cd8a90968846c022685dcbd0d5eb8e8c7f16ed15ad74d,1,1,321,193,False,False
r3-pilot,62fc2a11f58ff84c748cd8a90968846c022685dcbd0d5eb8e8c7f16ed15ad74d,1,1,322,193,False,False
r3-pilot,62fc2a11f58ff84c748cd8a90968846c022685dcbd0d5eb8e8c7f16ed15ad74d,1,1,323,193,False,False
r3-pilot,62fc2a11f58ff84c748cd8a90968846c022685dcbd0d5eb8e8c7f16ed15ad74d,1,1,324,193,False,False
r3-pilot,62fc2a11f58ff84c748cd8a90968846c022685dcbd0d5eb8e8c7f16ed15ad74d,1,1,325,193,False,False
r3-pilot,62fc2a11f58ff84c748cd8a90968846c022685dcbd0d5eb8e8c7f16ed15ad74d,1,1,326,193,False,False
r3-pilot,62fc2a11f58ff84c748cd8a90968846c022685dcbd0d5eb8e8c7f16ed15ad74d,1,1,327,193,False,False
r3-pilot,62fc2a11f58ff84c748cd8a90968846c022685dcbd0d5eb8e8c7f16ed15ad74d,1,1,328,193,False,False
r3-pilot,62fc2a11f58ff84c748cd8a90968846c022685dcbd0d5eb8e8c7f16ed15ad74d,1,1,329,193,False,False
r3-pilot,62fc2a11f58ff84c748cd8a90968846c022685dcbd0d5eb8e8c7f16ed15ad74d,1,1,330,193,False,False
r3-pilot,62fc2a11f58ff84c748cd8a90968846c022685dcbd0d5eb8e8c7f16ed15ad74d,1,1,331,193,False,False
r3-pilot,62fc2a11f58ff84c748cd8a90968846c022685dcbd0d5eb8e8c7f16ed15ad74d,1,1,332,193,False,False
r3-pilot,62fc2a11f58ff84c748cd8a90968846c022685dcbd0d5eb8e8c7f16ed15ad74d,1,1,333,193,False,False
r3-pilot,62fc2a11f58ff84c748cd8a90968846c022685dcbd0d5eb8e8c7f16ed15ad74d,1,1,334,193,False,False
r3-pilot,62fc2a11f58ff84c748cd8a90968846c022685dcbd0d5eb8e8c7f16ed15ad74d,1,1,335,193,False,False
r3-pilot,62fc2a11f58ff84c748cd8a90968846c022685dcbd0d5eb8e8c7f16ed15ad74d,1,1,336,193,False,False
r3-pilot,62fc2a11f58ff84c748cd8a90968846c022685dcbd0d5eb8e8c7f16ed15ad74d,1,1,337,193,False,False
r3-pilot,62fc2a11f58ff84c748cd8a90968846c022685dcbd0d5eb8e8c7f16ed15ad74d,1,1,338,193,False,False
r3-pilot,62fc2a11f58ff84c748cd8a90968846c022685dcbd0d5eb8e8c7f16ed15ad74d,1,1,339,193,False,False
r3-pilot,62fc2a11f58ff84c748cd8a90968846c022685dcbd0d5eb8e8c7f16ed15ad74d,1,1,340,193,False,False
r3-pilot,62fc2a11f58ff84c748cd8a90968846c022685dcbd0d5eb8e8c7f16ed15ad74d,1,1,341,193,False,False
r3-pilot,62fc2a11f58ff84c748cd8a90968846c022685dcbd0d5eb8e8c7f16ed15ad74d,1,1,342,193,False,False
r3-pilot,62fc2a11f58ff84c748cd8a90968846c022685dcbd0d5eb8e8c7f16ed15ad74d,1,1,343,193,False,False
r3-pilot,62fc2a11f58ff84c748cd8a90968846c022685dcbd0d5eb8e8c7f16ed15ad74d,1,1,344,193,False,False
r3-pilot,62fc2a11f58ff84c748cd8a90968846c022685dcbd0d5eb8e8c7f16ed15ad74d,1,1,345,193,False,False
r3-pilot,62fc2a11f58ff84c748cd8a90968846c022685dcbd0d5eb8e8c7f16ed15ad74d,1,1,346,193,False,False
r3-pilot,62fc2a11f58ff84c748cd8a90968846c022685dcbd0d5eb8e8c7f16ed15ad74d,1,1,347,193,False,False
r3-pilot,62fc2a11f58ff84c748cd8a90968846c022685dcbd0d5eb8e8c7f16ed15ad74d,1,1,348,193,False,False
r3-pilot,62fc2a11f58ff84c748cd8a90968846c022685dcbd0d5eb8e8c7f16ed15ad74d,1,1,349,193,False,False
r3-pilot,62fc2a11f58ff84c748cd8a90968846c022685dcbd0d5eb8e8c7f16ed15ad74d,1,1,350,193,False,False
r3-pilot,62fc2a11f58ff84c748cd8a90968846c022685dcbd0d5eb8e8c7f16ed15ad74d,1,1,351,193,False,False
r3-pilot,62fc2a11f58ff84c748cd8a90968846c022685dcbd0d5eb8e8c7f16ed15ad74d,1,1,352,193,False,False
r3-pilot,62fc2a11f58ff84c748cd8a90968846c022685dcbd0d5eb8e8c7f16ed15ad74d,1,1,353,193,False,False
r3-pilot,62fc2a11f58ff84c748cd8a90968846c022685dcbd0d5eb8e8c7f16ed15ad74d,1,1,354,193,False,False
r3-pilot,62fc2a11f58ff84c748cd8a90968846c022685dcbd0d5eb8e8c7f16ed15ad74d,1,1,355,193,False,False
r3-pilot,62fc2a11f58ff84c748cd8a90968846c022685dcbd0d5eb8e8c7f16ed15ad74d,1,1,356,193,False,False
r3-pilot,62fc2a11f58ff84c748cd8a90968846c022685dcbd0d5eb8e8c7f16ed15ad74d,1,1,357,193,False,False
r3-pilot,62fc2a11f58ff84c748cd8a90968846c022685dcbd0d5eb8e8c7f16ed15ad74d,1,1,358,193,False,False
r3-pilot,62fc2a11f58ff84c748cd8a90968846c022685dcbd0d5eb8e8c7f16ed15ad74d,1,1,359,193,False,False
r3-pilot,62fc2a11f58ff84c748cd8a90968846c022685dcbd0d5eb8e8c7f16ed15ad74d,1,1,360,193,False,False
r3-pilot,62fc2a11f58ff84c748cd8a90968846c022685dcbd0d5eb8e8c7f16ed15ad74d,1,1,361,193,False,False
r3-pilot,62fc2a11f58ff84c748cd8a90968846c022685dcbd0d5eb8e8c7f16ed15ad74d,1,1,362,193,False,False
r3-pilot,62fc2a11f58ff84c748cd8a90968846c022685dcbd0d5eb8e8c7f16ed15ad74d,1,1,363,193,False,False
r3-pilot,62fc2a11f58ff84c748cd8a90968846c022685dcbd0d5eb8e8c7f16ed15ad74d,1,1,364,193,False,False
r3-pilot,62fc2a11f58ff84c748cd8a90968846c022685dcbd0d5eb8e8c7f16ed15ad74d,1,1,365,193,False,False
r3-pilot,62fc2a11f58ff84c748cd8a90968846c022685dcbd0d5eb8e8c7f16ed15ad74d,1,1,366,193,False,False
r3-pilot,62fc2a11f58ff84c748cd8a90968846c022685dcbd0d5eb8e8c7f16ed15ad74d,1,1,367,193,False,False
r3-pilot,62fc2a11f58ff84c748cd8a90968846c022685dcbd0d5eb8e8c7f16ed15ad74d,1,1,368,193,False,False
r3-pilot,62fc2a11f58ff84c748cd8a90968846c022685dcbd0d5eb8e8c7f16ed15ad74d,1,1,369,193,False,False
r3-pilot,62fc2a11f58ff84c748cd8a90968846c022685dcbd0d5eb8e8c7f16ed15ad74d,1,1,287,194,False,False
r3-pilot,62fc2a11f58ff84c748cd8a90968846c022685dcbd0d5eb8e8c7f16ed15ad74d,1,1,288,194,False,False
r3-pilot,62fc2a11f58ff84c748cd8a90968846c022685dcbd0d5eb8e8c7f16ed15ad74d,1,1,289,194,False,False
r3-pilot,62fc2a11f58ff84c748cd8a90968846c022685dcbd0d5eb8e8c7f16ed15ad74d,1,1,290,194,False,False
r3-pilot,62fc2a11f58ff84c748cd8a90968846c022685dcbd0d5eb8e8c7f16ed15ad74d,1,1,291,194,False,False
r3-pilot,62fc2a11f58ff84c748cd8a90968846c022685dcbd0d5eb8e8c7f16ed15ad74d,1,1,292,194,False,False
r3-pilot,62fc2a11f58ff84c748cd8a90968846c022685dcbd0d5eb8e8c7f16ed15ad74d,1,1,293,194,False,False
r3-pilot,62fc2a11f58ff84c748cd8a90968846c022685dcbd0d5eb8e8c7f16ed15ad74d,1,1,294,194,False,False
r3-pilot,62fc2a11f58ff84c748cd8a90968846c022685dcbd0d5eb8e8c7f16ed15ad74d,1,1,295,194,False,False
r3-pilot,62fc2a11f58ff84c748cd8a90968846c022685dcbd0d5eb8e8c7f16ed15ad74d,1,1,296,194,False,False
r3-pilot,62fc2a11f58ff84c748cd8a90968846c022685dcbd0d5eb8e8c7f16ed15ad74d,1,1,297,194,False,False
r3-pilot,62fc2a11f58ff84c748cd8a90968846c022685dcbd0d5eb8e8c7f16ed15ad74d,1,1,298,194,False,False
r3-pilot,62fc2a11f58ff84c748cd8a90968846c022685dcbd0d5eb8e8c7f16ed15ad74d,1,1,299,194,False,False
r3-pilot,62fc2a11f58ff84c748cd8a90968846c022685dcbd0d5eb8e8c7f16ed15ad74d,1,1,300,194,False,False
r3-pilot,62fc2a11f58ff84c748cd8a90968846c022685dcbd0d5eb8e8c7f16ed15ad74d,1,1,301,194,False,False
r3-pilot,62fc2a11f58ff84c748cd8a90968846c022685dcbd0d5eb8e8c7f16ed15ad74d,1,1,302,194,False,False
r3-pilot,62fc2a11f58ff84c748cd8a90968846c022685dcbd0d5eb8e8c7f16ed15ad74d,1,1,303,194,False,False
r3-pilot,62fc2a11f58ff84c748cd8a90968846c022685dcbd0d5eb8e8c7f16ed15ad74d,1,1,304,194,False,False
r3-pilot,62fc2a11f58ff84c748cd8a90968846c022685dcbd0d5eb8e8c7f16ed15ad74d,1,1,305,194,False,False
r3-pilot,62fc2a11f58ff84c748cd8a90968846c022685dcbd0d5eb8e8c7f16ed15ad74d,1,1,306,194,False,False
r3-pilot,62fc2a11f58ff84c748cd8a90968846c022685dcbd0d5eb8e8c7f16ed15ad74d,1,1,307,194,False,False
r3-pilot,62fc2a11f58ff84c748cd8a90968846c022685dcbd0d5eb8e8c7f16ed15ad74d,1,1,308,194,False,False
r3-pilot,62fc2a11f58ff84c748cd8a90968846c022685dcbd0d5eb8e8c7f16ed15ad74d,1,1,309,194,False,False
r3-pilot,62fc2a11f58ff84c748cd8a90968846c022685dcbd0d5eb8e8c7f16ed15ad74d,1,1,310,194,False,False
r3-pilot,62fc2a11f58ff84c748cd8a90968846c022685dcbd0d5eb8e8c7f16ed15ad74d,1,1,311,194,False,False
r3-pilot,62fc2a11f58ff84c748cd8a90968846c022685dcbd0d5eb8e8c7f16ed15ad74d,1,1,312,194,False,False
r3-pilot,62fc2a11f58ff84c748cd8a90968846c022685dcbd0d5eb8e8c7f16ed15ad74d,1,1,313,194,False,False
r3-pilot,62fc2a11f58ff84c748cd8a90968846c022685dcbd0d5eb8e8c7f16ed15ad74d,1,1,314,194,False,False
r3-pilot,62fc2a11f58ff84c748cd8a90968846c022685dcbd0d5eb8e8c7f16ed15ad74d,1,1,315,194,False,False
r3-pilot,62fc2a11f58ff84c748cd8a90968846c022685dcbd0d5eb8e8c7f16ed15ad74d,1,1,316,194,False,False
r3-pilot,62fc2a11f58ff84c748cd8a90968846c022685dcbd0d5eb8e8c7f16ed15ad74d,1,1,317,194,False,False
r3-pilot,62fc2a11f58ff84c748cd8a90968846c022685dcbd0d5eb8e8c7f16ed15ad74d,1,1,318,194,False,False
r3-pilot,62fc2a11f58ff84c748cd8a90968846c022685dcbd0d5eb8e8c7f16ed15ad74d,1,1,319,194,False,False
r3-pilot,62fc2a11f58ff84c748cd8a90968846c022685dcbd0d5eb8e8c7f16ed15ad74d,1,1,320,194,False,False
r3-pilot,62fc2a11f58ff84c748cd8a90968846c022685dcbd0d5eb8e8c7f16ed15ad74d,1,1,321,194,False,False
r3-pilot,62fc2a11f58ff84c748cd8a90968846c022685dcbd0d5eb8e8c7f16ed15ad74d,1,1,322,194,False,False
r3-pilot,62fc2a11f58ff84c748cd8a90968846c022685dcbd0d5eb8e8c7f16ed15ad74d,1,1,323,194,False,False
r3-pilot,62fc2a11f58ff84c748cd8a90968846c022685dcbd0d5eb8e8c7f16ed15ad74d,1,1,324,194,False,False
r3-pilot,62fc2a11f58ff84c748cd8a90968846c022685dcbd0d5eb8e8c7f16ed15ad74d,1,1,325,194,False,False
r3-pilot,62fc2a11f58ff84c748cd8a90968846c022685dcbd0d5eb8e8c7f16ed15ad74d,1,1,326,194,False,False
r3-pilot,62fc2a11f58ff84c748cd8a90968846c022685dcbd0d5eb8e8c7f16ed15ad74d,1,1,327,194,False,False
r3-pilot,62fc2a11f58ff84c748cd8a90968846c022685dcbd0d5eb8e8c7f16ed15ad74d,1,1,328,194,False,False
r3-pilot,62fc2a11f58ff84c748cd8a90968846c022685dcbd0d5eb8e8c7f16ed15ad74d,1,1,329,194,False,False
r3-pilot,62fc2a11f58ff84c748cd8a90968846c022685dcbd0d5eb8e8c7f16ed15ad74d,1,1,330,194,False,False
r3-pilot,62fc2a11f58ff84c748cd8a90968846c022685dcbd0d5eb8e8c7f16ed15ad74d,1,1,331,194,False,False
r3-pilot,62fc2a11f58ff84c748cd8a90968846c022685dcbd0d5eb8e8c7f16ed15ad74d,1,1,332,194,False,False
r3-pilot,62fc2a11f58ff84c748cd8a90968846c022685dcbd0d5eb8e8c7f16ed15ad74d,1,1,333,194,False,False
r3-pilot,62fc2a11f58ff84c748cd8a90968846c022685dcbd0d5eb8e8c7f16ed15ad74d,1,1,334,194,False,False
r3-pilot,62fc2a11f58ff84c748cd8a90968846c022685dcbd0d5eb8e8c7f16ed15ad74d,1,1,335,194,False,False
r3-pilot,62fc2a11f58ff84c748cd8a90968846c022685dcbd0d5eb8e8c7f16ed15ad74d,1,1,336,194,False,False
r3-pilot,62fc2a11f58ff84c748cd8a90968846c022685dcbd0d5eb8e8c7f16ed15ad74d,1,1,337,194,False,False
r3-pilot,62fc2a11f58ff84c748cd8a90968846c022685dcbd0d5eb8e8c7f16ed15ad74d,1,1,338,194,False,False
r3-pilot,62fc2a11f58ff84c748cd8a90968846c022685dcbd0d5eb8e8c7f16ed15ad74d,1,1,339,194,False,False
r3-pilot,62fc2a11f58ff84c748cd8a90968846c022685dcbd0d5eb8e8c7f16ed15ad74d,1,1,340,194,False,False
r3-pilot,62fc2a11f58ff84c748cd8a90968846c022685dcbd0d5eb8e8c7f16ed15ad74d,1,1,341,194,False,False
r3-pilot,62fc2a11f58ff84c748cd8a90968846c022685dcbd0d5eb8e8c7f16ed15ad74d,1,1,342,194,False,False
r3-pilot,62fc2a11f58ff84c748cd8a90968846c022685dcbd0d5eb8e8c7f16ed15ad74d,1,1,343,194,False,False
r3-pilot,62fc2a11f58ff84c748cd8a90968846c022685dcbd0d5eb8e8c7f16ed15ad74d,1,1,344,194,False,False
r3-pilot,62fc2a11f58ff84c748cd8a90968846c022685dcbd0d5eb8e8c7f16ed15ad74d,1,1,345,194,False,False
r3-pilot,62fc2a11f58ff84c748cd8a90968846c022685dcbd0d5eb8e8c7f16ed15ad74d,1,1,346,194,False,False
r3-pilot,62fc2a11f58ff84c748cd8a90968846c022685dcbd0d5eb8e8c7f16ed15ad74d,1,1,347,194,False,False
r3-pilot,62fc2a11f58ff84c748cd8a90968846c022685dcbd0d5eb8e8c7f16ed15ad74d,1,1,348,194,False,False
r3-pilot,62fc2a11f58ff84c748cd8a90968846c022685dcbd0d5eb8e8c7f16ed15ad74d,1,1,350,194,False,False
r3-pilot,62fc2a11f58ff84c748cd8a90968846c022685dcbd0d5eb8e8c7f16ed15ad74d,1,1,351,194,False,False
r3-pilot,62fc2a11f58ff84c748cd8a90968846c022685dcbd0d5eb8e8c7f16ed15ad74d,1,1,352,194,False,False
r3-pilot,62fc2a11f58ff84c748cd8a90968846c022685dcbd0d5eb8e8c7f16ed15ad74d,1,1,353,194,False,False
r3-pilot,62fc2a11f58ff84c748cd8a90968846c022685dcbd0d5eb8e8c7f16ed15ad74d,1,1,354,194,False,False
r3-pilot,62fc2a11f58ff84c748cd8a90968846c022685dcbd0d5eb8e8c7f16ed15ad74d,1,1,355,194,False,False
r3-pilot,62fc2a11f58ff84c748cd8a90968846c022685dcbd0d5eb8e8c7f16ed15ad74d,1,1,356,194,False,False
r3-pilot,62fc2a11f58ff84c748cd8a90968846c022685dcbd0d5eb8e8c7f16ed15ad74d,1,1,357,194,False,False
r3-pilot,62fc2a11f58ff84c748cd8a90968846c022685dcbd0d5eb8e8c7f16ed15ad74d,1,1,358,194,False,False
r3-pilot,62fc2a11f58ff84c748cd8a90968846c022685dcbd0d5eb8e8c7f16ed15ad74d,1,1,359,194,False,False
r3-pilot,62fc2a11f58ff84c748cd8a90968846c022685dcbd0d5eb8e8c7f16ed15ad74d,1,1,360,194,False,False
r3-pilot,62fc2a11f58ff84c748cd8a90968846c022685dcbd0d5eb8e8c7f16ed15ad74d,1,1,361,194,False,False
r3-pilot,62fc2a11f58ff84c748cd8a90968846c022685dcbd0d5eb8e8c7f16ed15ad74d,1,1,362,194,False,False
r3-pilot,62fc2a11f58ff84c748cd8a90968846c022685dcbd0d5eb8e8c7f16ed15ad74d,1,1,363,194,False,False
r3-pilot,62fc2a11f58ff84c748cd8a90968846c022685dcbd0d5eb8e8c7f16ed15ad74d,1,1,364,194,False,False
r3-pilot,62fc2a11f58ff84c748cd8a90968846c022685dcbd0d5eb8e8c7f16ed15ad74d,1,1,365,194,False,False
r3-pilot,62fc2a11f58ff84c748cd8a90968846c022685dcbd0d5eb8e8c7f16ed15ad74d,1,1,366,194,False,False
r3-pilot,62fc2a11f58ff84c748cd8a90968846c022685dcbd0d5eb8e8c7f16ed15ad74d,1,1,367,194,False,False
r3-pilot,62fc2a11f58ff84c748cd8a90968846c022685dcbd0d5eb8e8c7f16ed15ad74d,1,1,368,194,False,False
r3-pilot,62fc2a11f58ff84c748cd8a90968846c022685dcbd0d5eb8e8c7f16ed15ad74d,1,1,369,194,False,False
r3-pilot,62fc2a11f58ff84c748cd8a90968846c022685dcbd0d5eb8e8c7f16ed15ad74d,1,1,288,195,False,False
r3-pilot,62fc2a11f58ff84c748cd8a90968846c022685dcbd0d5eb8e8c7f16ed15ad74d,1,1,289,195,False,False
r3-pilot,62fc2a11f58ff84c748cd8a90968846c022685dcbd0d5eb8e8c7f16ed15ad74d,1,1,290,195,False,False
r3-pilot,62fc2a11f58ff84c748cd8a90968846c022685dcbd0d5eb8e8c7f16ed15ad74d,1,1,291,195,False,False
r3-pilot,62fc2a11f58ff84c748cd8a90968846c022685dcbd0d5eb8e8c7f16ed15ad74d,1,1,292,195,False,False
r3-pilot,62fc2a11f58ff84c748cd8a90968846c022685dcbd0d5eb8e8c7f16ed15ad74d,1,1,293,195,False,False
r3-pilot,62fc2a11f58ff84c748cd8a90968846c022685dcbd0d5eb8e8c7f16ed15ad74d,1,1,294,195,False,False
r3-pilot,62fc2a11f58ff84c748cd8a90968846c022685dcbd0d5eb8e8c7f16ed15ad74d,1,1,295,195,False,False
r3-pilot,62fc2a11f58ff84c748cd8a90968846c022685dcbd0d5eb8e8c7f16ed15ad74d,1,1,296,195,False,False
r3-pilot,62fc2a11f58ff84c748cd8a90968846c022685dcbd0d5eb8e8c7f16ed15ad74d,1,1,297,195,False,False
r3-pilot,62fc2a11f58ff84c748cd8a90968846c022685dcbd0d5eb8e8c7f16ed15ad74d,1,1,298,195,False,False
r3-pilot,62fc2a11f58ff84c748cd8a90968846c022685dcbd0d5eb8e8c7f16ed15ad74d,1,1,299,195,False,False
r3-pilot,62fc2a11f58ff84c748cd8a90968846c022685dcbd0d5eb8e8c7f16ed15ad74d,1,1,300,195,False,False
r3-pilot,62fc2a11f58ff84c748cd8a90968846c022685dcbd0d5eb8e8c7f16ed15ad74d,1,1,301,195,False,False
r3-pilot,62fc2a11f58ff84c748cd8a90968846c022685dcbd0d5eb8e8c7f16ed15ad74d,1,1,302,195,False,False
r3-pilot,62fc2a11f58ff84c748cd8a90968846c022685dcbd0d5eb8e8c7f16ed15ad74d,1,1,303,195,False,False
r3-pilot,62fc2a11f58ff84c748cd8a90968846c022685dcbd0d5eb8e8c7f16ed15ad74d,1,1,304,195,False,False
r3-pilot,62fc2a11f58ff84c748cd8a90968846c022685dcbd0d5eb8e8c7f16ed15ad74d,1,1,305,195,False,False
r3-pilot,62fc2a11f58ff84c748cd8a90968846c022685dcbd0d5eb8e8c7f16ed15ad74d,1,1,306,195,False,False
r3-pilot,62fc2a11f58ff84c748cd8a90968846c022685dcbd0d5eb8e8c7f16ed15ad74d,1,1,307,195,False,False
r3-pilot,62fc2a11f58ff84c748cd8a90968846c022685dcbd0d5eb8e8c7f16ed15ad74d,1,1,308,195,False,False
r3-pilot,62fc2a11f58ff84c748cd8a90968846c022685dcbd0d5eb8e8c7f16ed15ad74d,1,1,309,195,False,False
r3-pilot,62fc2a11f58ff84c748cd8a90968846c022685dcbd0d5eb8e8c7f16ed15ad74d,1,1,310,195,False,False
r3-pilot,62fc2a11f58ff84c748cd8a90968846c022685dcbd0d5eb8e8c7f16ed15ad74d,1,1,311,195,False,False
r3-pilot,62fc2a11f58ff84c748cd8a90968846c022685dcbd0d5eb8e8c7f16ed15ad74d,1,1,312,195,False,False
r3-pilot,62fc2a11f58ff84c748cd8a90968846c022685dcbd0d5eb8e8c7f16ed15ad74d,1,1,313,195,False,False
r3-pilot,62fc2a11f58ff84c748cd8a90968846c022685dcbd0d5eb8e8c7f16ed15ad74d,1,1,314,195,False,False
r3-pilot,62fc2a11f58ff84c748cd8a90968846c022685dcbd0d5eb8e8c7f16ed15ad74d,1,1,315,195,False,False
r3-pilot,62fc2a11f58ff84c748cd8a90968846c022685dcbd0d5eb8e8c7f16ed15ad74d,1,1,316,195,False,False
r3-pilot,62fc2a11f58ff84c748cd8a90968846c022685dcbd0d5eb8e8c7f16ed15ad74d,1,1,317,195,False,False
r3-pilot,62fc2a11f58ff84c748cd8a90968846c022685dcbd0d5eb8e8c7f16ed15ad74d,1,1,318,195,False,False
r3-pilot,62fc2a11f58ff84c748cd8a90968846c022685dcbd0d5eb8e8c7f16ed15ad74d,1,1,319,195,False,False
r3-pilot,62fc2a11f58ff84c748cd8a90968846c022685dcbd0d5eb8e8c7f16ed15ad74d,1,1,320,195,False,False
r3-pilot,62fc2a11f58ff84c748cd8a90968846c022685dcbd0d5eb8e8c7f16ed15ad74d,1,1,321,195,False,False
r3-pilot,62fc2a11f58ff84c748cd8a90968846c022685dcbd0d5eb8e8c7f16ed15ad74d,1,1,322,195,False,False
r3-pilot,62fc2a11f58ff84c748cd8a90968846c022685dcbd0d5eb8e8c7f16ed15ad74d,1,1,323,195,False,False
r3-pilot,62fc2a11f58ff84c748cd8a90968846c022685dcbd0d5eb8e8c7f16ed15ad74d,1,1,324,195,False,False
r3-pilot,62fc2a11f58ff84c748cd8a90968846c022685dcbd0d5eb8e8c7f16ed15ad74d,1,1,325,195,False,False
r3-pilot,62fc2a11f58ff84c748cd8a90968846c022685dcbd0d5eb8e8c7f16ed15ad74d,1,1,326,195,False,False
r3-pilot,62fc2a11f58ff84c748cd8a90968846c022685dcbd0d5eb8e8c7f16ed15ad74d,1,1,327,195,False,False
r3-pilot,62fc2a11f58ff84c748cd8a90968846c022685dcbd0d5eb8e8c7f16ed15ad74d,1,1,328,195,False,False
r3-pilot,62fc2a11f58ff84c748cd8a90968846c022685dcbd0d5eb8e8c7f16ed15ad74d,1,1,329,195,False,False
r3-pilot,62fc2a11f58ff84c748cd8a90968846c022685dcbd0d5eb8e8c7f16ed15ad74d,1,1,330,195,False,False
r3-pilot,62fc2a11f58ff84c748cd8a90968846c022685dcbd0d5eb8e8c7f16ed15ad74d,1,1,331,195,False,False
r3-pilot,62fc2a11f58ff84c748cd8a90968846c022685dcbd0d5eb8e8c7f16ed15ad74d,1,1,332,195,False,False
r3-pilot,62fc2a11f58ff84c748cd8a90968846c022685dcbd0d5eb8e8c7f16ed15ad74d,1,1,333,195,False,False
r3-pilot,62fc2a11f58ff84c748cd8a90968846c022685dcbd0d5eb8e8c7f16ed15ad74d,1,1,334,195,False,False
r3-pilot,62fc2a11f58ff84c748cd8a90968846c022685dcbd0d5eb8e8c7f16ed15ad74d,1,1,335,195,False,False
r3-pilot,62fc2a11f58ff84c748cd8a90968846c022685dcbd0d5eb8e8c7f16ed15ad74d,1,1,336,195,False,False
r3-pilot,62fc2a11f58ff84c748cd8a90968846c022685dcbd0d5eb8e8c7f16ed15ad74d,1,1,337,195,False,False
r3-pilot,62fc2a11f58ff84c748cd8a90968846c022685dcbd0d5eb8e8c7f16ed15ad74d,1,1,338,195,False,False
r3-pilot,62fc2a11f58ff84c748cd8a90968846c022685dcbd0d5eb8e8c7f16ed15ad74d,1,1,339,195,False,False
r3-pilot,62fc2a11f58ff84c748cd8a90968846c022685dcbd0d5eb8e8c7f16ed15ad74d,1,1,340,195,False,False
r3-pilot,62fc2a11f58ff84c748cd8a90968846c022685dcbd0d5eb8e8c7f16ed15ad74d,1,1,341,195,False,False
r3-pilot,62fc2a11f58ff84c748cd8a90968846c022685dcbd0d5eb8e8c7f16ed15ad74d,1,1,342,195,False,False
r3-pilot,62fc2a11f58ff84c748cd8a90968846c022685dcbd0d5eb8e8c7f16ed15ad74d,1,1,343,195,False,False
r3-pilot,62fc2a11f58ff84c748cd8a90968846c022685dcbd0d5eb8e8c7f16ed15ad74d,1,1,344,195,False,False
r3-pilot,62fc2a11f58ff84c748cd8a90968846c022685dcbd0d5eb8e8c7f16ed15ad74d,1,1,345,195,False,False
r3-pilot,62fc2a11f58ff84c748cd8a90968846c022685dcbd0d5eb8e8c7f16ed15ad74d,1,1,346,195,False,False
r3-pilot,62fc2a11f58ff84c748cd8a90968846c022685dcbd0d5eb8e8c7f16ed15ad74d,1,1,347,195,False,False
r3-pilot,62fc2a11f58ff84c748cd8a90968846c022685dcbd0d5eb8e8c7f16ed15ad74d,1,1,348,195,False,False
r3-pilot,62fc2a11f58ff84c748cd8a90968846c022685dcbd0d5eb8e8c7f16ed15ad74d,1,1,349,195,False,False
r3-pilot,62fc2a11f58ff84c748cd8a90968846c022685dcbd0d5eb8e8c7f16ed15ad74d,1,1,350,195,False,False
r3-pilot,62fc2a11f58ff84c748cd8a90968846c022685dcbd0d5eb8e8c7f16ed15ad74d,1,1,351,195,False,False
r3-pilot,62fc2a11f58ff84c748cd8a90968846c022685dcbd0d5eb8e8c7f16ed15ad74d,1,1,352,195,False,False
r3-pilot,62fc2a11f58ff84c748cd8a90968846c022685dcbd0d5eb8e8c7f16ed15ad74d,1,1,353,195,False,False
r3-pilot,62fc2a11f58ff84c748cd8a90968846c022685dcbd0d5eb8e8c7f16ed15ad74d,1,1,354,195,False,False
r3-pilot,62fc2a11f58ff84c748cd8a90968846c022685dcbd0d5eb8e8c7f16ed15ad74d,1,1,355,195,False,False
r3-pilot,62fc2a11f58ff84c748cd8a90968846c022685dcbd0d5eb8e8c7f16ed15ad74d,1,1,356,195,False,False
r3-pilot,62fc2a11f58ff84c748cd8a90968846c022685dcbd0d5eb8e8c7f16ed15ad74d,1,1,357,195,False,False
r3-pilot,62fc2a11f58ff84c748cd8a90968846c022685dcbd0d5eb8e8c7f16ed15ad74d,1,1,358,195,False,False
r3-pilot,62fc2a11f58ff84c748cd8a90968846c022685dcbd0d5eb8e8c7f16ed15ad74d,1,1,359,195,False,False
r3-pilot,62fc2a11f58ff84c748cd8a90968846c022685dcbd0d5eb8e8c7f16ed15ad74d,1,1,360,195,False,False
r3-pilot,62fc2a11f58ff84c748cd8a90968846c022685dcbd0d5eb8e8c7f16ed15ad74d,1,1,361,195,False,False
r3-pilot,62fc2a11f58ff84c748cd8a90968846c022685dcbd0d5eb8e8c7f16ed15ad74d,1,1,362,195,False,False
r3-pilot,62fc2a11f58ff84c748cd8a90968846c022685dcbd0d5eb8e8c7f16ed15ad74d,1,1,363,195,False,False
r3-pilot,62fc2a11f58ff84c748cd8a90968846c022685dcbd0d5eb8e8c7f16ed15ad74d,1,1,364,195,False,False
r3-pilot,62fc2a11f58ff84c748cd8a90968846c022685dcbd0d5eb8e8c7f16ed15ad74d,1,1,365,195,False,False
r3-pilot,62fc2a11f58ff84c748cd8a90968846c022685dcbd0d5eb8e8c7f16ed15ad74d,1,1,366,195,False,False
r3-pilot,62fc2a11f58ff84c748cd8a90968846c022685dcbd0d5eb8e8c7f16ed15ad74d,1,1,367,195,False,False
r3-pilot,62fc2a11f58ff84c748cd8a90968846c022685dcbd0d5eb8e8c7f16ed15ad74d,1,1,287,196,False,False
r3-pilot,62fc2a11f58ff84c748cd8a90968846c022685dcbd0d5eb8e8c7f16ed15ad74d,1,1,288,196,False,False
r3-pilot,62fc2a11f58ff84c748cd8a90968846c022685dcbd0d5eb8e8c7f16ed15ad74d,1,1,289,196,False,False
r3-pilot,62fc2a11f58ff84c748cd8a90968846c022685dcbd0d5eb8e8c7f16ed15ad74d,1,1,290,196,False,False
r3-pilot,62fc2a11f58ff84c748cd8a90968846c022685dcbd0d5eb8e8c7f16ed15ad74d,1,1,291,196,False,False
r3-pilot,62fc2a11f58ff84c748cd8a90968846c022685dcbd0d5eb8e8c7f16ed15ad74d,1,1,292,196,False,False
r3-pilot,62fc2a11f58ff84c748cd8a90968846c022685dcbd0d5eb8e8c7f16ed15ad74d,1,1,293,196,False,False
r3-pilot,62fc2a11f58ff84c748cd8a90968846c022685dcbd0d5eb8e8c7f16ed15ad74d,1,1,294,196,False,False
r3-pilot,62fc2a11f58ff84c748cd8a90968846c022685dcbd0d5eb8e8c7f16ed15ad74d,1,1,295,196,False,False
r3-pilot,62fc2a11f58ff84c748cd8a90968846c022685dcbd0d5eb8e8c7f16ed15ad74d,1,1,296,196,False,False
r3-pilot,62fc2a11f58ff84c748cd8a90968846c022685dcbd0d5eb8e8c7f16ed15ad74d,1,1,297,196,False,False
r3-pilot,62fc2a11f58ff84c748cd8a90968846c022685dcbd0d5eb8e8c7f16ed15ad74d,1,1,298,196,False,False
r3-pilot,62fc2a11f58ff84c748cd8a90968846c022685dcbd0d5eb8e8c7f16ed15ad74d,1,1,299,196,False,False
r3-pilot,62fc2a11f58ff84c748cd8a90968846c022685dcbd0d5eb8e8c7f16ed15ad74d,1,1,300,196,False,False
r3-pilot,62fc2a11f58ff84c748cd8a90968846c022685dcbd0d5eb8e8c7f16ed15ad74d,1,1,301,196,False,False
r3-pilot,62fc2a11f58ff84c748cd8a90968846c022685dcbd0d5eb8e8c7f16ed15ad74d,1,1,302,196,False,False
r3-pilot,62fc2a11f58ff84c748cd8a90968846c022685dcbd0d5eb8e8c7f16ed15ad74d,1,1,303,196,False,False
r3-pilot,62fc2a11f58ff84c748cd8a90968846c022685dcbd0d5eb8e8c7f16ed15ad74d,1,1,304,196,False,False
r3-pilot,62fc2a11f58ff84c748cd8a90968846c022685dcbd0d5eb8e8c7f16ed15ad74d,1,1,305,196,False,False
r3-pilot,62fc2a11f58ff84c748cd8a90968846c022685dcbd0d5eb8e8c7f16ed15ad74d,1,1,306,196,False,False
r3-pilot,62fc2a11f58ff84c748cd8a90968846c022685dcbd0d5eb8e8c7f16ed15ad74d,1,1,307,196,False,False
r3-pilot,62fc2a11f58ff84c748cd8a90968846c022685dcbd0d5eb8e8c7f16ed15ad74d,1,1,308,196,False,False
r3-pilot,62fc2a11f58ff84c748cd8a90968846c022685dcbd0d5eb8e8c7f16ed15ad74d,1,1,309,196,False,False
r3-pilot,62fc2a11f58ff84c748cd8a90968846c022685dcbd0d5eb8e8c7f16ed15ad74d,1,1,310,196,False,False
r3-pilot,62fc2a11f58ff84c748cd8a90968846c022685dcbd0d5eb8e8c7f16ed15ad74d,1,1,311,196,False,False
r3-pilot,62fc2a11f58ff84c748cd8a90968846c022685dcbd0d5eb8e8c7f16ed15ad74d,1,1,312,196,False,False
r3-pilot,62fc2a11f58ff84c748cd8a90968846c022685dcbd0d5eb8e8c7f16ed15ad74d,1,1,313,196,False,False
r3-pilot,62fc2a11f58ff84c748cd8a90968846c022685dcbd0d5eb8e8c7f16ed15ad74d,1,1,314,196,False,False
r3-pilot,62fc2a11f58ff84c748cd8a90968846c022685dcbd0d5eb8e8c7f16ed15ad74d,1,1,315,196,False,False
r3-pilot,62fc2a11f58ff84c748cd8a90968846c022685dcbd0d5eb8e8c7f16ed15ad74d,1,1,316,196,False,False
r3-pilot,62fc2a11f58ff84c748cd8a90968846c022685dcbd0d5eb8e8c7f16ed15ad74d,1,1,317,196,False,False
r3-pilot,62fc2a11f58ff84c748cd8a90968846c022685dcbd0d5eb8e8c7f16ed15ad74d,1,1,318,196,False,False
r3-pilot,62fc2a11f58ff84c748cd8a90968846c022685dcbd0d5eb8e8c7f16ed15ad74d,1,1,319,196,False,False
r3-pilot,62fc2a11f58ff84c748cd8a90968846c022685dcbd0d5eb8e8c7f16ed15ad74d,1,1,320,196,False,False
r3-pilot,62fc2a11f58ff84c748cd8a90968846c022685dcbd0d5eb8e8c7f16ed15ad74d,1,1,321,196,False,False
r3-pilot,62fc2a11f58ff84c748cd8a90968846c022685dcbd0d5eb8e8c7f16ed15ad74d,1,1,322,196,False,False
r3-pilot,62fc2a11f58ff84c748cd8a90968846c022685dcbd0d5eb8e8c7f16ed15ad74d,1,1,323,196,False,False
r3-pilot,62fc2a11f58ff84c748cd8a90968846c022685dcbd0d5eb8e8c7f16ed15ad74d,1,1,324,196,False,False
r3-pilot,62fc2a11f58ff84c748cd8a90968846c022685dcbd0d5eb8e8c7f16ed15ad74d,1,1,325,196,False,False
r3-pilot,62fc2a11f58ff84c748cd8a90968846c022685dcbd0d5eb8e8c7f16ed15ad74d,1,1,326,196,False,False
r3-pilot,62fc2a11f58ff84c748cd8a90968846c022685dcbd0d5eb8e8c7f16ed15ad74d,1,1,327,196,False,False
r3-pilot,62fc2a11f58ff84c748cd8a90968846c022685dcbd0d5eb8e8c7f16ed15ad74d,1,1,328,196,False,False
r3-pilot,62fc2a11f58ff84c748cd8a90968846c022685dcbd0d5eb8e8c7f16ed15ad74d,1,1,329,196,False,False
r3-pilot,62fc2a11f58ff84c748cd8a90968846c022685dcbd0d5eb8e8c7f16ed15ad74d,1,1,330,196,False,False
r3-pilot,62fc2a11f58ff84c748cd8a90968846c022685dcbd0d5eb8e8c7f16ed15ad74d,1,1,331,196,False,False
r3-pilot,62fc2a11f58ff84c748cd8a90968846c022685dcbd0d5eb8e8c7f16ed15ad74d,1,1,332,196,False,False
r3-pilot,62fc2a11f58ff84c748cd8a90968846c022685dcbd0d5eb8e8c7f16ed15ad74d,1,1,333,196,False,False
r3-pilot,62fc2a11f58ff84c748cd8a90968846c022685dcbd0d5eb8e8c7f16ed15ad74d,1,1,334,196,False,False
r3-pilot,62fc2a11f58ff84c748cd8a90968846c022685dcbd0d5eb8e8c7f16ed15ad74d,1,1,335,196,False,False
r3-pilot,62fc2a11f58ff84c748cd8a90968846c022685dcbd0d5eb8e8c7f16ed15ad74d,1,1,336,196,False,False
r3-pilot,62fc2a11f58ff84c748cd8a90968846c022685dcbd0d5eb8e8c7f16ed15ad74d,1,1,337,196,False,False
r3-pilot,62fc2a11f58ff84c748cd8a90968846c022685dcbd0d5eb8e8c7f16ed15ad74d,1,1,338,196,False,False
r3-pilot,62fc2a11f58ff84c748cd8a90968846c022685dcbd0d5eb8e8c7f16ed15ad74d,1,1,339,196,False,False
r3-pilot,62fc2a11f58ff84c748cd8a90968846c022685dcbd0d5eb8e8c7f16ed15ad74d,1,1,340,196,False,False
r3-pilot,62fc2a11f58ff84c748cd8a90968846c022685dcbd0d5eb8e8c7f16ed15ad74d,1,1,341,196,False,False
r3-pilot,62fc2a11f58ff84c748cd8a90968846c022685dcbd0d5eb8e8c7f16ed15ad74d,1,1,342,196,False,False
r3-pilot,62fc2a11f58ff84c748cd8a90968846c022685dcbd0d5eb8e8c7f16ed15ad74d,1,1,343,196,False,False
r3-pilot,62fc2a11f58ff84c748cd8a90968846c022685dcbd0d5eb8e8c7f16ed15ad74d,1,1,344,196,False,False
r3-pilot,62fc2a11f58ff84c748cd8a90968846c022685dcbd0d5eb8e8c7f16ed15ad74d,1,1,345,196,False,False
r3-pilot,62fc2a11f58ff84c748cd8a90968846c022685dcbd0d5eb8e8c7f16ed15ad74d,1,1,346,196,False,False
r3-pilot,62fc2a11f58ff84c748cd8a90968846c022685dcbd0d5eb8e8c7f16ed15ad74d,1,1,347,196,False,False
r3-pilot,62fc2a11f58ff84c748cd8a90968846c022685dcbd0d5eb8e8c7f16ed15ad74d,1,1,348,196,False,False
r3-pilot,62fc2a11f58ff84c748cd8a90968846c022685dcbd0d5eb8e8c7f16ed15ad74d,1,1,349,196,False,False
r3-pilot,62fc2a11f58ff84c748cd8a90968846c022685dcbd0d5eb8e8c7f16ed15ad74d,1,1,350,196,False,False
r3-pilot,62fc2a11f58ff84c748cd8a90968846c022685dcbd0d5eb8e8c7f16ed15ad74d,1,1,351,196,False,False
r3-pilot,62fc2a11f58ff84c748cd8a90968846c022685dcbd0d5eb8e8c7f16ed15ad74d,1,1,352,196,False,False
r3-pilot,62fc2a11f58ff84c748cd8a90968846c022685dcbd0d5eb8e8c7f16ed15ad74d,1,1,353,196,False,False
r3-pilot,62fc2a11f58ff84c748cd8a90968846c022685dcbd0d5eb8e8c7f16ed15ad74d,1,1,354,196,False,False
r3-pilot,62fc2a11f58ff84c748cd8a90968846c022685dcbd0d5eb8e8c7f16ed15ad74d,1,1,355,196,False,False
r3-pilot,62fc2a11f58ff84c748cd8a90968846c022685dcbd0d5eb8e8c7f16ed15ad74d,1,1,356,196,False,False
r3-pilot,62fc2a11f58ff84c748cd8a90968846c022685dcbd0d5eb8e8c7f16ed15ad74d,1,1,357,196,False,False
r3-pilot,62fc2a11f58ff84c748cd8a90968846c022685dcbd0d5eb8e8c7f16ed15ad74d,1,1,358,196,False,False
r3-pilot,62fc2a11f58ff84c748cd8a90968846c022685dcbd0d5eb8e8c7f16ed15ad74d,1,1,359,196,False,False
r3-pilot,62fc2a11f58ff84c748cd8a90968846c022685dcbd0d5eb8e8c7f16ed15ad74d,1,1,360,196,False,False
r3-pilot,62fc2a11f58ff84c748cd8a90968846c022685dcbd0d5eb8e8c7f16ed15ad74d,1,1,361,196,False,False
r3-pilot,62fc2a11f58ff84c748cd8a90968846c022685dcbd0d5eb8e8c7f16ed15ad74d,1,1,362,196,False,False
r3-pilot,62fc2a11f58ff84c748cd8a90968846c022685dcbd0d5eb8e8c7f16ed15ad74d,1,1,363,196,False,False
r3-pilot,62fc2a11f58ff84c748cd8a90968846c022685dcbd0d5eb8e8c7f16ed15ad74d,1,1,364,196,False,False
r3-pilot,62fc2a11f58ff84c748cd8a90968846c022685dcbd0d5eb8e8c7f16ed15ad74d,1,1,365,196,False,False
r3-pilot,62fc2a11f58ff84c748cd8a90968846c022685dcbd0d5eb8e8c7f16ed15ad74d,1,1,366,196,False,False
r3-pilot,62fc2a11f58ff84c748cd8a90968846c022685dcbd0d5eb8e8c7f16ed15ad74d,1,1,367,196,False,False
r3-pilot,62fc2a11f58ff84c748cd8a90968846c022685dcbd0d5eb8e8c7f16ed15ad74d,1,1,287,197,False,False
r3-pilot,62fc2a11f58ff84c748cd8a90968846c022685dcbd0d5eb8e8c7f16ed15ad74d,1,1,288,197,False,False
r3-pilot,62fc2a11f58ff84c748cd8a90968846c022685dcbd0d5eb8e8c7f16ed15ad74d,1,1,289,197,False,False
r3-pilot,62fc2a11f58ff84c748cd8a90968846c022685dcbd0d5eb8e8c7f16ed15ad74d,1,1,290,197,False,False
r3-pilot,62fc2a11f58ff84c748cd8a90968846c022685dcbd0d5eb8e8c7f16ed15ad74d,1,1,291,197,False,False
r3-pilot,62fc2a11f58ff84c748cd8a90968846c022685dcbd0d5eb8e8c7f16ed15ad74d,1,1,292,197,False,False
r3-pilot,62fc2a11f58ff84c748cd8a90968846c022685dcbd0d5eb8e8c7f16ed15ad74d,1,1,293,197,False,False
r3-pilot,62fc2a11f58ff84c748cd8a90968846c022685dcbd0d5eb8e8c7f16ed15ad74d,1,1,294,197,False,False
r3-pilot,62fc2a11f58ff84c748cd8a90968846c022685dcbd0d5eb8e8c7f16ed15ad74d,1,1,295,197,False,False
r3-pilot,62fc2a11f58ff84c748cd8a90968846c022685dcbd0d5eb8e8c7f16ed15ad74d,1,1,296,197,False,False
r3-pilot,62fc2a11f58ff84c748cd8a90968846c022685dcbd0d5eb8e8c7f16ed15ad74d,1,1,297,197,False,False
r3-pilot,62fc2a11f58ff84c748cd8a90968846c022685dcbd0d5eb8e8c7f16ed15ad74d,1,1,298,197,False,False
r3-pilot,62fc2a11f58ff84c748cd8a90968846c022685dcbd0d5eb8e8c7f16ed15ad74d,1,1,299,197,False,False
r3-pilot,62fc2a11f58ff84c748cd8a90968846c022685dcbd0d5eb8e8c7f16ed15ad74d,1,1,300,197,False,False
r3-pilot,62fc2a11f58ff84c748cd8a90968846c022685dcbd0d5eb8e8c7f16ed15ad74d,1,1,301,197,False,False
r3-pilot,62fc2a11f58ff84c748cd8a90968846c022685dcbd0d5eb8e8c7f16ed15ad74d,1,1,302,197,False,False
r3-pilot,62fc2a11f58ff84c748cd8a90968846c022685dcbd0d5eb8e8c7f16ed15ad74d,1,1,303,197,False,False
r3-pilot,62fc2a11f58ff84c748cd8a90968846c022685dcbd0d5eb8e8c7f16ed15ad74d,1,1,304,197,False,False
r3-pilot,62fc2a11f58ff84c748cd8a90968846c022685dcbd0d5eb8e8c7f16ed15ad74d,1,1,305,197,False,False
r3-pilot,62fc2a11f58ff84c748cd8a90968846c022685dcbd0d5eb8e8c7f16ed15ad74d,1,1,306,197,False,False
r3-pilot,62fc2a11f58ff84c748cd8a90968846c022685dcbd0d5eb8e8c7f16ed15ad74d,1,1,307,197,False,False
r3-pilot,62fc2a11f58ff84c748cd8a90968846c022685dcbd0d5eb8e8c7f16ed15ad74d,1,1,308,197,False,False
r3-pilot,62fc2a11f58ff84c748cd8a90968846c022685dcbd0d5eb8e8c7f16ed15ad74d,1,1,309,197,False,False
r3-pilot,62fc2a11f58ff84c748cd8a90968846c022685dcbd0d5eb8e8c7f16ed15ad74d,1,1,310,197,False,False
r3-pilot,62fc2a11f58ff84c748cd8a90968846c022685dcbd0d5eb8e8c7f16ed15ad74d,1,1,311,197,False,False
r3-pilot,62fc2a11f58ff84c748cd8a90968846c022685dcbd0d5eb8e8c7f16ed15ad74d,1,1,312,197,False,False
r3-pilot,62fc2a11f58ff84c748cd8a90968846c022685dcbd0d5eb8e8c7f16ed15ad74d,1,1,313,197,False,False
r3-pilot,62fc2a11f58ff84c748cd8a90968846c022685dcbd0d5eb8e8c7f16ed15ad74d,1,1,314,197,False,False
r3-pilot,62fc2a11f58ff84c748cd8a90968846c022685dcbd0d5eb8e8c7f16ed15ad74d,1,1,315,197,False,False
r3-pilot,62fc2a11f58ff84c748cd8a90968846c022685dcbd0d5eb8e8c7f16ed15ad74d,1,1,316,197,False,False
r3-pilot,62fc2a11f58ff84c748cd8a90968846c022685dcbd0d5eb8e8c7f16ed15ad74d,1,1,317,197,False,False
r3-pilot,62fc2a11f58ff84c748cd8a90968846c022685dcbd0d5eb8e8c7f16ed15ad74d,1,1,318,197,False,False
r3-pilot,62fc2a11f58ff84c748cd8a90968846c022685dcbd0d5eb8e8c7f16ed15ad74d,1,1,319,197,False,False
r3-pilot,62fc2a11f58ff84c748cd8a90968846c022685dcbd0d5eb8e8c7f16ed15ad74d,1,1,320,197,False,False
r3-pilot,62fc2a11f58ff84c748cd8a90968846c022685dcbd0d5eb8e8c7f16ed15ad74d,1,1,321,197,False,False
r3-pilot,62fc2a11f58ff84c748cd8a90968846c022685dcbd0d5eb8e8c7f16ed15ad74d,1,1,322,197,False,False
r3-pilot,62fc2a11f58ff84c748cd8a90968846c022685dcbd0d5eb8e8c7f16ed15ad74d,1,1,323,197,False,False
r3-pilot,62fc2a11f58ff84c748cd8a90968846c022685dcbd0d5eb8e8c7f16ed15ad74d,1,1,324,197,False,False
r3-pilot,62fc2a11f58ff84c748cd8a90968846c022685dcbd0d5eb8e8c7f16ed15ad74d,1,1,325,197,False,False
r3-pilot,62fc2a11f58ff84c748cd8a90968846c022685dcbd0d5eb8e8c7f16ed15ad74d,1,1,326,197,False,False
r3-pilot,62fc2a11f58ff84c748cd8a90968846c022685dcbd0d5eb8e8c7f16ed15ad74d,1,1,327,197,False,False
r3-pilot,62fc2a11f58ff84c748cd8a90968846c022685dcbd0d5eb8e8c7f16ed15ad74d,1,1,328,197,False,False
r3-pilot,62fc2a11f58ff84c748cd8a90968846c022685dcbd0d5eb8e8c7f16ed15ad74d,1,1,329,197,False,False
r3-pilot,62fc2a11f58ff84c748cd8a90968846c022685dcbd0d5eb8e8c7f16ed15ad74d,1,1,330,197,False,False
r3-pilot,62fc2a11f58ff84c748cd8a90968846c022685dcbd0d5eb8e8c7f16ed15ad74d,1,1,331,197,False,False
r3-pilot,62fc2a11f58ff84c748cd8a90968846c022685dcbd0d5eb8e8c7f16ed15ad74d,1,1,332,197,False,False
r3-pilot,62fc2a11f58ff84c748cd8a90968846c022685dcbd0d5eb8e8c7f16ed15ad74d,1,1,333,197,False,False
r3-pilot,62fc2a11f58ff84c748cd8a90968846c022685dcbd0d5eb8e8c7f16ed15ad74d,1,1,334,197,False,False
r3-pilot,62fc2a11f58ff84c748cd8a90968846c022685dcbd0d5eb8e8c7f16ed15ad74d,1,1,335,197,False,False
r3-pilot,62fc2a11f58ff84c748cd8a90968846c022685dcbd0d5eb8e8c7f16ed15ad74d,1,1,336,197,False,False
r3-pilot,62fc2a11f58ff84c748cd8a90968846c022685dcbd0d5eb8e8c7f16ed15ad74d,1,1,337,197,False,False
r3-pilot,62fc2a11f58ff84c748cd8a90968846c022685dcbd0d5eb8e8c7f16ed15ad74d,1,1,338,197,False,False
r3-pilot,62fc2a11f58ff84c748cd8a90968846c022685dcbd0d5eb8e8c7f16ed15ad74d,1,1,339,197,False,False
r3-pilot,62fc2a11f58ff84c748cd8a90968846c022685dcbd0d5eb8e8c7f16ed15ad74d,1,1,340,197,False,False
r3-pilot,62fc2a11f58ff84c748cd8a90968846c022685dcbd0d5eb8e8c7f16ed15ad74d,1,1,341,197,False,False
r3-pilot,62fc2a11f58ff84c748cd8a90968846c022685dcbd0d5eb8e8c7f16ed15ad74d,1,1,342,197,False,False
r3-pilot,62fc2a11f58ff84c748cd8a90968846c022685dcbd0d5eb8e8c7f16ed15ad74d,1,1,343,197,False,False
r3-pilot,62fc2a11f58ff84c748cd8a90968846c022685dcbd0d5eb8e8c7f16ed15ad74d,1,1,344,197,False,False
r3-pilot,62fc2a11f58ff84c748cd8a90968846c022685dcbd0d5eb8e8c7f16ed15ad74d,1,1,345,197,False,False
r3-pilot,62fc2a11f58ff84c748cd8a90968846c022685dcbd0d5eb8e8c7f16ed15ad74d,1,1,346,197,False,False
r3-pilot,62fc2a11f58ff84c748cd8a90968846c022685dcbd0d5eb8e8c7f16ed15ad74d,1,1,347,197,False,False
r3-pilot,62fc2a11f58ff84c748cd8a90968846c022685dcbd0d5eb8e8c7f16ed15ad74d,1,1,348,197,False,False
r3-pilot,62fc2a11f58ff84c748cd8a90968846c022685dcbd0d5eb8e8c7f16ed15ad74d,1,1,349,197,False,False
r3-pilot,62fc2a11f58ff84c748cd8a90968846c022685dcbd0d5eb8e8c7f16ed15ad74d,1,1,350,197,False,False
r3-pilot,62fc2a11f58ff84c748cd8a90968846c022685dcbd0d5eb8e8c7f16ed15ad74d,1,1,351,197,False,False
r3-pilot,62fc2a11f58ff84c748cd8a90968846c022685dcbd0d5eb8e8c7f16ed15ad74d,1,1,352,197,False,False
r3-pilot,62fc2a11f58ff84c748cd8a90968846c022685dcbd0d5eb8e8c7f16ed15ad74d,1,1,353,197,False,False
r3-pilot,62fc2a11f58ff84c748cd8a90968846c022685dcbd0d5eb8e8c7f16ed15ad74d,1,1,354,197,False,False
r3-pilot,62fc2a11f58ff84c748cd8a90968846c022685dcbd0d5eb8e8c7f16ed15ad74d,1,1,355,197,False,False
r3-pilot,62fc2a11f58ff84c748cd8a90968846c022685dcbd0d5eb8e8c7f16ed15ad74d,1,1,356,197,False,False
r3-pilot,62fc2a11f58ff84c748cd8a90968846c022685dcbd0d5eb8e8c7f16ed15ad74d,1,1,357,197,False,False
r3-pilot,62fc2a11f58ff84c748cd8a90968846c022685dcbd0d5eb8e8c7f16ed15ad74d,1,1,358,197,False,False
r3-pilot,62fc2a11f58ff84c748cd8a90968846c022685dcbd0d5eb8e8c7f16ed15ad74d,1,1,359,197,False,False
r3-pilot,62fc2a11f58ff84c748cd8a90968846c022685dcbd0d5eb8e8c7f16ed15ad74d,1,1,360,197,False,False
r3-pilot,62fc2a11f58ff84c748cd8a90968846c022685dcbd0d5eb8e8c7f16ed15ad74d,1,1,361,197,False,False
r3-pilot,62fc2a11f58ff84c748cd8a90968846c022685dcbd0d5eb8e8c7f16ed15ad74d,1,1,362,197,False,False
r3-pilot,62fc2a11f58ff84c748cd8a90968846c022685dcbd0d5eb8e8c7f16ed15ad74d,1,1,363,197,False,False
r3-pilot,62fc2a11f58ff84c748cd8a90968846c022685dcbd0d5eb8e8c7f16ed15ad74d,1,1,364,197,False,False
r3-pilot,62fc2a11f58ff84c748cd8a90968846c022685dcbd0d5eb8e8c7f16ed15ad74d,1,1,365,197,False,False
r3-pilot,62fc2a11f58ff84c748cd8a90968846c022685dcbd0d5eb8e8c7f16ed15ad74d,1,1,366,197,False,False
r3-pilot,62fc2a11f58ff84c748cd8a90968846c022685dcbd0d5eb8e8c7f16ed15ad74d,1,1,367,197,False,False
r3-pilot,62fc2a11f58ff84c748cd8a90968846c022685dcbd0d5eb8e8c7f16ed15ad74d,1,1,288,198,False,False
r3-pilot,62fc2a11f58ff84c748cd8a90968846c022685dcbd0d5eb8e8c7f16ed15ad74d,1,1,289,198,False,False
r3-pilot,62fc2a11f58ff84c748cd8a90968846c022685dcbd0d5eb8e8c7f16ed15ad74d,1,1,290,198,False,False
r3-pilot,62fc2a11f58ff84c748cd8a90968846c022685dcbd0d5eb8e8c7f16ed15ad74d,1,1,291,198,False,False
r3-pilot,62fc2a11f58ff84c748cd8a90968846c022685dcbd0d5eb8e8c7f16ed15ad74d,1,1,292,198,False,False
r3-pilot,62fc2a11f58ff84c748cd8a90968846c022685dcbd0d5eb8e8c7f16ed15ad74d,1,1,293,198,False,False
r3-pilot,62fc2a11f58ff84c748cd8a90968846c022685dcbd0d5eb8e8c7f16ed15ad74d,1,1,294,198,False,False
r3-pilot,62fc2a11f58ff84c748cd8a90968846c022685dcbd0d5eb8e8c7f16ed15ad74d,1,1,295,198,False,False
r3-pilot,62fc2a11f58ff84c748cd8a90968846c022685dcbd0d5eb8e8c7f16ed15ad74d,1,1,296,198,False,False
r3-pilot,62fc2a11f58ff84c748cd8a90968846c022685dcbd0d5eb8e8c7f16ed15ad74d,1,1,297,198,False,False
r3-pilot,62fc2a11f58ff84c748cd8a90968846c022685dcbd0d5eb8e8c7f16ed15ad74d,1,1,298,198,False,False
r3-pilot,62fc2a11f58ff84c748cd8a90968846c022685dcbd0d5eb8e8c7f16ed15ad74d,1,1,299,198,False,False
r3-pilot,62fc2a11f58ff84c748cd8a90968846c022685dcbd0d5eb8e8c7f16ed15ad74d,1,1,300,198,False,False
r3-pilot,62fc2a11f58ff84c748cd8a90968846c022685dcbd0d5eb8e8c7f16ed15ad74d,1,1,301,198,False,False
r3-pilot,62fc2a11f58ff84c748cd8a90968846c022685dcbd0d5eb8e8c7f16ed15ad74d,1,1,302,198,False,False
r3-pilot,62fc2a11f58ff84c748cd8a90968846c022685dcbd0d5eb8e8c7f16ed15ad74d,1,1,303,198,False,False
r3-pilot,62fc2a11f58ff84c748cd8a90968846c022685dcbd0d5eb8e8c7f16ed15ad74d,1,1,304,198,False,False
r3-pilot,62fc2a11f58ff84c748cd8a90968846c022685dcbd0d5eb8e8c7f16ed15ad74d,1,1,305,198,False,False
r3-pilot,62fc2a11f58ff84c748cd8a90968846c022685dcbd0d5eb8e8c7f16ed15ad74d,1,1,306,198,False,False
r3-pilot,62fc2a11f58ff84c748cd8a90968846c022685dcbd0d5eb8e8c7f16ed15ad74d,1,1,307,198,False,False
r3-pilot,62fc2a11f58ff84c748cd8a90968846c022685dcbd0d5eb8e8c7f16ed15ad74d,1,1,308,198,False,False
r3-pilot,62fc2a11f58ff84c748cd8a90968846c022685dcbd0d5eb8e8c7f16ed15ad74d,1,1,309,198,False,False
r3-pilot,62fc2a11f58ff84c748cd8a90968846c022685dcbd0d5eb8e8c7f16ed15ad74d,1,1,310,198,False,False
r3-pilot,62fc2a11f58ff84c748cd8a90968846c022685dcbd0d5eb8e8c7f16ed15ad74d,1,1,311,198,False,False
r3-pilot,62fc2a11f58ff84c748cd8a90968846c022685dcbd0d5eb8e8c7f16ed15ad74d,1,1,312,198,False,False
r3-pilot,62fc2a11f58ff84c748cd8a90968846c022685dcbd0d5eb8e8c7f16ed15ad74d,1,1,313,198,False,False
r3-pilot,62fc2a11f58ff84c748cd8a90968846c022685dcbd0d5eb8e8c7f16ed15ad74d,1,1,314,198,False,False
r3-pilot,62fc2a11f58ff84c748cd8a90968846c022685dcbd0d5eb8e8c7f16ed15ad74d,1,1,315,198,False,False
r3-pilot,62fc2a11f58ff84c748cd8a90968846c022685dcbd0d5eb8e8c7f16ed15ad74d,1,1,316,198,False,False
r3-pilot,62fc2a11f58ff84c748cd8a90968846c022685dcbd0d5eb8e8c7f16ed15ad74d,1,1,317,198,False,False
r3-pilot,62fc2a11f58ff84c748cd8a90968846c022685dcbd0d5eb8e8c7f16ed15ad74d,1,1,318,198,False,False
r3-pilot,62fc2a11f58ff84c748cd8a90968846c022685dcbd0d5eb8e8c7f16ed15ad74d,1,1,319,198,False,False
r3-pilot,62fc2a11f58ff84c748cd8a90968846c022685dcbd0d5eb8e8c7f16ed15ad74d,1,1,320,198,False,False
r3-pilot,62fc2a11f58ff84c748cd8a90968846c022685dcbd0d5eb8e8c7f16ed15ad74d,1,1,321,198,False,False
r3-pilot,62fc2a11f58ff84c748cd8a90968846c022685dcbd0d5eb8e8c7f16ed15ad74d,1,1,322,198,False,False
r3-pilot,62fc2a11f58ff84c748cd8a90968846c022685dcbd0d5eb8e8c7f16ed15ad74d,1,1,323,198,False,False
r3-pilot,62fc2a11f58ff84c748cd8a90968846c022685dcbd0d5eb8e8c7f16ed15ad74d,1,1,324,198,False,False
r3-pilot,62fc2a11f58ff84c748cd8a90968846c022685dcbd0d5eb8e8c7f16ed15ad74d,1,1,325,198,False,False
r3-pilot,62fc2a11f58ff84c748cd8a90968846c022685dcbd0d5eb8e8c7f16ed15ad74d,1,1,326,198,False,False
r3-pilot,62fc2a11f58ff84c748cd8a90968846c022685dcbd0d5eb8e8c7f16ed15ad74d,1,1,327,198,False,False
r3-pilot,62fc2a11f58ff84c748cd8a90968846c022685dcbd0d5eb8e8c7f16ed15ad74d,1,1,328,198,False,False
r3-pilot,62fc2a11f58ff84c748cd8a90968846c022685dcbd0d5eb8e8c7f16ed15ad74d,1,1,329,198,False,False
r3-pilot,62fc2a11f58ff84c748cd8a90968846c022685dcbd0d5eb8e8c7f16ed15ad74d,1,1,330,198,False,False
r3-pilot,62fc2a11f58ff84c748cd8a90968846c022685dcbd0d5eb8e8c7f16ed15ad74d,1,1,331,198,False,False
r3-pilot,62fc2a11f58ff84c748cd8a90968846c022685dcbd0d5eb8e8c7f16ed15ad74d,1,1,332,198,False,False
r3-pilot,62fc2a11f58ff84c748cd8a90968846c022685dcbd0d5eb8e8c7f16ed15ad74d,1,1,333,198,False,False
r3-pilot,62fc2a11f58ff84c748cd8a90968846c022685dcbd0d5eb8e8c7f16ed15ad74d,1,1,334,198,False,False
r3-pilot,62fc2a11f58ff84c748cd8a90968846c022685dcbd0d5eb8e8c7f16ed15ad74d,1,1,335,198,False,False
r3-pilot,62fc2a11f58ff84c748cd8a90968846c022685dcbd0d5eb8e8c7f16ed15ad74d,1,1,336,198,False,False
r3-pilot,62fc2a11f58ff84c748cd8a90968846c022685dcbd0d5eb8e8c7f16ed15ad74d,1,1,337,198,False,False
r3-pilot,62fc2a11f58ff84c748cd8a90968846c022685dcbd0d5eb8e8c7f16ed15ad74d,1,1,338,198,False,False
r3-pilot,62fc2a11f58ff84c748cd8a90968846c022685dcbd0d5eb8e8c7f16ed15ad74d,1,1,339,198,False,False
r3-pilot,62fc2a11f58ff84c748cd8a90968846c022685dcbd0d5eb8e8c7f16ed15ad74d,1,1,340,198,False,False
r3-pilot,62fc2a11f58ff84c748cd8a90968846c022685dcbd0d5eb8e8c7f16ed15ad74d,1,1,341,198,False,False
r3-pilot,62fc2a11f58ff84c748cd8a90968846c022685dcbd0d5eb8e8c7f16ed15ad74d,1,1,342,198,False,False
r3-pilot,62fc2a11f58ff84c748cd8a90968846c022685dcbd0d5eb8e8c7f16ed15ad74d,1,1,343,198,False,False
r3-pilot,62fc2a11f58ff84c748cd8a90968846c022685dcbd0d5eb8e8c7f16ed15ad74d,1,1,344,198,False,False
r3-pilot,62fc2a11f58ff84c748cd8a90968846c022685dcbd0d5eb8e8c7f16ed15ad74d,1,1,345,198,False,False
r3-pilot,62fc2a11f58ff84c748cd8a90968846c022685dcbd0d5eb8e8c7f16ed15ad74d,1,1,346,198,False,False
r3-pilot,62fc2a11f58ff84c748cd8a90968846c022685dcbd0d5eb8e8c7f16ed15ad74d,1,1,347,198,False,False
r3-pilot,62fc2a11f58ff84c748cd8a90968846c022685dcbd0d5eb8e8c7f16ed15ad74d,1,1,348,198,False,False
r3-pilot,62fc2a11f58ff84c748cd8a90968846c022685dcbd0d5eb8e8c7f16ed15ad74d,1,1,349,198,False,False
r3-pilot,62fc2a11f58ff84c748cd8a90968846c022685dcbd0d5eb8e8c7f16ed15ad74d,1,1,350,198,False,False
r3-pilot,62fc2a11f58ff84c748cd8a90968846c022685dcbd0d5eb8e8c7f16ed15ad74d,1,1,351,198,False,False
r3-pilot,62fc2a11f58ff84c748cd8a90968846c022685dcbd0d5eb8e8c7f16ed15ad74d,1,1,352,198,False,False
r3-pilot,62fc2a11f58ff84c748cd8a90968846c022685dcbd0d5eb8e8c7f16ed15ad74d,1,1,353,198,False,False
r3-pilot,62fc2a11f58ff84c748cd8a90968846c022685dcbd0d5eb8e8c7f16ed15ad74d,1,1,354,198,False,False
r3-pilot,62fc2a11f58ff84c748cd8a90968846c022685dcbd0d5eb8e8c7f16ed15ad74d,1,1,355,198,False,False
r3-pilot,62fc2a11f58ff84c748cd8a90968846c022685dcbd0d5eb8e8c7f16ed15ad74d,1,1,356,198,False,False
r3-pilot,62fc2a11f58ff84c748cd8a90968846c022685dcbd0d5eb8e8c7f16ed15ad74d,1,1,357,198,False,False
r3-pilot,62fc2a11f58ff84c748cd8a90968846c022685dcbd0d5eb8e8c7f16ed15ad74d,1,1,358,198,False,False
r3-pilot,62fc2a11f58ff84c748cd8a90968846c022685dcbd0d5eb8e8c7f16ed15ad74d,1,1,359,198,False,False
r3-pilot,62fc2a11f58ff84c748cd8a90968846c022685dcbd0d5eb8e8c7f16ed15ad74d,1,1,360,198,False,False
r3-pilot,62fc2a11f58ff84c748cd8a90968846c022685dcbd0d5eb8e8c7f16ed15ad74d,1,1,361,198,False,False
r3-pilot,62fc2a11f58ff84c748cd8a90968846c022685dcbd0d5eb8e8c7f16ed15ad74d,1,1,362,198,False,False
r3-pilot,62fc2a11f58ff84c748cd8a90968846c022685dcbd0d5eb8e8c7f16ed15ad74d,1,1,363,198,False,False
r3-pilot,62fc2a11f58ff84c748cd8a90968846c022685dcbd0d5eb8e8c7f16ed15ad74d,1,1,364,198,False,False
r3-pilot,62fc2a11f58ff84c748cd8a90968846c022685dcbd0d5eb8e8c7f16ed15ad74d,1,1,365,198,False,False
r3-pilot,62fc2a11f58ff84c748cd8a90968846c022685dcbd0d5eb8e8c7f16ed15ad74d,1,1,366,198,False,False
r3-pilot,62fc2a11f58ff84c748cd8a90968846c022685dcbd0d5eb8e8c7f16ed15ad74d,1,1,367,198,False,False
r3-pilot,62fc2a11f58ff84c748cd8a90968846c022685dcbd0d5eb8e8c7f16ed15ad74d,1,1,288,199,False,False
r3-pilot,62fc2a11f58ff84c748cd8a90968846c022685dcbd0d5eb8e8c7f16ed15ad74d,1,1,289,199,False,False
r3-pilot,62fc2a11f58ff84c748cd8a90968846c022685dcbd0d5eb8e8c7f16ed15ad74d,1,1,290,199,False,False
r3-pilot,62fc2a11f58ff84c748cd8a90968846c022685dcbd0d5eb8e8c7f16ed15ad74d,1,1,291,199,False,False
r3-pilot,62fc2a11f58ff84c748cd8a90968846c022685dcbd0d5eb8e8c7f16ed15ad74d,1,1,292,199,False,False
r3-pilot,62fc2a11f58ff84c748cd8a90968846c022685dcbd0d5eb8e8c7f16ed15ad74d,1,1,293,199,False,False
r3-pilot,62fc2a11f58ff84c748cd8a90968846c022685dcbd0d5eb8e8c7f16ed15ad74d,1,1,294,199,False,False
r3-pilot,62fc2a11f58ff84c748cd8a90968846c022685dcbd0d5eb8e8c7f16ed15ad74d,1,1,295,199,False,False
r3-pilot,62fc2a11f58ff84c748cd8a90968846c022685dcbd0d5eb8e8c7f16ed15ad74d,1,1,296,199,False,False
r3-pilot,62fc2a11f58ff84c748cd8a90968846c022685dcbd0d5eb8e8c7f16ed15ad74d,1,1,297,199,False,False
r3-pilot,62fc2a11f58ff84c748cd8a90968846c022685dcbd0d5eb8e8c7f16ed15ad74d,1,1,298,199,False,False
r3-pilot,62fc2a11f58ff84c748cd8a90968846c022685dcbd0d5eb8e8c7f16ed15ad74d,1,1,299,199,False,False
r3-pilot,62fc2a11f58ff84c748cd8a90968846c022685dcbd0d5eb8e8c7f16ed15ad74d,1,1,300,199,False,False
r3-pilot,62fc2a11f58ff84c748cd8a90968846c022685dcbd0d5eb8e8c7f16ed15ad74d,1,1,301,199,False,False
r3-pilot,62fc2a11f58ff84c748cd8a90968846c022685dcbd0d5eb8e8c7f16ed15ad74d,1,1,302,199,False,False
r3-pilot,62fc2a11f58ff84c748cd8a90968846c022685dcbd0d5eb8e8c7f16ed15ad74d,1,1,303,199,False,False
r3-pilot,62fc2a11f58ff84c748cd8a90968846c022685dcbd0d5eb8e8c7f16ed15ad74d,1,1,304,199,False,False
r3-pilot,62fc2a11f58ff84c748cd8a90968846c022685dcbd0d5eb8e8c7f16ed15ad74d,1,1,305,199,False,False
r3-pilot,62fc2a11f58ff84c748cd8a90968846c022685dcbd0d5eb8e8c7f16ed15ad74d,1,1,306,199,False,False
r3-pilot,62fc2a11f58ff84c748cd8a90968846c022685dcbd0d5eb8e8c7f16ed15ad74d,1,1,307,199,False,False
r3-pilot,62fc2a11f58ff84c748cd8a90968846c022685dcbd0d5eb8e8c7f16ed15ad74d,1,1,308,199,False,False
r3-pilot,62fc2a11f58ff84c748cd8a90968846c022685dcbd0d5eb8e8c7f16ed15ad74d,1,1,309,199,False,False
r3-pilot,62fc2a11f58ff84c748cd8a90968846c022685dcbd0d5eb8e8c7f16ed15ad74d,1,1,310,199,False,False
r3-pilot,62fc2a11f58ff84c748cd8a90968846c022685dcbd0d5eb8e8c7f16ed15ad74d,1,1,311,199,False,False
r3-pilot,62fc2a11f58ff84c748cd8a90968846c022685dcbd0d5eb8e8c7f16ed15ad74d,1,1,312,199,False,False
r3-pilot,62fc2a11f58ff84c748cd8a90968846c022685dcbd0d5eb8e8c7f16ed15ad74d,1,1,313,199,False,False
r3-pilot,62fc2a11f58ff84c748cd8a90968846c022685dcbd0d5eb8e8c7f16ed15ad74d,1,1,314,199,False,False
r3-pilot,62fc2a11f58ff84c748cd8a90968846c022685dcbd0d5eb8e8c7f16ed15ad74d,1,1,315,199,False,False
r3-pilot,62fc2a11f58ff84c748cd8a90968846c022685dcbd0d5eb8e8c7f16ed15ad74d,1,1,316,199,False,False
r3-pilot,62fc2a11f58ff84c748cd8a90968846c022685dcbd0d5eb8e8c7f16ed15ad74d,1,1,317,199,False,False
r3-pilot,62fc2a11f58ff84c748cd8a90968846c022685dcbd0d5eb8e8c7f16ed15ad74d,1,1,318,199,False,False
r3-pilot,62fc2a11f58ff84c748cd8a90968846c022685dcbd0d5eb8e8c7f16ed15ad74d,1,1,319,199,False,False
r3-pilot,62fc2a11f58ff84c748cd8a90968846c022685dcbd0d5eb8e8c7f16ed15ad74d,1,1,320,199,False,False
r3-pilot,62fc2a11f58ff84c748cd8a90968846c022685dcbd0d5eb8e8c7f16ed15ad74d,1,1,321,199,False,False
r3-pilot,62fc2a11f58ff84c748cd8a90968846c022685dcbd0d5eb8e8c7f16ed15ad74d,1,1,322,199,False,False
r3-pilot,62fc2a11f58ff84c748cd8a90968846c022685dcbd0d5eb8e8c7f16ed15ad74d,1,1,323,199,False,False
r3-pilot,62fc2a11f58ff84c748cd8a90968846c022685dcbd0d5eb8e8c7f16ed15ad74d,1,1,324,199,False,False
r3-pilot,62fc2a11f58ff84c748cd8a90968846c022685dcbd0d5eb8e8c7f16ed15ad74d,1,1,325,199,False,False
r3-pilot,62fc2a11f58ff84c748cd8a90968846c022685dcbd0d5eb8e8c7f16ed15ad74d,1,1,326,199,False,False
r3-pilot,62fc2a11f58ff84c748cd8a90968846c022685dcbd0d5eb8e8c7f16ed15ad74d,1,1,327,199,False,False
r3-pilot,62fc2a11f58ff84c748cd8a90968846c022685dcbd0d5eb8e8c7f16ed15ad74d,1,1,330,199,False,False
r3-pilot,62fc2a11f58ff84c748cd8a90968846c022685dcbd0d5eb8e8c7f16ed15ad74d,1,1,331,199,False,False
r3-pilot,62fc2a11f58ff84c748cd8a90968846c022685dcbd0d5eb8e8c7f16ed15ad74d,1,1,334,199,False,False
r3-pilot,62fc2a11f58ff84c748cd8a90968846c022685dcbd0d5eb8e8c7f16ed15ad74d,1,1,335,199,False,False
r3-pilot,62fc2a11f58ff84c748cd8a90968846c022685dcbd0d5eb8e8c7f16ed15ad74d,1,1,338,199,False,False
r3-pilot,62fc2a11f58ff84c748cd8a90968846c022685dcbd0d5eb8e8c7f16ed15ad74d,1,1,340,199,False,False
r3-pilot,62fc2a11f58ff84c748cd8a90968846c022685dcbd0d5eb8e8c7f16ed15ad74d,1,1,341,199,False,False
r3-pilot,62fc2a11f58ff84c748cd8a90968846c022685dcbd0d5eb8e8c7f16ed15ad74d,1,1,342,199,False,False
r3-pilot,62fc2a11f58ff84c748cd8a90968846c022685dcbd0d5eb8e8c7f16ed15ad74d,1,1,343,199,False,False
r3-pilot,62fc2a11f58ff84c748cd8a90968846c022685dcbd0d5eb8e8c7f16ed15ad74d,1,1,344,199,False,False
r3-pilot,62fc2a11f58ff84c748cd8a90968846c022685dcbd0d5eb8e8c7f16ed15ad74d,1,1,345,199,False,False
r3-pilot,62fc2a11f58ff84c748cd8a90968846c022685dcbd0d5eb8e8c7f16ed15ad74d,1,1,346,199,False,False
r3-pilot,62fc2a11f58ff84c748cd8a90968846c022685dcbd0d5eb8e8c7f16ed15ad74d,1,1,347,199,False,False
r3-pilot,62fc2a11f58ff84c748cd8a90968846c022685dcbd0d5eb8e8c7f16ed15ad74d,1,1,348,199,False,False
r3-pilot,62fc2a11f58ff84c748cd8a90968846c022685dcbd0d5eb8e8c7f16ed15ad74d,1,1,349,199,False,False
r3-pilot,62fc2a11f58ff84c748cd8a90968846c022685dcbd0d5eb8e8c7f16ed15ad74d,1,1,350,199,False,False
r3-pilot,62fc2a11f58ff84c748cd8a90968846c022685dcbd0d5eb8e8c7f16ed15ad74d,1,1,351,199,False,False
r3-pilot,62fc2a11f58ff84c748cd8a90968846c022685dcbd0d5eb8e8c7f16ed15ad74d,1,1,352,199,False,False
r3-pilot,62fc2a11f58ff84c748cd8a90968846c022685dcbd0d5eb8e8c7f16ed15ad74d,1,1,353,199,False,False
r3-pilot,62fc2a11f58ff84c748cd8a90968846c022685dcbd0d5eb8e8c7f16ed15ad74d,1,1,354,199,False,False
r3-pilot,62fc2a11f58ff84c748cd8a90968846c022685dcbd0d5eb8e8c7f16ed15ad74d,1,1,355,199,False,False
r3-pilot,62fc2a11f58ff84c748cd8a90968846c022685dcbd0d5eb8e8c7f16ed15ad74d,1,1,356,199,False,False
r3-pilot,62fc2a11f58ff84c748cd8a90968846c022685dcbd0d5eb8e8c7f16ed15ad74d,1,1,357,199,False,False
r3-pilot,62fc2a11f58ff84c748cd8a90968846c022685dcbd0d5eb8e8c7f16ed15ad74d,1,1,358,199,False,False
r3-pilot,62fc2a11f58ff84c748cd8a90968846c022685dcbd0d5eb8e8c7f16ed15ad74d,1,1,359,199,False,False
r3-pilot,62fc2a11f58ff84c748cd8a90968846c022685dcbd0d5eb8e8c7f16ed15ad74d,1,1,360,199,False,False
r3-pilot,62fc2a11f58ff84c748cd8a90968846c022685dcbd0d5eb8e8c7f16ed15ad74d,1,1,361,199,False,False
r3-pilot,62fc2a11f58ff84c748cd8a90968846c022685dcbd0d5eb8e8c7f16ed15ad74d,1,1,362,199,False,False
r3-pilot,62fc2a11f58ff84c748cd8a90968846c022685dcbd0d5eb8e8c7f16ed15ad74d,1,1,363,199,False,False
r3-pilot,62fc2a11f58ff84c748cd8a90968846c022685dcbd0d5eb8e8c7f16ed15ad74d,1,1,364,199,False,False
r3-pilot,62fc2a11f58ff84c748cd8a90968846c022685dcbd0d5eb8e8c7f16ed15ad74d,1,1,365,199,False,False
r3-pilot,62fc2a11f58ff84c748cd8a90968846c022685dcbd0d5eb8e8c7f16ed15ad74d,1,1,366,199,False,False
r3-pilot,62fc2a11f58ff84c748cd8a90968846c022685dcbd0d5eb8e8c7f16ed15ad74d,1,1,367,199,False,False
r3-pilot,62fc2a11f58ff84c748cd8a90968846c022685dcbd0d5eb8e8c7f16ed15ad74d,1,1,288,200,False,False
r3-pilot,62fc2a11f58ff84c748cd8a90968846c022685dcbd0d5eb8e8c7f16ed15ad74d,1,1,289,200,False,False
r3-pilot,62fc2a11f58ff84c748cd8a90968846c022685dcbd0d5eb8e8c7f16ed15ad74d,1,1,290,200,False,False
r3-pilot,62fc2a11f58ff84c748cd8a90968846c022685dcbd0d5eb8e8c7f16ed15ad74d,1,1,291,200,False,False
r3-pilot,62fc2a11f58ff84c748cd8a90968846c022685dcbd0d5eb8e8c7f16ed15ad74d,1,1,292,200,False,False
r3-pilot,62fc2a11f58ff84c748cd8a90968846c022685dcbd0d5eb8e8c7f16ed15ad74d,1,1,293,200,False,False
r3-pilot,62fc2a11f58ff84c748cd8a90968846c022685dcbd0d5eb8e8c7f16ed15ad74d,1,1,294,200,False,False
r3-pilot,62fc2a11f58ff84c748cd8a90968846c022685dcbd0d5eb8e8c7f16ed15ad74d,1,1,295,200,False,False
r3-pilot,62fc2a11f58ff84c748cd8a90968846c022685dcbd0d5eb8e8c7f16ed15ad74d,1,1,296,200,False,False
r3-pilot,62fc2a11f58ff84c748cd8a90968846c022685dcbd0d5eb8e8c7f16ed15ad74d,1,1,297,200,False,False
r3-pilot,62fc2a11f58ff84c748cd8a90968846c022685dcbd0d5eb8e8c7f16ed15ad74d,1,1,298,200,False,False
r3-pilot,62fc2a11f58ff84c748cd8a90968846c022685dcbd0d5eb8e8c7f16ed15ad74d,1,1,299,200,False,False
r3-pilot,62fc2a11f58ff84c748cd8a90968846c022685dcbd0d5eb8e8c7f16ed15ad74d,1,1,300,200,False,False
r3-pilot,62fc2a11f58ff84c748cd8a90968846c022685dcbd0d5eb8e8c7f16ed15ad74d,1,1,301,200,False,False
r3-pilot,62fc2a11f58ff84c748cd8a90968846c022685dcbd0d5eb8e8c7f16ed15ad74d,1,1,302,200,False,False
r3-pilot,62fc2a11f58ff84c748cd8a90968846c022685dcbd0d5eb8e8c7f16ed15ad74d,1,1,303,200,False,False
r3-pilot,62fc2a11f58ff84c748cd8a90968846c022685dcbd0d5eb8e8c7f16ed15ad74d,1,1,304,200,False,False
r3-pilot,62fc2a11f58ff84c748cd8a90968846c022685dcbd0d5eb8e8c7f16ed15ad74d,1,1,305,200,False,False
r3-pilot,62fc2a11f58ff84c748cd8a90968846c022685dcbd0d5eb8e8c7f16ed15ad74d,1,1,306,200,False,False
r3-pilot,62fc2a11f58ff84c748cd8a90968846c022685dcbd0d5eb8e8c7f16ed15ad74d,1,1,307,200,False,False
r3-pilot,62fc2a11f58ff84c748cd8a90968846c022685dcbd0d5eb8e8c7f16ed15ad74d,1,1,308,200,False,False
r3-pilot,62fc2a11f58ff84c748cd8a90968846c022685dcbd0d5eb8e8c7f16ed15ad74d,1,1,309,200,False,False
r3-pilot,62fc2a11f58ff84c748cd8a90968846c022685dcbd0d5eb8e8c7f16ed15ad74d,1,1,310,200,False,False
r3-pilot,62fc2a11f58ff84c748cd8a90968846c022685dcbd0d5eb8e8c7f16ed15ad74d,1,1,311,200,False,False
r3-pilot,62fc2a11f58ff84c748cd8a90968846c022685dcbd0d5eb8e8c7f16ed15ad74d,1,1,312,200,False,False
r3-pilot,62fc2a11f58ff84c748cd8a90968846c022685dcbd0d5eb8e8c7f16ed15ad74d,1,1,313,200,False,False
r3-pilot,62fc2a11f58ff84c748cd8a90968846c022685dcbd0d5eb8e8c7f16ed15ad74d,1,1,314,200,False,False
r3-pilot,62fc2a11f58ff84c748cd8a90968846c022685dcbd0d5eb8e8c7f16ed15ad74d,1,1,315,200,False,False
r3-pilot,62fc2a11f58ff84c748cd8a90968846c022685dcbd0d5eb8e8c7f16ed15ad74d,1,1,316,200,False,False
r3-pilot,62fc2a11f58ff84c748cd8a90968846c022685dcbd0d5eb8e8c7f16ed15ad74d,1,1,317,200,False,False
r3-pilot,62fc2a11f58ff84c748cd8a90968846c022685dcbd0d5eb8e8c7f16ed15ad74d,1,1,318,200,False,False
r3-pilot,62fc2a11f58ff84c748cd8a90968846c022685dcbd0d5eb8e8c7f16ed15ad74d,1,1,319,200,False,False
r3-pilot,62fc2a11f58ff84c748cd8a90968846c022685dcbd0d5eb8e8c7f16ed15ad74d,1,1,322,200,False,False
r3-pilot,62fc2a11f58ff84c748cd8a90968846c022685dcbd0d5eb8e8c7f16ed15ad74d,1,1,323,200,False,False
r3-pilot,62fc2a11f58ff84c748cd8a90968846c022685dcbd0d5eb8e8c7f16ed15ad74d,1,1,325,200,False,False
r3-pilot,62fc2a11f58ff84c748cd8a90968846c022685dcbd0d5eb8e8c7f16ed15ad74d,1,1,326,200,False,False
r3-pilot,62fc2a11f58ff84c748cd8a90968846c022685dcbd0d5eb8e8c7f16ed15ad74d,1,1,327,200,False,False
r3-pilot,62fc2a11f58ff84c748cd8a90968846c022685dcbd0d5eb8e8c7f16ed15ad74d,1,1,330,200,False,False
r3-pilot,62fc2a11f58ff84c748cd8a90968846c022685dcbd0d5eb8e8c7f16ed15ad74d,1,1,331,200,False,False
r3-pilot,62fc2a11f58ff84c748cd8a90968846c022685dcbd0d5eb8e8c7f16ed15ad74d,1,1,334,200,False,False
r3-pilot,62fc2a11f58ff84c748cd8a90968846c022685dcbd0d5eb8e8c7f16ed15ad74d,1,1,335,200,False,False
r3-pilot,62fc2a11f58ff84c748cd8a90968846c022685dcbd0d5eb8e8c7f16ed15ad74d,1,1,338,200,False,False
r3-pilot,62fc2a11f58ff84c748cd8a90968846c022685dcbd0d5eb8e8c7f16ed15ad74d,1,1,340,200,False,False
r3-pilot,62fc2a11f58ff84c748cd8a90968846c022685dcbd0d5eb8e8c7f16ed15ad74d,1,1,341,200,False,False
r3-pilot,62fc2a11f58ff84c748cd8a90968846c022685dcbd0d5eb8e8c7f16ed15ad74d,1,1,342,200,False,False
r3-pilot,62fc2a11f58ff84c748cd8a90968846c022685dcbd0d5eb8e8c7f16ed15ad74d,1,1,343,200,False,False
r3-pilot,62fc2a11f58ff84c748cd8a90968846c022685dcbd0d5eb8e8c7f16ed15ad74d,1,1,344,200,False,False
r3-pilot,62fc2a11f58ff84c748cd8a90968846c022685dcbd0d5eb8e8c7f16ed15ad74d,1,1,345,200,False,False
r3-pilot,62fc2a11f58ff84c748cd8a90968846c022685dcbd0d5eb8e8c7f16ed15ad74d,1,1,346,200,False,False
r3-pilot,62fc2a11f58ff84c748cd8a90968846c022685dcbd0d5eb8e8c7f16ed15ad74d,1,1,347,200,False,False
r3-pilot,62fc2a11f58ff84c748cd8a90968846c022685dcbd0d5eb8e8c7f16ed15ad74d,1,1,348,200,False,False
r3-pilot,62fc2a11f58ff84c748cd8a90968846c022685dcbd0d5eb8e8c7f16ed15ad74d,1,1,349,200,False,False
r3-pilot,62fc2a11f58ff84c748cd8a90968846c022685dcbd0d5eb8e8c7f16ed15ad74d,1,1,350,200,False,False
r3-pilot,62fc2a11f58ff84c748cd8a90968846c022685dcbd0d5eb8e8c7f16ed15ad74d,1,1,351,200,False,False
r3-pilot,62fc2a11f58ff84c748cd8a90968846c022685dcbd0d5eb8e8c7f16ed15ad74d,1,1,352,200,False,False
r3-pilot,62fc2a11f58ff84c748cd8a90968846c022685dcbd0d5eb8e8c7f16ed15ad74d,1,1,353,200,False,False
r3-pilot,62fc2a11f58ff84c748cd8a90968846c022685dcbd0d5eb8e8c7f16ed15ad74d,1,1,354,200,False,False
r3-pilot,62fc2a11f58ff84c748cd8a90968846c022685dcbd0d5eb8e8c7f16ed15ad74d,1,1,355,200,False,False
r3-pilot,62fc2a11f58ff84c748cd8a90968846c022685dcbd0d5eb8e8c7f16ed15ad74d,1,1,356,200,False,False
r3-pilot,62fc2a11f58ff84c748cd8a90968846c022685dcbd0d5eb8e8c7f16ed15ad74d,1,1,357,200,False,False
r3-pilot,62fc2a11f58ff84c748cd8a90968846c022685dcbd0d5eb8e8c7f16ed15ad74d,1,1,358,200,False,False
r3-pilot,62fc2a11f58ff84c748cd8a90968846c022685dcbd0d5eb8e8c7f16ed15ad74d,1,1,359,200,False,False
r3-pilot,62fc2a11f58ff84c748cd8a90968846c022685dcbd0d5eb8e8c7f16ed15ad74d,1,1,360,200,False,False
r3-pilot,62fc2a11f58ff84c748cd8a90968846c022685dcbd0d5eb8e8c7f16ed15ad74d,1,1,361,200,False,False
r3-pilot,62fc2a11f58ff84c748cd8a90968846c022685dcbd0d5eb8e8c7f16ed15ad74d,1,1,362,200,False,False
r3-pilot,62fc2a11f58ff84c748cd8a90968846c022685dcbd0d5eb8e8c7f16ed15ad74d,1,1,363,200,False,False
r3-pilot,62fc2a11f58ff84c748cd8a90968846c022685dcbd0d5eb8e8c7f16ed15ad74d,1,1,364,200,False,False
r3-pilot,62fc2a11f58ff84c748cd8a90968846c022685dcbd0d5eb8e8c7f16ed15ad74d,1,1,365,200,False,False
r3-pilot,62fc2a11f58ff84c748cd8a90968846c022685dcbd0d5eb8e8c7f16ed15ad74d,1,1,366,200,False,False
r3-pilot,62fc2a11f58ff84c748cd8a90968846c022685dcbd0d5eb8e8c7f16ed15ad74d,1,1,367,200,False,False
r3-pilot,62fc2a11f58ff84c748cd8a90968846c022685dcbd0d5eb8e8c7f16ed15ad74d,1,1,287,201,False,False
r3-pilot,62fc2a11f58ff84c748cd8a90968846c022685dcbd0d5eb8e8c7f16ed15ad74d,1,1,288,201,False,False
r3-pilot,62fc2a11f58ff84c748cd8a90968846c022685dcbd0d5eb8e8c7f16ed15ad74d,1,1,289,201,False,False
r3-pilot,62fc2a11f58ff84c748cd8a90968846c022685dcbd0d5eb8e8c7f16ed15ad74d,1,1,290,201,False,False
r3-pilot,62fc2a11f58ff84c748cd8a90968846c022685dcbd0d5eb8e8c7f16ed15ad74d,1,1,291,201,False,False
r3-pilot,62fc2a11f58ff84c748cd8a90968846c022685dcbd0d5eb8e8c7f16ed15ad74d,1,1,292,201,False,False
r3-pilot,62fc2a11f58ff84c748cd8a90968846c022685dcbd0d5eb8e8c7f16ed15ad74d,1,1,293,201,False,False
r3-pilot,62fc2a11f58ff84c748cd8a90968846c022685dcbd0d5eb8e8c7f16ed15ad74d,1,1,294,201,False,False
r3-pilot,62fc2a11f58ff84c748cd8a90968846c022685dcbd0d5eb8e8c7f16ed15ad74d,1,1,295,201,False,False
r3-pilot,62fc2a11f58ff84c748cd8a90968846c022685dcbd0d5eb8e8c7f16ed15ad74d,1,1,296,201,False,False
r3-pilot,62fc2a11f58ff84c748cd8a90968846c022685dcbd0d5eb8e8c7f16ed15ad74d,1,1,297,201,False,False
r3-pilot,62fc2a11f58ff84c748cd8a90968846c022685dcbd0d5eb8e8c7f16ed15ad74d,1,1,298,201,False,False
r3-pilot,62fc2a11f58ff84c748cd8a90968846c022685dcbd0d5eb8e8c7f16ed15ad74d,1,1,299,201,False,False
r3-pilot,62fc2a11f58ff84c748cd8a90968846c022685dcbd0d5eb8e8c7f16ed15ad74d,1,1,300,201,False,False
r3-pilot,62fc2a11f58ff84c748cd8a90968846c022685dcbd0d5eb8e8c7f16ed15ad74d,1,1,301,201,False,False
r3-pilot,62fc2a11f58ff84c748cd8a90968846c022685dcbd0d5eb8e8c7f16ed15ad74d,1,1,302,201,False,False
r3-pilot,62fc2a11f58ff84c748cd8a90968846c022685dcbd0d5eb8e8c7f16ed15ad74d,1,1,303,201,False,False
r3-pilot,62fc2a11f58ff84c748cd8a90968846c022685dcbd0d5eb8e8c7f16ed15ad74d,1,1,304,201,False,False
r3-pilot,62fc2a11f58ff84c748cd8a90968846c022685dcbd0d5eb8e8c7f16ed15ad74d,1,1,305,201,False,False
r3-pilot,62fc2a11f58ff84c748cd8a90968846c022685dcbd0d5eb8e8c7f16ed15ad74d,1,1,306,201,False,False
r3-pilot,62fc2a11f58ff84c748cd8a90968846c022685dcbd0d5eb8e8c7f16ed15ad74d,1,1,307,201,False,False
r3-pilot,62fc2a11f58ff84c748cd8a90968846c022685dcbd0d5eb8e8c7f16ed15ad74d,1,1,308,201,False,False
r3-pilot,62fc2a11f58ff84c748cd8a90968846c022685dcbd0d5eb8e8c7f16ed15ad74d,1,1,309,201,False,False
r3-pilot,62fc2a11f58ff84c748cd8a90968846c022685dcbd0d5eb8e8c7f16ed15ad74d,1,1,310,201,False,False
r3-pilot,62fc2a11f58ff84c748cd8a90968846c022685dcbd0d5eb8e8c7f16ed15ad74d,1,1,311,201,False,False
r3-pilot,62fc2a11f58ff84c748cd8a90968846c022685dcbd0d5eb8e8c7f16ed15ad74d,1,1,312,201,False,False
r3-pilot,62fc2a11f58ff84c748cd8a90968846c022685dcbd0d5eb8e8c7f16ed15ad74d,1,1,313,201,False,False
r3-pilot,62fc2a11f58ff84c748cd8a90968846c022685dcbd0d5eb8e8c7f16ed15ad74d,1,1,314,201,False,False
r3-pilot,62fc2a11f58ff84c748cd8a90968846c022685dcbd0d5eb8e8c7f16ed15ad74d,1,1,315,201,False,False
r3-pilot,62fc2a11f58ff84c748cd8a90968846c022685dcbd0d5eb8e8c7f16ed15ad74d,1,1,316,201,False,False
r3-pilot,62fc2a11f58ff84c748cd8a90968846c022685dcbd0d5eb8e8c7f16ed15ad74d,1,1,317,201,False,False
r3-pilot,62fc2a11f58ff84c748cd8a90968846c022685dcbd0d5eb8e8c7f16ed15ad74d,1,1,318,201,False,False
r3-pilot,62fc2a11f58ff84c748cd8a90968846c022685dcbd0d5eb8e8c7f16ed15ad74d,1,1,319,201,False,False
r3-pilot,62fc2a11f58ff84c748cd8a90968846c022685dcbd0d5eb8e8c7f16ed15ad74d,1,1,322,201,False,False
r3-pilot,62fc2a11f58ff84c748cd8a90968846c022685dcbd0d5eb8e8c7f16ed15ad74d,1,1,323,201,False,False
r3-pilot,62fc2a11f58ff84c748cd8a90968846c022685dcbd0d5eb8e8c7f16ed15ad74d,1,1,324,201,False,False
r3-pilot,62fc2a11f58ff84c748cd8a90968846c022685dcbd0d5eb8e8c7f16ed15ad74d,1,1,325,201,False,False
r3-pilot,62fc2a11f58ff84c748cd8a90968846c022685dcbd0d5eb8e8c7f16ed15ad74d,1,1,326,201,False,False
r3-pilot,62fc2a11f58ff84c748cd8a90968846c022685dcbd0d5eb8e8c7f16ed15ad74d,1,1,327,201,False,False
r3-pilot,62fc2a11f58ff84c748cd8a90968846c022685dcbd0d5eb8e8c7f16ed15ad74d,1,1,328,201,False,False
r3-pilot,62fc2a11f58ff84c748cd8a90968846c022685dcbd0d5eb8e8c7f16ed15ad74d,1,1,329,201,False,False
r3-pilot,62fc2a11f58ff84c748cd8a90968846c022685dcbd0d5eb8e8c7f16ed15ad74d,1,1,330,201,False,False
r3-pilot,62fc2a11f58ff84c748cd8a90968846c022685dcbd0d5eb8e8c7f16ed15ad74d,1,1,331,201,False,False
r3-pilot,62fc2a11f58ff84c748cd8a90968846c022685dcbd0d5eb8e8c7f16ed15ad74d,1,1,332,201,False,False
r3-pilot,62fc2a11f58ff84c748cd8a90968846c022685dcbd0d5eb8e8c7f16ed15ad74d,1,1,333,201,False,False
r3-pilot,62fc2a11f58ff84c748cd8a90968846c022685dcbd0d5eb8e8c7f16ed15ad74d,1,1,334,201,False,False
r3-pilot,62fc2a11f58ff84c748cd8a90968846c022685dcbd0d5eb8e8c7f16ed15ad74d,1,1,335,201,False,False
r3-pilot,62fc2a11f58ff84c748cd8a90968846c022685dcbd0d5eb8e8c7f16ed15ad74d,1,1,336,201,False,False
r3-pilot,62fc2a11f58ff84c748cd8a90968846c022685dcbd0d5eb8e8c7f16ed15ad74d,1,1,337,201,False,False
r3-pilot,62fc2a11f58ff84c748cd8a90968846c022685dcbd0d5eb8e8c7f16ed15ad74d,1,1,338,201,False,False
r3-pilot,62fc2a11f58ff84c748cd8a90968846c022685dcbd0d5eb8e8c7f16ed15ad74d,1,1,339,201,False,False
r3-pilot,62fc2a11f58ff84c748cd8a90968846c022685dcbd0d5eb8e8c7f16ed15ad74d,1,1,340,201,False,False
r3-pilot,62fc2a11f58ff84c748cd8a90968846c022685dcbd0d5eb8e8c7f16ed15ad74d,1,1,341,201,False,False
r3-pilot,62fc2a11f58ff84c748cd8a90968846c022685dcbd0d5eb8e8c7f16ed15ad74d,1,1,342,201,False,False
r3-pilot,62fc2a11f58ff84c748cd8a90968846c022685dcbd0d5eb8e8c7f16ed15ad74d,1,1,343,201,False,False
r3-pilot,62fc2a11f58ff84c748cd8a90968846c022685dcbd0d5eb8e8c7f16ed15ad74d,1,1,344,201,False,False
r3-pilot,62fc2a11f58ff84c748cd8a90968846c022685dcbd0d5eb8e8c7f16ed15ad74d,1,1,345,201,False,False
r3-pilot,62fc2a11f58ff84c748cd8a90968846c022685dcbd0d5eb8e8c7f16ed15ad74d,1,1,346,201,False,False
r3-pilot,62fc2a11f58ff84c748cd8a90968846c022685dcbd0d5eb8e8c7f16ed15ad74d,1,1,347,201,False,False
r3-pilot,62fc2a11f58ff84c748cd8a90968846c022685dcbd0d5eb8e8c7f16ed15ad74d,1,1,348,201,False,False
r3-pilot,62fc2a11f58ff84c748cd8a90968846c022685dcbd0d5eb8e8c7f16ed15ad74d,1,1,349,201,False,False
r3-pilot,62fc2a11f58ff84c748cd8a90968846c022685dcbd0d5eb8e8c7f16ed15ad74d,1,1,350,201,False,False
r3-pilot,62fc2a11f58ff84c748cd8a90968846c022685dcbd0d5eb8e8c7f16ed15ad74d,1,1,351,201,False,False
r3-pilot,62fc2a11f58ff84c748cd8a90968846c022685dcbd0d5eb8e8c7f16ed15ad74d,1,1,352,201,False,False
r3-pilot,62fc2a11f58ff84c748cd8a90968846c022685dcbd0d5eb8e8c7f16ed15ad74d,1,1,353,201,False,False
r3-pilot,62fc2a11f58ff84c748cd8a90968846c022685dcbd0d5eb8e8c7f16ed15ad74d,1,1,354,201,False,False
r3-pilot,62fc2a11f58ff84c748cd8a90968846c022685dcbd0d5eb8e8c7f16ed15ad74d,1,1,355,201,False,False
r3-pilot,62fc2a11f58ff84c748cd8a90968846c022685dcbd0d5eb8e8c7f16ed15ad74d,1,1,356,201,False,False
r3-pilot,62fc2a11f58ff84c748cd8a90968846c022685dcbd0d5eb8e8c7f16ed15ad74d,1,1,357,201,False,False
r3-pilot,62fc2a11f58ff84c748cd8a90968846c022685dcbd0d5eb8e8c7f16ed15ad74d,1,1,358,201,False,False
r3-pilot,62fc2a11f58ff84c748cd8a90968846c022685dcbd0d5eb8e8c7f16ed15ad74d,1,1,359,201,False,False
r3-pilot,62fc2a11f58ff84c748cd8a90968846c022685dcbd0d5eb8e8c7f16ed15ad74d,1,1,360,201,False,False
r3-pilot,62fc2a11f58ff84c748cd8a90968846c022685dcbd0d5eb8e8c7f16ed15ad74d,1,1,361,201,False,False
r3-pilot,62fc2a11f58ff84c748cd8a90968846c022685dcbd0d5eb8e8c7f16ed15ad74d,1,1,362,201,False,False
r3-pilot,62fc2a11f58ff84c748cd8a90968846c022685dcbd0d5eb8e8c7f16ed15ad74d,1,1,363,201,False,False
r3-pilot,62fc2a11f58ff84c748cd8a90968846c022685dcbd0d5eb8e8c7f16ed15ad74d,1,1,364,201,False,False
r3-pilot,62fc2a11f58ff84c748cd8a90968846c022685dcbd0d5eb8e8c7f16ed15ad74d,1,1,365,201,False,False
r3-pilot,62fc2a11f58ff84c748cd8a90968846c022685dcbd0d5eb8e8c7f16ed15ad74d,1,1,366,201,False,False
r3-pilot,62fc2a11f58ff84c748cd8a90968846c022685dcbd0d5eb8e8c7f16ed15ad74d,1,1,367,201,False,False
r3-pilot,62fc2a11f58ff84c748cd8a90968846c022685dcbd0d5eb8e8c7f16ed15ad74d,1,1,288,202,False,False
r3-pilot,62fc2a11f58ff84c748cd8a90968846c022685dcbd0d5eb8e8c7f16ed15ad74d,1,1,289,202,False,False
r3-pilot,62fc2a11f58ff84c748cd8a90968846c022685dcbd0d5eb8e8c7f16ed15ad74d,1,1,290,202,False,False
r3-pilot,62fc2a11f58ff84c748cd8a90968846c022685dcbd0d5eb8e8c7f16ed15ad74d,1,1,291,202,False,False
r3-pilot,62fc2a11f58ff84c748cd8a90968846c022685dcbd0d5eb8e8c7f16ed15ad74d,1,1,292,202,False,False
r3-pilot,62fc2a11f58ff84c748cd8a90968846c022685dcbd0d5eb8e8c7f16ed15ad74d,1,1,293,202,False,False
r3-pilot,62fc2a11f58ff84c748cd8a90968846c022685dcbd0d5eb8e8c7f16ed15ad74d,1,1,294,202,False,False
r3-pilot,62fc2a11f58ff84c748cd8a90968846c022685dcbd0d5eb8e8c7f16ed15ad74d,1,1,295,202,False,False
r3-pilot,62fc2a11f58ff84c748cd8a90968846c022685dcbd0d5eb8e8c7f16ed15ad74d,1,1,296,202,False,False
r3-pilot,62fc2a11f58ff84c748cd8a90968846c022685dcbd0d5eb8e8c7f16ed15ad74d,1,1,297,202,False,False
r3-pilot,62fc2a11f58ff84c748cd8a90968846c022685dcbd0d5eb8e8c7f16ed15ad74d,1,1,298,202,False,False
r3-pilot,62fc2a11f58ff84c748cd8a90968846c022685dcbd0d5eb8e8c7f16ed15ad74d,1,1,299,202,False,False
r3-pilot,62fc2a11f58ff84c748cd8a90968846c022685dcbd0d5eb8e8c7f16ed15ad74d,1,1,300,202,False,False
r3-pilot,62fc2a11f58ff84c748cd8a90968846c022685dcbd0d5eb8e8c7f16ed15ad74d,1,1,301,202,False,False
r3-pilot,62fc2a11f58ff84c748cd8a90968846c022685dcbd0d5eb8e8c7f16ed15ad74d,1,1,302,202,False,False
r3-pilot,62fc2a11f58ff84c748cd8a90968846c022685dcbd0d5eb8e8c7f16ed15ad74d,1,1,303,202,False,False
r3-pilot,62fc2a11f58ff84c748cd8a90968846c022685dcbd0d5eb8e8c7f16ed15ad74d,1,1,304,202,False,False
r3-pilot,62fc2a11f58ff84c748cd8a90968846c022685dcbd0d5eb8e8c7f16ed15ad74d,1,1,305,202,False,False
r3-pilot,62fc2a11f58ff84c748cd8a90968846c022685dcbd0d5eb8e8c7f16ed15ad74d,1,1,306,202,False,False
r3-pilot,62fc2a11f58ff84c748cd8a90968846c022685dcbd0d5eb8e8c7f16ed15ad74d,1,1,307,202,False,False
r3-pilot,62fc2a11f58ff84c748cd8a90968846c022685dcbd0d5eb8e8c7f16ed15ad74d,1,1,308,202,False,False
r3-pilot,62fc2a11f58ff84c748cd8a90968846c022685dcbd0d5eb8e8c7f16ed15ad74d,1,1,309,202,False,False
r3-pilot,62fc2a11f58ff84c748cd8a90968846c022685dcbd0d5eb8e8c7f16ed15ad74d,1,1,310,202,False,False
r3-pilot,62fc2a11f58ff84c748cd8a90968846c022685dcbd0d5eb8e8c7f16ed15ad74d,1,1,311,202,False,False
r3-pilot,62fc2a11f58ff84c748cd8a90968846c022685dcbd0d5eb8e8c7f16ed15ad74d,1,1,312,202,False,False
r3-pilot,62fc2a11f58ff84c748cd8a90968846c022685dcbd0d5eb8e8c7f16ed15ad74d,1,1,313,202,False,False
r3-pilot,62fc2a11f58ff84c748cd8a90968846c022685dcbd0d5eb8e8c7f16ed15ad74d,1,1,314,202,False,False
r3-pilot,62fc2a11f58ff84c748cd8a90968846c022685dcbd0d5eb8e8c7f16ed15ad74d,1,1,315,202,False,False
r3-pilot,62fc2a11f58ff84c748cd8a90968846c022685dcbd0d5eb8e8c7f16ed15ad74d,1,1,316,202,False,False
r3-pilot,62fc2a11f58ff84c748cd8a90968846c022685dcbd0d5eb8e8c7f16ed15ad74d,1,1,317,202,False,False
r3-pilot,62fc2a11f58ff84c748cd8a90968846c022685dcbd0d5eb8e8c7f16ed15ad74d,1,1,318,202,False,False
r3-pilot,62fc2a11f58ff84c748cd8a90968846c022685dcbd0d5eb8e8c7f16ed15ad74d,1,1,319,202,False,False
r3-pilot,62fc2a11f58ff84c748cd8a90968846c022685dcbd0d5eb8e8c7f16ed15ad74d,1,1,320,202,False,False
r3-pilot,62fc2a11f58ff84c748cd8a90968846c022685dcbd0d5eb8e8c7f16ed15ad74d,1,1,321,202,False,False
r3-pilot,62fc2a11f58ff84c748cd8a90968846c022685dcbd0d5eb8e8c7f16ed15ad74d,1,1,322,202,False,False
r3-pilot,62fc2a11f58ff84c748cd8a90968846c022685dcbd0d5eb8e8c7f16ed15ad74d,1,1,323,202,False,False
r3-pilot,62fc2a11f58ff84c748cd8a90968846c022685dcbd0d5eb8e8c7f16ed15ad74d,1,1,324,202,False,False
r3-pilot,62fc2a11f58ff84c748cd8a90968846c022685dcbd0d5eb8e8c7f16ed15ad74d,1,1,325,202,False,False
r3-pilot,62fc2a11f58ff84c748cd8a90968846c022685dcbd0d5eb8e8c7f16ed15ad74d,1,1,326,202,False,False
r3-pilot,62fc2a11f58ff84c748cd8a90968846c022685dcbd0d5eb8e8c7f16ed15ad74d,1,1,327,202,False,False
r3-pilot,62fc2a11f58ff84c748cd8a90968846c022685dcbd0d5eb8e8c7f16ed15ad74d,1,1,328,202,False,False
r3-pilot,62fc2a11f58ff84c748cd8a90968846c022685dcbd0d5eb8e8c7f16ed15ad74d,1,1,330,202,False,False
r3-pilot,62fc2a11f58ff84c748cd8a90968846c022685dcbd0d5eb8e8c7f16ed15ad74d,1,1,331,202,False,False
r3-pilot,62fc2a11f58ff84c748cd8a90968846c022685dcbd0d5eb8e8c7f16ed15ad74d,1,1,332,202,False,False
r3-pilot,62fc2a11f58ff84c748cd8a90968846c022685dcbd0d5eb8e8c7f16ed15ad74d,1,1,333,202,False,False
r3-pilot,62fc2a11f58ff84c748cd8a90968846c022685dcbd0d5eb8e8c7f16ed15ad74d,1,1,334,202,False,False
r3-pilot,62fc2a11f58ff84c748cd8a90968846c022685dcbd0d5eb8e8c7f16ed15ad74d,1,1,335,202,False,False
r3-pilot,62fc2a11f58ff84c748cd8a90968846c022685dcbd0d5eb8e8c7f16ed15ad74d,1,1,336,202,False,False
r3-pilot,62fc2a11f58ff84c748cd8a90968846c022685dcbd0d5eb8e8c7f16ed15ad74d,1,1,337,202,False,False
r3-pilot,62fc2a11f58ff84c748cd8a90968846c022685dcbd0d5eb8e8c7f16ed15ad74d,1,1,338,202,False,False
r3-pilot,62fc2a11f58ff84c748cd8a90968846c022685dcbd0d5eb8e8c7f16ed15ad74d,1,1,339,202,False,False
r3-pilot,62fc2a11f58ff84c748cd8a90968846c022685dcbd0d5eb8e8c7f16ed15ad74d,1,1,340,202,False,False
r3-pilot,62fc2a11f58ff84c748cd8a90968846c022685dcbd0d5eb8e8c7f16ed15ad74d,1,1,341,202,False,False
r3-pilot,62fc2a11f58ff84c748cd8a90968846c022685dcbd0d5eb8e8c7f16ed15ad74d,1,1,342,202,False,False
r3-pilot,62fc2a11f58ff84c748cd8a90968846c022685dcbd0d5eb8e8c7f16ed15ad74d,1,1,343,202,False,False
r3-pilot,62fc2a11f58ff84c748cd8a90968846c022685dcbd0d5eb8e8c7f16ed15ad74d,1,1,344,202,False,False
r3-pilot,62fc2a11f58ff84c748cd8a90968846c022685dcbd0d5eb8e8c7f16ed15ad74d,1,1,345,202,False,False
r3-pilot,62fc2a11f58ff84c748cd8a90968846c022685dcbd0d5eb8e8c7f16ed15ad74d,1,1,346,202,False,False
r3-pilot,62fc2a11f58ff84c748cd8a90968846c022685dcbd0d5eb8e8c7f16ed15ad74d,1,1,347,202,False,False
r3-pilot,62fc2a11f58ff84c748cd8a90968846c022685dcbd0d5eb8e8c7f16ed15ad74d,1,1,348,202,False,False
r3-pilot,62fc2a11f58ff84c748cd8a90968846c022685dcbd0d5eb8e8c7f16ed15ad74d,1,1,349,202,False,False
r3-pilot,62fc2a11f58ff84c748cd8a90968846c022685dcbd0d5eb8e8c7f16ed15ad74d,1,1,350,202,False,False
r3-pilot,62fc2a11f58ff84c748cd8a90968846c022685dcbd0d5eb8e8c7f16ed15ad74d,1,1,351,202,False,False
r3-pilot,62fc2a11f58ff84c748cd8a90968846c022685dcbd0d5eb8e8c7f16ed15ad74d,1,1,352,202,False,False
r3-pilot,62fc2a11f58ff84c748cd8a90968846c022685dcbd0d5eb8e8c7f16ed15ad74d,1,1,353,202,False,False
r3-pilot,62fc2a11f58ff84c748cd8a90968846c022685dcbd0d5eb8e8c7f16ed15ad74d,1,1,354,202,False,False
r3-pilot,62fc2a11f58ff84c748cd8a90968846c022685dcbd0d5eb8e8c7f16ed15ad74d,1,1,355,202,False,False
r3-pilot,62fc2a11f58ff84c748cd8a90968846c022685dcbd0d5eb8e8c7f16ed15ad74d,1,1,356,202,False,False
r3-pilot,62fc2a11f58ff84c748cd8a90968846c022685dcbd0d5eb8e8c7f16ed15ad74d,1,1,357,202,False,False
r3-pilot,62fc2a11f58ff84c748cd8a90968846c022685dcbd0d5eb8e8c7f16ed15ad74d,1,1,358,202,False,False
r3-pilot,62fc2a11f58ff84c748cd8a90968846c022685dcbd0d5eb8e8c7f16ed15ad74d,1,1,359,202,False,False
r3-pilot,62fc2a11f58ff84c748cd8a90968846c022685dcbd0d5eb8e8c7f16ed15ad74d,1,1,360,202,False,False
r3-pilot,62fc2a11f58ff84c748cd8a90968846c022685dcbd0d5eb8e8c7f16ed15ad74d,1,1,361,202,False,False
r3-pilot,62fc2a11f58ff84c748cd8a90968846c022685dcbd0d5eb8e8c7f16ed15ad74d,1,1,362,202,False,False
r3-pilot,62fc2a11f58ff84c748cd8a90968846c022685dcbd0d5eb8e8c7f16ed15ad74d,1,1,363,202,False,False
r3-pilot,62fc2a11f58ff84c748cd8a90968846c022685dcbd0d5eb8e8c7f16ed15ad74d,1,1,364,202,False,False
r3-pilot,62fc2a11f58ff84c748cd8a90968846c022685dcbd0d5eb8e8c7f16ed15ad74d,1,1,365,202,False,False
r3-pilot,62fc2a11f58ff84c748cd8a90968846c022685dcbd0d5eb8e8c7f16ed15ad74d,1,1,366,202,False,False
r3-pilot,62fc2a11f58ff84c748cd8a90968846c022685dcbd0d5eb8e8c7f16ed15ad74d,1,1,367,202,False,False
r3-pilot,62fc2a11f58ff84c748cd8a90968846c022685dcbd0d5eb8e8c7f16ed15ad74d,1,1,368,202,False,False
r3-pilot,62fc2a11f58ff84c748cd8a90968846c022685dcbd0d5eb8e8c7f16ed15ad74d,1,1,369,202,False,False
r3-pilot,62fc2a11f58ff84c748cd8a90968846c022685dcbd0d5eb8e8c7f16ed15ad74d,1,1,288,203,False,False
r3-pilot,62fc2a11f58ff84c748cd8a90968846c022685dcbd0d5eb8e8c7f16ed15ad74d,1,1,289,203,False,False
r3-pilot,62fc2a11f58ff84c748cd8a90968846c022685dcbd0d5eb8e8c7f16ed15ad74d,1,1,290,203,False,False
r3-pilot,62fc2a11f58ff84c748cd8a90968846c022685dcbd0d5eb8e8c7f16ed15ad74d,1,1,291,203,False,False
r3-pilot,62fc2a11f58ff84c748cd8a90968846c022685dcbd0d5eb8e8c7f16ed15ad74d,1,1,292,203,False,False
r3-pilot,62fc2a11f58ff84c748cd8a90968846c022685dcbd0d5eb8e8c7f16ed15ad74d,1,1,293,203,False,False
r3-pilot,62fc2a11f58ff84c748cd8a90968846c022685dcbd0d5eb8e8c7f16ed15ad74d,1,1,294,203,False,False
r3-pilot,62fc2a11f58ff84c748cd8a90968846c022685dcbd0d5eb8e8c7f16ed15ad74d,1,1,295,203,False,False
r3-pilot,62fc2a11f58ff84c748cd8a90968846c022685dcbd0d5eb8e8c7f16ed15ad74d,1,1,296,203,False,False
r3-pilot,62fc2a11f58ff84c748cd8a90968846c022685dcbd0d5eb8e8c7f16ed15ad74d,1,1,297,203,False,False
r3-pilot,62fc2a11f58ff84c748cd8a90968846c022685dcbd0d5eb8e8c7f16ed15ad74d,1,1,298,203,False,False
r3-pilot,62fc2a11f58ff84c748cd8a90968846c022685dcbd0d5eb8e8c7f16ed15ad74d,1,1,299,203,False,False
r3-pilot,62fc2a11f58ff84c748cd8a90968846c022685dcbd0d5eb8e8c7f16ed15ad74d,1,1,300,203,False,False
r3-pilot,62fc2a11f58ff84c748cd8a90968846c022685dcbd0d5eb8e8c7f16ed15ad74d,1,1,301,203,False,False
r3-pilot,62fc2a11f58ff84c748cd8a90968846c022685dcbd0d5eb8e8c7f16ed15ad74d,1,1,302,203,False,False
r3-pilot,62fc2a11f58ff84c748cd8a90968846c022685dcbd0d5eb8e8c7f16ed15ad74d,1,1,303,203,False,False
r3-pilot,62fc2a11f58ff84c748cd8a90968846c022685dcbd0d5eb8e8c7f16ed15ad74d,1,1,304,203,False,False
r3-pilot,62fc2a11f58ff84c748cd8a90968846c022685dcbd0d5eb8e8c7f16ed15ad74d,1,1,305,203,False,False
r3-pilot,62fc2a11f58ff84c748cd8a90968846c022685dcbd0d5eb8e8c7f16ed15ad74d,1,1,306,203,False,False
r3-pilot,62fc2a11f58ff84c748cd8a90968846c022685dcbd0d5eb8e8c7f16ed15ad74d,1,1,307,203,False,False
r3-pilot,62fc2a11f58ff84c748cd8a90968846c022685dcbd0d5eb8e8c7f16ed15ad74d,1,1,308,203,False,False
r3-pilot,62fc2a11f58ff84c748cd8a90968846c022685dcbd0d5eb8e8c7f16ed15ad74d,1,1,309,203,False,False
r3-pilot,62fc2a11f58ff84c748cd8a90968846c022685dcbd0d5eb8e8c7f16ed15ad74d,1,1,310,203,False,False
r3-pilot,62fc2a11f58ff84c748cd8a90968846c022685dcbd0d5eb8e8c7f16ed15ad74d,1,1,311,203,False,False
r3-pilot,62fc2a11f58ff84c748cd8a90968846c022685dcbd0d5eb8e8c7f16ed15ad74d,1,1,312,203,False,False
r3-pilot,62fc2a11f58ff84c748cd8a90968846c022685dcbd0d5eb8e8c7f16ed15ad74d,1,1,313,203,False,False
r3-pilot,62fc2a11f58ff84c748cd8a90968846c022685dcbd0d5eb8e8c7f16ed15ad74d,1,1,314,203,False,False
r3-pilot,62fc2a11f58ff84c748cd8a90968846c022685dcbd0d5eb8e8c7f16ed15ad74d,1,1,315,203,False,False
r3-pilot,62fc2a11f58ff84c748cd8a90968846c022685dcbd0d5eb8e8c7f16ed15ad74d,1,1,316,203,False,False
r3-pilot,62fc2a11f58ff84c748cd8a90968846c022685dcbd0d5eb8e8c7f16ed15ad74d,1,1,317,203,False,False
r3-pilot,62fc2a11f58ff84c748cd8a90968846c022685dcbd0d5eb8e8c7f16ed15ad74d,1,1,318,203,False,False
r3-pilot,62fc2a11f58ff84c748cd8a90968846c022685dcbd0d5eb8e8c7f16ed15ad74d,1,1,319,203,False,False
r3-pilot,62fc2a11f58ff84c748cd8a90968846c022685dcbd0d5eb8e8c7f16ed15ad74d,1,1,320,203,False,False
r3-pilot,62fc2a11f58ff84c748cd8a90968846c022685dcbd0d5eb8e8c7f16ed15ad74d,1,1,321,203,False,False
r3-pilot,62fc2a11f58ff84c748cd8a90968846c022685dcbd0d5eb8e8c7f16ed15ad74d,1,1,322,203,False,False
r3-pilot,62fc2a11f58ff84c748cd8a90968846c022685dcbd0d5eb8e8c7f16ed15ad74d,1,1,323,203,False,False
r3-pilot,62fc2a11f58ff84c748cd8a90968846c022685dcbd0d5eb8e8c7f16ed15ad74d,1,1,324,203,False,False
r3-pilot,62fc2a11f58ff84c748cd8a90968846c022685dcbd0d5eb8e8c7f16ed15ad74d,1,1,325,203,False,False
r3-pilot,62fc2a11f58ff84c748cd8a90968846c022685dcbd0d5eb8e8c7f16ed15ad74d,1,1,326,203,False,False
r3-pilot,62fc2a11f58ff84c748cd8a90968846c022685dcbd0d5eb8e8c7f16ed15ad74d,1,1,327,203,False,False
r3-pilot,62fc2a11f58ff84c748cd8a90968846c022685dcbd0d5eb8e8c7f16ed15ad74d,1,1,328,203,False,False
r3-pilot,62fc2a11f58ff84c748cd8a90968846c022685dcbd0d5eb8e8c7f16ed15ad74d,1,1,329,203,False,False
r3-pilot,62fc2a11f58ff84c748cd8a90968846c022685dcbd0d5eb8e8c7f16ed15ad74d,1,1,330,203,False,False
r3-pilot,62fc2a11f58ff84c748cd8a90968846c022685dcbd0d5eb8e8c7f16ed15ad74d,1,1,331,203,False,False
r3-pilot,62fc2a11f58ff84c748cd8a90968846c022685dcbd0d5eb8e8c7f16ed15ad74d,1,1,332,203,False,False
r3-pilot,62fc2a11f58ff84c748cd8a90968846c022685dcbd0d5eb8e8c7f16ed15ad74d,1,1,333,203,False,False
r3-pilot,62fc2a11f58ff84c748cd8a90968846c022685dcbd0d5eb8e8c7f16ed15ad74d,1,1,334,203,False,False
r3-pilot,62fc2a11f58ff84c748cd8a90968846c022685dcbd0d5eb8e8c7f16ed15ad74d,1,1,335,203,False,False
r3-pilot,62fc2a11f58ff84c748cd8a90968846c022685dcbd0d5eb8e8c7f16ed15ad74d,1,1,336,203,False,False
r3-pilot,62fc2a11f58ff84c748cd8a90968846c022685dcbd0d5eb8e8c7f16ed15ad74d,1,1,337,203,False,False
r3-pilot,62fc2a11f58ff84c748cd8a90968846c022685dcbd0d5eb8e8c7f16ed15ad74d,1,1,338,203,False,False
r3-pilot,62fc2a11f58ff84c748cd8a90968846c022685dcbd0d5eb8e8c7f16ed15ad74d,1,1,339,203,False,False
r3-pilot,62fc2a11f58ff84c748cd8a90968846c022685dcbd0d5eb8e8c7f16ed15ad74d,1,1,340,203,False,False
r3-pilot,62fc2a11f58ff84c748cd8a90968846c022685dcbd0d5eb8e8c7f16ed15ad74d,1,1,341,203,False,False
r3-pilot,62fc2a11f58ff84c748cd8a90968846c022685dcbd0d5eb8e8c7f16ed15ad74d,1,1,342,203,False,False
r3-pilot,62fc2a11f58ff84c748cd8a90968846c022685dcbd0d5eb8e8c7f16ed15ad74d,1,1,343,203,False,False
r3-pilot,62fc2a11f58ff84c748cd8a90968846c022685dcbd0d5eb8e8c7f16ed15ad74d,1,1,344,203,False,False
r3-pilot,62fc2a11f58ff84c748cd8a90968846c022685dcbd0d5eb8e8c7f16ed15ad74d,1,1,345,203,False,False
r3-pilot,62fc2a11f58ff84c748cd8a90968846c022685dcbd0d5eb8e8c7f16ed15ad74d,1,1,346,203,False,False
r3-pilot,62fc2a11f58ff84c748cd8a90968846c022685dcbd0d5eb8e8c7f16ed15ad74d,1,1,347,203,False,False
r3-pilot,62fc2a11f58ff84c748cd8a90968846c022685dcbd0d5eb8e8c7f16ed15ad74d,1,1,348,203,False,False
r3-pilot,62fc2a11f58ff84c748cd8a90968846c022685dcbd0d5eb8e8c7f16ed15ad74d,1,1,349,203,False,False
r3-pilot,62fc2a11f58ff84c748cd8a90968846c022685dcbd0d5eb8e8c7f16ed15ad74d,1,1,350,203,False,False
r3-pilot,62fc2a11f58ff84c748cd8a90968846c022685dcbd0d5eb8e8c7f16ed15ad74d,1,1,351,203,False,False
r3-pilot,62fc2a11f58ff84c748cd8a90968846c022685dcbd0d5eb8e8c7f16ed15ad74d,1,1,352,203,False,False
r3-pilot,62fc2a11f58ff84c748cd8a90968846c022685dcbd0d5eb8e8c7f16ed15ad74d,1,1,353,203,False,False
r3-pilot,62fc2a11f58ff84c748cd8a90968846c022685dcbd0d5eb8e8c7f16ed15ad74d,1,1,354,203,False,False
r3-pilot,62fc2a11f58ff84c748cd8a90968846c022685dcbd0d5eb8e8c7f16ed15ad74d,1,1,355,203,False,False
r3-pilot,62fc2a11f58ff84c748cd8a90968846c022685dcbd0d5eb8e8c7f16ed15ad74d,1,1,356,203,False,False
r3-pilot,62fc2a11f58ff84c748cd8a90968846c022685dcbd0d5eb8e8c7f16ed15ad74d,1,1,357,203,False,False
r3-pilot,62fc2a11f58ff84c748cd8a90968846c022685dcbd0d5eb8e8c7f16ed15ad74d,1,1,358,203,False,False
r3-pilot,62fc2a11f58ff84c748cd8a90968846c022685dcbd0d5eb8e8c7f16ed15ad74d,1,1,359,203,False,False
r3-pilot,62fc2a11f58ff84c748cd8a90968846c022685dcbd0d5eb8e8c7f16ed15ad74d,1,1,360,203,False,False
r3-pilot,62fc2a11f58ff84c748cd8a90968846c022685dcbd0d5eb8e8c7f16ed15ad74d,1,1,361,203,False,False
r3-pilot,62fc2a11f58ff84c748cd8a90968846c022685dcbd0d5eb8e8c7f16ed15ad74d,1,1,362,203,False,False
r3-pilot,62fc2a11f58ff84c748cd8a90968846c022685dcbd0d5eb8e8c7f16ed15ad74d,1,1,363,203,False,False
r3-pilot,62fc2a11f58ff84c748cd8a90968846c022685dcbd0d5eb8e8c7f16ed15ad74d,1,1,364,203,False,False
r3-pilot,62fc2a11f58ff84c748cd8a90968846c022685dcbd0d5eb8e8c7f16ed15ad74d,1,1,365,203,False,False
r3-pilot,62fc2a11f58ff84c748cd8a90968846c022685dcbd0d5eb8e8c7f16ed15ad74d,1,1,366,203,False,False
r3-pilot,62fc2a11f58ff84c748cd8a90968846c022685dcbd0d5eb8e8c7f16ed15ad74d,1,1,367,203,False,False
r3-pilot,62fc2a11f58ff84c748cd8a90968846c022685dcbd0d5eb8e8c7f16ed15ad74d,1,1,368,203,False,False
r3-pilot,62fc2a11f58ff84c748cd8a90968846c022685dcbd0d5eb8e8c7f16ed15ad74d,1,1,369,203,False,False
r3-pilot,62fc2a11f58ff84c748cd8a90968846c022685dcbd0d5eb8e8c7f16ed15ad74d,1,1,370,203,False,False
r3-pilot,62fc2a11f58ff84c748cd8a90968846c022685dcbd0d5eb8e8c7f16ed15ad74d,1,1,371,203,False,True
r3-pilot,62fc2a11f58ff84c748cd8a90968846c022685dcbd0d5eb8e8c7f16ed15ad74d,1,1,289,204,False,False
r3-pilot,62fc2a11f58ff84c748cd8a90968846c022685dcbd0d5eb8e8c7f16ed15ad74d,1,1,290,204,False,False
r3-pilot,62fc2a11f58ff84c748cd8a90968846c022685dcbd0d5eb8e8c7f16ed15ad74d,1,1,291,204,False,False
r3-pilot,62fc2a11f58ff84c748cd8a90968846c022685dcbd0d5eb8e8c7f16ed15ad74d,1,1,292,204,False,False
r3-pilot,62fc2a11f58ff84c748cd8a90968846c022685dcbd0d5eb8e8c7f16ed15ad74d,1,1,293,204,False,False
r3-pilot,62fc2a11f58ff84c748cd8a90968846c022685dcbd0d5eb8e8c7f16ed15ad74d,1,1,294,204,False,False
r3-pilot,62fc2a11f58ff84c748cd8a90968846c022685dcbd0d5eb8e8c7f16ed15ad74d,1,1,295,204,False,False
r3-pilot,62fc2a11f58ff84c748cd8a90968846c022685dcbd0d5eb8e8c7f16ed15ad74d,1,1,296,204,False,False
r3-pilot,62fc2a11f58ff84c748cd8a90968846c022685dcbd0d5eb8e8c7f16ed15ad74d,1,1,297,204,False,False
r3-pilot,62fc2a11f58ff84c748cd8a90968846c022685dcbd0d5eb8e8c7f16ed15ad74d,1,1,298,204,False,False
r3-pilot,62fc2a11f58ff84c748cd8a90968846c022685dcbd0d5eb8e8c7f16ed15ad74d,1,1,299,204,False,False
r3-pilot,62fc2a11f58ff84c748cd8a90968846c022685dcbd0d5eb8e8c7f16ed15ad74d,1,1,300,204,False,False
r3-pilot,62fc2a11f58ff84c748cd8a90968846c022685dcbd0d5eb8e8c7f16ed15ad74d,1,1,301,204,False,False
r3-pilot,62fc2a11f58ff84c748cd8a90968846c022685dcbd0d5eb8e8c7f16ed15ad74d,1,1,302,204,False,False
r3-pilot,62fc2a11f58ff84c748cd8a90968846c022685dcbd0d5eb8e8c7f16ed15ad74d,1,1,303,204,False,False
r3-pilot,62fc2a11f58ff84c748cd8a90968846c022685dcbd0d5eb8e8c7f16ed15ad74d,1,1,304,204,False,False
r3-pilot,62fc2a11f58ff84c748cd8a90968846c022685dcbd0d5eb8e8c7f16ed15ad74d,1,1,305,204,False,False
r3-pilot,62fc2a11f58ff84c748cd8a90968846c022685dcbd0d5eb8e8c7f16ed15ad74d,1,1,306,204,False,False
r3-pilot,62fc2a11f58ff84c748cd8a90968846c022685dcbd0d5eb8e8c7f16ed15ad74d,1,1,307,204,False,False
r3-pilot,62fc2a11f58ff84c748cd8a90968846c022685dcbd0d5eb8e8c7f16ed15ad74d,1,1,308,204,False,False
r3-pilot,62fc2a11f58ff84c748cd8a90968846c022685dcbd0d5eb8e8c7f16ed15ad74d,1,1,309,204,False,False
r3-pilot,62fc2a11f58ff84c748cd8a90968846c022685dcbd0d5eb8e8c7f16ed15ad74d,1,1,310,204,False,False
r3-pilot,62fc2a11f58ff84c748cd8a90968846c022685dcbd0d5eb8e8c7f16ed15ad74d,1,1,311,204,False,False
r3-pilot,62fc2a11f58ff84c748cd8a90968846c022685dcbd0d5eb8e8c7f16ed15ad74d,1,1,312,204,False,False
r3-pilot,62fc2a11f58ff84c748cd8a90968846c022685dcbd0d5eb8e8c7f16ed15ad74d,1,1,313,204,False,False
r3-pilot,62fc2a11f58ff84c748cd8a90968846c022685dcbd0d5eb8e8c7f16ed15ad74d,1,1,314,204,False,False
r3-pilot,62fc2a11f58ff84c748cd8a90968846c022685dcbd0d5eb8e8c7f16ed15ad74d,1,1,315,204,False,False
r3-pilot,62fc2a11f58ff84c748cd8a90968846c022685dcbd0d5eb8e8c7f16ed15ad74d,1,1,316,204,False,False
r3-pilot,62fc2a11f58ff84c748cd8a90968846c022685dcbd0d5eb8e8c7f16ed15ad74d,1,1,317,204,False,False
r3-pilot,62fc2a11f58ff84c748cd8a90968846c022685dcbd0d5eb8e8c7f16ed15ad74d,1,1,318,204,False,False
r3-pilot,62fc2a11f58ff84c748cd8a90968846c022685dcbd0d5eb8e8c7f16ed15ad74d,1,1,319,204,False,False
r3-pilot,62fc2a11f58ff84c748cd8a90968846c022685dcbd0d5eb8e8c7f16ed15ad74d,1,1,320,204,False,False
r3-pilot,62fc2a11f58ff84c748cd8a90968846c022685dcbd0d5eb8e8c7f16ed15ad74d,1,1,321,204,False,False
r3-pilot,62fc2a11f58ff84c748cd8a90968846c022685dcbd0d5eb8e8c7f16ed15ad74d,1,1,322,204,False,False
r3-pilot,62fc2a11f58ff84c748cd8a90968846c022685dcbd0d5eb8e8c7f16ed15ad74d,1,1,323,204,False,False
r3-pilot,62fc2a11f58ff84c748cd8a90968846c022685dcbd0d5eb8e8c7f16ed15ad74d,1,1,324,204,False,False
r3-pilot,62fc2a11f58ff84c748cd8a90968846c022685dcbd0d5eb8e8c7f16ed15ad74d,1,1,325,204,False,False
r3-pilot,62fc2a11f58ff84c748cd8a90968846c022685dcbd0d5eb8e8c7f16ed15ad74d,1,1,326,204,False,False
r3-pilot,62fc2a11f58ff84c748cd8a90968846c022685dcbd0d5eb8e8c7f16ed15ad74d,1,1,327,204,False,False
r3-pilot,62fc2a11f58ff84c748cd8a90968846c022685dcbd0d5eb8e8c7f16ed15ad74d,1,1,328,204,False,False
r3-pilot,62fc2a11f58ff84c748cd8a90968846c022685dcbd0d5eb8e8c7f16ed15ad74d,1,1,329,204,False,False
r3-pilot,62fc2a11f58ff84c748cd8a90968846c022685dcbd0d5eb8e8c7f16ed15ad74d,1,1,330,204,False,False
r3-pilot,62fc2a11f58ff84c748cd8a90968846c022685dcbd0d5eb8e8c7f16ed15ad74d,1,1,331,204,False,False
r3-pilot,62fc2a11f58ff84c748cd8a90968846c022685dcbd0d5eb8e8c7f16ed15ad74d,1,1,332,204,False,False
r3-pilot,62fc2a11f58ff84c748cd8a90968846c022685dcbd0d5eb8e8c7f16ed15ad74d,1,1,333,204,False,False
r3-pilot,62fc2a11f58ff84c748cd8a90968846c022685dcbd0d5eb8e8c7f16ed15ad74d,1,1,334,204,False,False
r3-pilot,62fc2a11f58ff84c748cd8a90968846c022685dcbd0d5eb8e8c7f16ed15ad74d,1,1,335,204,False,False
r3-pilot,62fc2a11f58ff84c748cd8a90968846c022685dcbd0d5eb8e8c7f16ed15ad74d,1,1,336,204,False,False
r3-pilot,62fc2a11f58ff84c748cd8a90968846c022685dcbd0d5eb8e8c7f16ed15ad74d,1,1,337,204,False,False
r3-pilot,62fc2a11f58ff84c748cd8a90968846c022685dcbd0d5eb8e8c7f16ed15ad74d,1,1,338,204,False,False
r3-pilot,62fc2a11f58ff84c748cd8a90968846c022685dcbd0d5eb8e8c7f16ed15ad74d,1,1,339,204,False,False
r3-pilot,62fc2a11f58ff84c748cd8a90968846c022685dcbd0d5eb8e8c7f16ed15ad74d,1,1,340,204,False,False
r3-pilot,62fc2a11f58ff84c748cd8a90968846c022685dcbd0d5eb8e8c7f16ed15ad74d,1,1,341,204,False,False
r3-pilot,62fc2a11f58ff84c748cd8a90968846c022685dcbd0d5eb8e8c7f16ed15ad74d,1,1,342,204,False,False
r3-pilot,62fc2a11f58ff84c748cd8a90968846c022685dcbd0d5eb8e8c7f16ed15ad74d,1,1,343,204,False,False
r3-pilot,62fc2a11f58ff84c748cd8a90968846c022685dcbd0d5eb8e8c7f16ed15ad74d,1,1,344,204,False,False
r3-pilot,62fc2a11f58ff84c748cd8a90968846c022685dcbd0d5eb8e8c7f16ed15ad74d,1,1,345,204,False,False
r3-pilot,62fc2a11f58ff84c748cd8a90968846c022685dcbd0d5eb8e8c7f16ed15ad74d,1,1,346,204,False,False
r3-pilot,62fc2a11f58ff84c748cd8a90968846c022685dcbd0d5eb8e8c7f16ed15ad74d,1,1,347,204,False,False
r3-pilot,62fc2a11f58ff84c748cd8a90968846c022685dcbd0d5eb8e8c7f16ed15ad74d,1,1,348,204,False,False
r3-pilot,62fc2a11f58ff84c748cd8a90968846c022685dcbd0d5eb8e8c7f16ed15ad74d,1,1,349,204,False,False
r3-pilot,62fc2a11f58ff84c748cd8a90968846c022685dcbd0d5eb8e8c7f16ed15ad74d,1,1,350,204,False,False
r3-pilot,62fc2a11f58ff84c748cd8a90968846c022685dcbd0d5eb8e8c7f16ed15ad74d,1,1,351,204,False,False
r3-pilot,62fc2a11f58ff84c748cd8a90968846c022685dcbd0d5eb8e8c7f16ed15ad74d,1,1,352,204,False,False
r3-pilot,62fc2a11f58ff84c748cd8a90968846c022685dcbd0d5eb8e8c7f16ed15ad74d,1,1,353,204,False,False
r3-pilot,62fc2a11f58ff84c748cd8a90968846c022685dcbd0d5eb8e8c7f16ed15ad74d,1,1,354,204,False,False
r3-pilot,62fc2a11f58ff84c748cd8a90968846c022685dcbd0d5eb8e8c7f16ed15ad74d,1,1,355,204,False,False
r3-pilot,62fc2a11f58ff84c748cd8a90968846c022685dcbd0d5eb8e8c7f16ed15ad74d,1,1,356,204,False,False
r3-pilot,62fc2a11f58ff84c748cd8a90968846c022685dcbd0d5eb8e8c7f16ed15ad74d,1,1,357,204,False,False
r3-pilot,62fc2a11f58ff84c748cd8a90968846c022685dcbd0d5eb8e8c7f16ed15ad74d,1,1,358,204,False,False
r3-pilot,62fc2a11f58ff84c748cd8a90968846c022685dcbd0d5eb8e8c7f16ed15ad74d,1,1,359,204,False,False
r3-pilot,62fc2a11f58ff84c748cd8a90968846c022685dcbd0d5eb8e8c7f16ed15ad74d,1,1,360,204,False,False
r3-pilot,62fc2a11f58ff84c748cd8a90968846c022685dcbd0d5eb8e8c7f16ed15ad74d,1,1,361,204,False,False
r3-pilot,62fc2a11f58ff84c748cd8a90968846c022685dcbd0d5eb8e8c7f16ed15ad74d,1,1,362,204,False,False
r3-pilot,62fc2a11f58ff84c748cd8a90968846c022685dcbd0d5eb8e8c7f16ed15ad74d,1,1,363,204,False,False
r3-pilot,62fc2a11f58ff84c748cd8a90968846c022685dcbd0d5eb8e8c7f16ed15ad74d,1,1,364,204,False,False
r3-pilot,62fc2a11f58ff84c748cd8a90968846c022685dcbd0d5eb8e8c7f16ed15ad74d,1,1,365,204,False,False
r3-pilot,62fc2a11f58ff84c748cd8a90968846c022685dcbd0d5eb8e8c7f16ed15ad74d,1,1,366,204,False,False
r3-pilot,62fc2a11f58ff84c748cd8a90968846c022685dcbd0d5eb8e8c7f16ed15ad74d,1,1,367,204,False,False
r3-pilot,62fc2a11f58ff84c748cd8a90968846c022685dcbd0d5eb8e8c7f16ed15ad74d,1,1,368,204,False,False
r3-pilot,62fc2a11f58ff84c748cd8a90968846c022685dcbd0d5eb8e8c7f16ed15ad74d,1,1,369,204,False,False
r3-pilot,62fc2a11f58ff84c748cd8a90968846c022685dcbd0d5eb8e8c7f16ed15ad74d,1,1,289,205,False,False
r3-pilot,62fc2a11f58ff84c748cd8a90968846c022685dcbd0d5eb8e8c7f16ed15ad74d,1,1,290,205,False,False
r3-pilot,62fc2a11f58ff84c748cd8a90968846c022685dcbd0d5eb8e8c7f16ed15ad74d,1,1,291,205,False,False
r3-pilot,62fc2a11f58ff84c748cd8a90968846c022685dcbd0d5eb8e8c7f16ed15ad74d,1,1,292,205,False,False
r3-pilot,62fc2a11f58ff84c748cd8a90968846c022685dcbd0d5eb8e8c7f16ed15ad74d,1,1,293,205,False,False
r3-pilot,62fc2a11f58ff84c748cd8a90968846c022685dcbd0d5eb8e8c7f16ed15ad74d,1,1,294,205,False,False
r3-pilot,62fc2a11f58ff84c748cd8a90968846c022685dcbd0d5eb8e8c7f16ed15ad74d,1,1,295,205,False,False
r3-pilot,62fc2a11f58ff84c748cd8a90968846c022685dcbd0d5eb8e8c7f16ed15ad74d,1,1,296,205,False,False
r3-pilot,62fc2a11f58ff84c748cd8a90968846c022685dcbd0d5eb8e8c7f16ed15ad74d,1,1,297,205,False,False
r3-pilot,62fc2a11f58ff84c748cd8a90968846c022685dcbd0d5eb8e8c7f16ed15ad74d,1,1,298,205,False,False
r3-pilot,62fc2a11f58ff84c748cd8a90968846c022685dcbd0d5eb8e8c7f16ed15ad74d,1,1,299,205,False,False
r3-pilot,62fc2a11f58ff84c748cd8a90968846c022685dcbd0d5eb8e8c7f16ed15ad74d,1,1,300,205,False,False
r3-pilot,62fc2a11f58ff84c748cd8a90968846c022685dcbd0d5eb8e8c7f16ed15ad74d,1,1,301,205,False,False
r3-pilot,62fc2a11f58ff84c748cd8a90968846c022685dcbd0d5eb8e8c7f16ed15ad74d,1,1,302,205,False,False
r3-pilot,62fc2a11f58ff84c748cd8a90968846c022685dcbd0d5eb8e8c7f16ed15ad74d,1,1,303,205,False,False
r3-pilot,62fc2a11f58ff84c748cd8a90968846c022685dcbd0d5eb8e8c7f16ed15ad74d,1,1,304,205,False,False
r3-pilot,62fc2a11f58ff84c748cd8a90968846c022685dcbd0d5eb8e8c7f16ed15ad74d,1,1,305,205,False,False
r3-pilot,62fc2a11f58ff84c748cd8a90968846c022685dcbd0d5eb8e8c7f16ed15ad74d,1,1,306,205,False,False
r3-pilot,62fc2a11f58ff84c748cd8a90968846c022685dcbd0d5eb8e8c7f16ed15ad74d,1,1,307,205,False,False
r3-pilot,62fc2a11f58ff84c748cd8a90968846c022685dcbd0d5eb8e8c7f16ed15ad74d,1,1,308,205,False,False
r3-pilot,62fc2a11f58ff84c748cd8a90968846c022685dcbd0d5eb8e8c7f16ed15ad74d,1,1,309,205,False,False
r3-pilot,62fc2a11f58ff84c748cd8a90968846c022685dcbd0d5eb8e8c7f16ed15ad74d,1,1,310,205,False,False
r3-pilot,62fc2a11f58ff84c748cd8a90968846c022685dcbd0d5eb8e8c7f16ed15ad74d,1,1,311,205,False,False
r3-pilot,62fc2a11f58ff84c748cd8a90968846c022685dcbd0d5eb8e8c7f16ed15ad74d,1,1,312,205,False,False
r3-pilot,62fc2a11f58ff84c748cd8a90968846c022685dcbd0d5eb8e8c7f16ed15ad74d,1,1,313,205,False,False
r3-pilot,62fc2a11f58ff84c748cd8a90968846c022685dcbd0d5eb8e8c7f16ed15ad74d,1,1,314,205,False,False
r3-pilot,62fc2a11f58ff84c748cd8a90968846c022685dcbd0d5eb8e8c7f16ed15ad74d,1,1,315,205,False,False
r3-pilot,62fc2a11f58ff84c748cd8a90968846c022685dcbd0d5eb8e8c7f16ed15ad74d,1,1,316,205,False,False
r3-pilot,62fc2a11f58ff84c748cd8a90968846c022685dcbd0d5eb8e8c7f16ed15ad74d,1,1,317,205,False,False
r3-pilot,62fc2a11f58ff84c748cd8a90968846c022685dcbd0d5eb8e8c7f16ed15ad74d,1,1,318,205,False,False
r3-pilot,62fc2a11f58ff84c748cd8a90968846c022685dcbd0d5eb8e8c7f16ed15ad74d,1,1,319,205,False,False
r3-pilot,62fc2a11f58ff84c748cd8a90968846c022685dcbd0d5eb8e8c7f16ed15ad74d,1,1,320,205,False,False
r3-pilot,62fc2a11f58ff84c748cd8a90968846c022685dcbd0d5eb8e8c7f16ed15ad74d,1,1,321,205,False,False
r3-pilot,62fc2a11f58ff84c748cd8a90968846c022685dcbd0d5eb8e8c7f16ed15ad74d,1,1,322,205,False,False
r3-pilot,62fc2a11f58ff84c748cd8a90968846c022685dcbd0d5eb8e8c7f16ed15ad74d,1,1,323,205,False,False
r3-pilot,62fc2a11f58ff84c748cd8a90968846c022685dcbd0d5eb8e8c7f16ed15ad74d,1,1,324,205,False,False
r3-pilot,62fc2a11f58ff84c748cd8a90968846c022685dcbd0d5eb8e8c7f16ed15ad74d,1,1,325,205,False,False
r3-pilot,62fc2a11f58ff84c748cd8a90968846c022685dcbd0d5eb8e8c7f16ed15ad74d,1,1,326,205,False,False
r3-pilot,62fc2a11f58ff84c748cd8a90968846c022685dcbd0d5eb8e8c7f16ed15ad74d,1,1,327,205,False,False
r3-pilot,62fc2a11f58ff84c748cd8a90968846c022685dcbd0d5eb8e8c7f16ed15ad74d,1,1,328,205,False,False
r3-pilot,62fc2a11f58ff84c748cd8a90968846c022685dcbd0d5eb8e8c7f16ed15ad74d,1,1,329,205,False,False
r3-pilot,62fc2a11f58ff84c748cd8a90968846c022685dcbd0d5eb8e8c7f16ed15ad74d,1,1,330,205,False,False
r3-pilot,62fc2a11f58ff84c748cd8a90968846c022685dcbd0d5eb8e8c7f16ed15ad74d,1,1,331,205,False,False
r3-pilot,62fc2a11f58ff84c748cd8a90968846c022685dcbd0d5eb8e8c7f16ed15ad74d,1,1,332,205,False,False
r3-pilot,62fc2a11f58ff84c748cd8a90968846c022685dcbd0d5eb8e8c7f16ed15ad74d,1,1,333,205,False,False
r3-pilot,62fc2a11f58ff84c748cd8a90968846c022685dcbd0d5eb8e8c7f16ed15ad74d,1,1,334,205,False,False
r3-pilot,62fc2a11f58ff84c748cd8a90968846c022685dcbd0d5eb8e8c7f16ed15ad74d,1,1,335,205,False,False
r3-pilot,62fc2a11f58ff84c748cd8a90968846c022685dcbd0d5eb8e8c7f16ed15ad74d,1,1,336,205,False,False
r3-pilot,62fc2a11f58ff84c748cd8a90968846c022685dcbd0d5eb8e8c7f16ed15ad74d,1,1,337,205,False,False
r3-pilot,62fc2a11f58ff84c748cd8a90968846c022685dcbd0d5eb8e8c7f16ed15ad74d,1,1,338,205,False,False
r3-pilot,62fc2a11f58ff84c748cd8a90968846c022685dcbd0d5eb8e8c7f16ed15ad74d,1,1,339,205,False,False
r3-pilot,62fc2a11f58ff84c748cd8a90968846c022685dcbd0d5eb8e8c7f16ed15ad74d,1,1,340,205,False,False
r3-pilot,62fc2a11f58ff84c748cd8a90968846c022685dcbd0d5eb8e8c7f16ed15ad74d,1,1,341,205,False,False
r3-pilot,62fc2a11f58ff84c748cd8a90968846c022685dcbd0d5eb8e8c7f16ed15ad74d,1,1,342,205,False,False
r3-pilot,62fc2a11f58ff84c748cd8a90968846c022685dcbd0d5eb8e8c7f16ed15ad74d,1,1,343,205,False,False
r3-pilot,62fc2a11f58ff84c748cd8a90968846c022685dcbd0d5eb8e8c7f16ed15ad74d,1,1,344,205,False,False
r3-pilot,62fc2a11f58ff84c748cd8a90968846c022685dcbd0d5eb8e8c7f16ed15ad74d,1,1,345,205,False,False
r3-pilot,62fc2a11f58ff84c748cd8a90968846c022685dcbd0d5eb8e8c7f16ed15ad74d,1,1,346,205,False,False
r3-pilot,62fc2a11f58ff84c748cd8a90968846c022685dcbd0d5eb8e8c7f16ed15ad74d,1,1,347,205,False,False
r3-pilot,62fc2a11f58ff84c748cd8a90968846c022685dcbd0d5eb8e8c7f16ed15ad74d,1,1,348,205,False,False
r3-pilot,62fc2a11f58ff84c748cd8a90968846c022685dcbd0d5eb8e8c7f16ed15ad74d,1,1,349,205,False,False
r3-pilot,62fc2a11f58ff84c748cd8a90968846c022685dcbd0d5eb8e8c7f16ed15ad74d,1,1,350,205,False,False
r3-pilot,62fc2a11f58ff84c748cd8a90968846c022685dcbd0d5eb8e8c7f16ed15ad74d,1,1,351,205,False,False
r3-pilot,62fc2a11f58ff84c748cd8a90968846c022685dcbd0d5eb8e8c7f16ed15ad74d,1,1,352,205,False,False
r3-pilot,62fc2a11f58ff84c748cd8a90968846c022685dcbd0d5eb8e8c7f16ed15ad74d,1,1,353,205,False,False
r3-pilot,62fc2a11f58ff84c748cd8a90968846c022685dcbd0d5eb8e8c7f16ed15ad74d,1,1,354,205,False,False
r3-pilot,62fc2a11f58ff84c748cd8a90968846c022685dcbd0d5eb8e8c7f16ed15ad74d,1,1,355,205,False,False
r3-pilot,62fc2a11f58ff84c748cd8a90968846c022685dcbd0d5eb8e8c7f16ed15ad74d,1,1,356,205,False,False
r3-pilot,62fc2a11f58ff84c748cd8a90968846c022685dcbd0d5eb8e8c7f16ed15ad74d,1,1,357,205,False,False
r3-pilot,62fc2a11f58ff84c748cd8a90968846c022685dcbd0d5eb8e8c7f16ed15ad74d,1,1,358,205,False,False
r3-pilot,62fc2a11f58ff84c748cd8a90968846c022685dcbd0d5eb8e8c7f16ed15ad74d,1,1,359,205,False,False
r3-pilot,62fc2a11f58ff84c748cd8a90968846c022685dcbd0d5eb8e8c7f16ed15ad74d,1,1,360,205,False,False
r3-pilot,62fc2a11f58ff84c748cd8a90968846c022685dcbd0d5eb8e8c7f16ed15ad74d,1,1,361,205,False,False
r3-pilot,62fc2a11f58ff84c748cd8a90968846c022685dcbd0d5eb8e8c7f16ed15ad74d,1,1,362,205,False,False
r3-pilot,62fc2a11f58ff84c748cd8a90968846c022685dcbd0d5eb8e8c7f16ed15ad74d,1,1,363,205,False,False
r3-pilot,62fc2a11f58ff84c748cd8a90968846c022685dcbd0d5eb8e8c7f16ed15ad74d,1,1,364,205,False,False
r3-pilot,62fc2a11f58ff84c748cd8a90968846c022685dcbd0d5eb8e8c7f16ed15ad74d,1,1,365,205,False,False
r3-pilot,62fc2a11f58ff84c748cd8a90968846c022685dcbd0d5eb8e8c7f16ed15ad74d,1,1,366,205,False,False
r3-pilot,62fc2a11f58ff84c748cd8a90968846c022685dcbd0d5eb8e8c7f16ed15ad74d,1,1,367,205,False,False
r3-pilot,62fc2a11f58ff84c748cd8a90968846c022685dcbd0d5eb8e8c7f16ed15ad74d,1,1,368,205,False,False
r3-pilot,62fc2a11f58ff84c748cd8a90968846c022685dcbd0d5eb8e8c7f16ed15ad74d,1,1,369,205,False,False
r3-pilot,62fc2a11f58ff84c748cd8a90968846c022685dcbd0d5eb8e8c7f16ed15ad74d,1,1,288,206,False,False
r3-pilot,62fc2a11f58ff84c748cd8a90968846c022685dcbd0d5eb8e8c7f16ed15ad74d,1,1,289,206,False,False
r3-pilot,62fc2a11f58ff84c748cd8a90968846c022685dcbd0d5eb8e8c7f16ed15ad74d,1,1,290,206,False,False
r3-pilot,62fc2a11f58ff84c748cd8a90968846c022685dcbd0d5eb8e8c7f16ed15ad74d,1,1,291,206,False,False
r3-pilot,62fc2a11f58ff84c748cd8a90968846c022685dcbd0d5eb8e8c7f16ed15ad74d,1,1,292,206,False,False
r3-pilot,62fc2a11f58ff84c748cd8a90968846c022685dcbd0d5eb8e8c7f16ed15ad74d,1,1,293,206,False,False
r3-pilot,62fc2a11f58ff84c748cd8a90968846c022685dcbd0d5eb8e8c7f16ed15ad74d,1,1,294,206,False,False
r3-pilot,62fc2a11f58ff84c748cd8a90968846c022685dcbd0d5eb8e8c7f16ed15ad74d,1,1,295,206,False,False
r3-pilot,62fc2a11f58ff84c748cd8a90968846c022685dcbd0d5eb8e8c7f16ed15ad74d,1,1,296,206,False,False
r3-pilot,62fc2a11f58ff84c748cd8a90968846c022685dcbd0d5eb8e8c7f16ed15ad74d,1,1,297,206,False,False
r3-pilot,62fc2a11f58ff84c748cd8a90968846c022685dcbd0d5eb8e8c7f16ed15ad74d,1,1,298,206,False,False
r3-pilot,62fc2a11f58ff84c748cd8a90968846c022685dcbd0d5eb8e8c7f16ed15ad74d,1,1,299,206,False,False
r3-pilot,62fc2a11f58ff84c748cd8a90968846c022685dcbd0d5eb8e8c7f16ed15ad74d,1,1,300,206,False,False
r3-pilot,62fc2a11f58ff84c748cd8a90968846c022685dcbd0d5eb8e8c7f16ed15ad74d,1,1,301,206,False,False
r3-pilot,62fc2a11f58ff84c748cd8a90968846c022685dcbd0d5eb8e8c7f16ed15ad74d,1,1,302,206,False,False
r3-pilot,62fc2a11f58ff84c748cd8a90968846c022685dcbd0d5eb8e8c7f16ed15ad74d,1,1,303,206,False,False
r3-pilot,62fc2a11f58ff84c748cd8a90968846c022685dcbd0d5eb8e8c7f16ed15ad74d,1,1,304,206,False,False
r3-pilot,62fc2a11f58ff84c748cd8a90968846c022685dcbd0d5eb8e8c7f16ed15ad74d,1,1,305,206,False,False
r3-pilot,62fc2a11f58ff84c748cd8a90968846c022685dcbd0d5eb8e8c7f16ed15ad74d,1,1,306,206,False,False
r3-pilot,62fc2a11f58ff84c748cd8a90968846c022685dcbd0d5eb8e8c7f16ed15ad74d,1,1,307,206,False,False
r3-pilot,62fc2a11f58ff84c748cd8a90968846c022685dcbd0d5eb8e8c7f16ed15ad74d,1,1,308,206,False,False
r3-pilot,62fc2a11f58ff84c748cd8a90968846c022685dcbd0d5eb8e8c7f16ed15ad74d,1,1,309,206,False,False
r3-pilot,62fc2a11f58ff84c748cd8a90968846c022685dcbd0d5eb8e8c7f16ed15ad74d,1,1,310,206,False,False
r3-pilot,62fc2a11f58ff84c748cd8a90968846c022685dcbd0d5eb8e8c7f16ed15ad74d,1,1,311,206,False,False
r3-pilot,62fc2a11f58ff84c748cd8a90968846c022685dcbd0d5eb8e8c7f16ed15ad74d,1,1,312,206,False,False
r3-pilot,62fc2a11f58ff84c748cd8a90968846c022685dcbd0d5eb8e8c7f16ed15ad74d,1,1,313,206,False,False
r3-pilot,62fc2a11f58ff84c748cd8a90968846c022685dcbd0d5eb8e8c7f16ed15ad74d,1,1,314,206,False,False
r3-pilot,62fc2a11f58ff84c748cd8a90968846c022685dcbd0d5eb8e8c7f16ed15ad74d,1,1,315,206,False,False
r3-pilot,62fc2a11f58ff84c748cd8a90968846c022685dcbd0d5eb8e8c7f16ed15ad74d,1,1,316,206,False,False
r3-pilot,62fc2a11f58ff84c748cd8a90968846c022685dcbd0d5eb8e8c7f16ed15ad74d,1,1,317,206,False,False
r3-pilot,62fc2a11f58ff84c748cd8a90968846c022685dcbd0d5eb8e8c7f16ed15ad74d,1,1,318,206,False,False
r3-pilot,62fc2a11f58ff84c748cd8a90968846c022685dcbd0d5eb8e8c7f16ed15ad74d,1,1,319,206,False,False
r3-pilot,62fc2a11f58ff84c748cd8a90968846c022685dcbd0d5eb8e8c7f16ed15ad74d,1,1,320,206,False,False
r3-pilot,62fc2a11f58ff84c748cd8a90968846c022685dcbd0d5eb8e8c7f16ed15ad74d,1,1,321,206,False,False
r3-pilot,62fc2a11f58ff84c748cd8a90968846c022685dcbd0d5eb8e8c7f16ed15ad74d,1,1,322,206,False,False
r3-pilot,62fc2a11f58ff84c748cd8a90968846c022685dcbd0d5eb8e8c7f16ed15ad74d,1,1,323,206,False,False
r3-pilot,62fc2a11f58ff84c748cd8a90968846c022685dcbd0d5eb8e8c7f16ed15ad74d,1,1,324,206,False,False
r3-pilot,62fc2a11f58ff84c748cd8a90968846c022685dcbd0d5eb8e8c7f16ed15ad74d,1,1,325,206,False,False
r3-pilot,62fc2a11f58ff84c748cd8a90968846c022685dcbd0d5eb8e8c7f16ed15ad74d,1,1,326,206,False,False
r3-pilot,62fc2a11f58ff84c748cd8a90968846c022685dcbd0d5eb8e8c7f16ed15ad74d,1,1,327,206,False,False
r3-pilot,62fc2a11f58ff84c748cd8a90968846c022685dcbd0d5eb8e8c7f16ed15ad74d,1,1,328,206,False,False
r3-pilot,62fc2a11f58ff84c748cd8a90968846c022685dcbd0d5eb8e8c7f16ed15ad74d,1,1,329,206,False,False
r3-pilot,62fc2a11f58ff84c748cd8a90968846c022685dcbd0d5eb8e8c7f16ed15ad74d,1,1,330,206,False,False
r3-pilot,62fc2a11f58ff84c748cd8a90968846c022685dcbd0d5eb8e8c7f16ed15ad74d,1,1,331,206,False,False
r3-pilot,62fc2a11f58ff84c748cd8a90968846c022685dcbd0d5eb8e8c7f16ed15ad74d,1,1,332,206,False,False
r3-pilot,62fc2a11f58ff84c748cd8a90968846c022685dcbd0d5eb8e8c7f16ed15ad74d,1,1,333,206,False,False
r3-pilot,62fc2a11f58ff84c748cd8a90968846c022685dcbd0d5eb8e8c7f16ed15ad74d,1,1,334,206,False,False
r3-pilot,62fc2a11f58ff84c748cd8a90968846c022685dcbd0d5eb8e8c7f16ed15ad74d,1,1,335,206,False,False
r3-pilot,62fc2a11f58ff84c748cd8a90968846c022685dcbd0d5eb8e8c7f16ed15ad74d,1,1,336,206,False,False
r3-pilot,62fc2a11f58ff84c748cd8a90968846c022685dcbd0d5eb8e8c7f16ed15ad74d,1,1,337,206,False,False
r3-pilot,62fc2a11f58ff84c748cd8a90968846c022685dcbd0d5eb8e8c7f16ed15ad74d,1,1,338,206,False,False
r3-pilot,62fc2a11f58ff84c748cd8a90968846c022685dcbd0d5eb8e8c7f16ed15ad74d,1,1,339,206,False,False
r3-pilot,62fc2a11f58ff84c748cd8a90968846c022685dcbd0d5eb8e8c7f16ed15ad74d,1,1,340,206,False,False
r3-pilot,62fc2a11f58ff84c748cd8a90968846c022685dcbd0d5eb8e8c7f16ed15ad74d,1,1,341,206,False,False
r3-pilot,62fc2a11f58ff84c748cd8a90968846c022685dcbd0d5eb8e8c7f16ed15ad74d,1,1,342,206,False,False
r3-pilot,62fc2a11f58ff84c748cd8a90968846c022685dcbd0d5eb8e8c7f16ed15ad74d,1,1,343,206,False,False
r3-pilot,62fc2a11f58ff84c748cd8a90968846c022685dcbd0d5eb8e8c7f16ed15ad74d,1,1,344,206,False,False
r3-pilot,62fc2a11f58ff84c748cd8a90968846c022685dcbd0d5eb8e8c7f16ed15ad74d,1,1,345,206,False,False
r3-pilot,62fc2a11f58ff84c748cd8a90968846c022685dcbd0d5eb8e8c7f16ed15ad74d,1,1,346,206,False,False
r3-pilot,62fc2a11f58ff84c748cd8a90968846c022685dcbd0d5eb8e8c7f16ed15ad74d,1,1,347,206,False,False
r3-pilot,62fc2a11f58ff84c748cd8a90968846c022685dcbd0d5eb8e8c7f16ed15ad74d,1,1,348,206,False,False
r3-pilot,62fc2a11f58ff84c748cd8a90968846c022685dcbd0d5eb8e8c7f16ed15ad74d,1,1,349,206,False,False
r3-pilot,62fc2a11f58ff84c748cd8a90968846c022685dcbd0d5eb8e8c7f16ed15ad74d,1,1,350,206,False,False
r3-pilot,62fc2a11f58ff84c748cd8a90968846c022685dcbd0d5eb8e8c7f16ed15ad74d,1,1,351,206,False,False
r3-pilot,62fc2a11f58ff84c748cd8a90968846c022685dcbd0d5eb8e8c7f16ed15ad74d,1,1,352,206,False,False
r3-pilot,62fc2a11f58ff84c748cd8a90968846c022685dcbd0d5eb8e8c7f16ed15ad74d,1,1,353,206,False,False
r3-pilot,62fc2a11f58ff84c748cd8a90968846c022685dcbd0d5eb8e8c7f16ed15ad74d,1,1,354,206,False,False
r3-pilot,62fc2a11f58ff84c748cd8a90968846c022685dcbd0d5eb8e8c7f16ed15ad74d,1,1,355,206,False,False
r3-pilot,62fc2a11f58ff84c748cd8a90968846c022685dcbd0d5eb8e8c7f16ed15ad74d,1,1,356,206,False,False
r3-pilot,62fc2a11f58ff84c748cd8a90968846c022685dcbd0d5eb8e8c7f16ed15ad74d,1,1,357,206,False,False
r3-pilot,62fc2a11f58ff84c748cd8a90968846c022685dcbd0d5eb8e8c7f16ed15ad74d,1,1,358,206,False,False
r3-pilot,62fc2a11f58ff84c748cd8a90968846c022685dcbd0d5eb8e8c7f16ed15ad74d,1,1,359,206,False,False
r3-pilot,62fc2a11f58ff84c748cd8a90968846c022685dcbd0d5eb8e8c7f16ed15ad74d,1,1,360,206,False,False
r3-pilot,62fc2a11f58ff84c748cd8a90968846c022685dcbd0d5eb8e8c7f16ed15ad74d,1,1,361,206,False,False
r3-pilot,62fc2a11f58ff84c748cd8a90968846c022685dcbd0d5eb8e8c7f16ed15ad74d,1,1,362,206,False,False
r3-pilot,62fc2a11f58ff84c748cd8a90968846c022685dcbd0d5eb8e8c7f16ed15ad74d,1,1,364,206,False,False
r3-pilot,62fc2a11f58ff84c748cd8a90968846c022685dcbd0d5eb8e8c7f16ed15ad74d,1,1,365,206,False,False
r3-pilot,62fc2a11f58ff84c748cd8a90968846c022685dcbd0d5eb8e8c7f16ed15ad74d,1,1,366,206,False,False
r3-pilot,62fc2a11f58ff84c748cd8a90968846c022685dcbd0d5eb8e8c7f16ed15ad74d,1,1,367,206,False,False
r3-pilot,62fc2a11f58ff84c748cd8a90968846c022685dcbd0d5eb8e8c7f16ed15ad74d,1,1,368,206,False,False
r3-pilot,62fc2a11f58ff84c748cd8a90968846c022685dcbd0d5eb8e8c7f16ed15ad74d,1,1,369,206,False,False
r3-pilot,62fc2a11f58ff84c748cd8a90968846c022685dcbd0d5eb8e8c7f16ed15ad74d,1,1,370,206,False,False
r3-pilot,62fc2a11f58ff84c748cd8a90968846c022685dcbd0d5eb8e8c7f16ed15ad74d,1,1,371,206,False,True
r3-pilot,62fc2a11f58ff84c748cd8a90968846c022685dcbd0d5eb8e8c7f16ed15ad74d,1,1,288,207,False,False
r3-pilot,62fc2a11f58ff84c748cd8a90968846c022685dcbd0d5eb8e8c7f16ed15ad74d,1,1,289,207,False,False
r3-pilot,62fc2a11f58ff84c748cd8a90968846c022685dcbd0d5eb8e8c7f16ed15ad74d,1,1,290,207,False,False
r3-pilot,62fc2a11f58ff84c748cd8a90968846c022685dcbd0d5eb8e8c7f16ed15ad74d,1,1,291,207,False,False
r3-pilot,62fc2a11f58ff84c748cd8a90968846c022685dcbd0d5eb8e8c7f16ed15ad74d,1,1,292,207,False,False
r3-pilot,62fc2a11f58ff84c748cd8a90968846c022685dcbd0d5eb8e8c7f16ed15ad74d,1,1,293,207,False,False
r3-pilot,62fc2a11f58ff84c748cd8a90968846c022685dcbd0d5eb8e8c7f16ed15ad74d,1,1,294,207,False,False
r3-pilot,62fc2a11f58ff84c748cd8a90968846c022685dcbd0d5eb8e8c7f16ed15ad74d,1,1,295,207,False,False
r3-pilot,62fc2a11f58ff84c748cd8a90968846c022685dcbd0d5eb8e8c7f16ed15ad74d,1,1,296,207,False,False
r3-pilot,62fc2a11f58ff84c748cd8a90968846c022685dcbd0d5eb8e8c7f16ed15ad74d,1,1,297,207,False,False
r3-pilot,62fc2a11f58ff84c748cd8a90968846c022685dcbd0d5eb8e8c7f16ed15ad74d,1,1,298,207,False,False
r3-pilot,62fc2a11f58ff84c748cd8a90968846c022685dcbd0d5eb8e8c7f16ed15ad74d,1,1,299,207,False,False
r3-pilot,62fc2a11f58ff84c748cd8a90968846c022685dcbd0d5eb8e8c7f16ed15ad74d,1,1,300,207,False,False
r3-pilot,62fc2a11f58ff84c748cd8a90968846c022685dcbd0d5eb8e8c7f16ed15ad74d,1,1,301,207,False,False
r3-pilot,62fc2a11f58ff84c748cd8a90968846c022685dcbd0d5eb8e8c7f16ed15ad74d,1,1,302,207,False,False
r3-pilot,62fc2a11f58ff84c748cd8a90968846c022685dcbd0d5eb8e8c7f16ed15ad74d,1,1,303,207,False,False
r3-pilot,62fc2a11f58ff84c748cd8a90968846c022685dcbd0d5eb8e8c7f16ed15ad74d,1,1,304,207,False,False
r3-pilot,62fc2a11f58ff84c748cd8a90968846c022685dcbd0d5eb8e8c7f16ed15ad74d,1,1,305,207,False,False
r3-pilot,62fc2a11f58ff84c748cd8a90968846c022685dcbd0d5eb8e8c7f16ed15ad74d,1,1,306,207,False,False
r3-pilot,62fc2a11f58ff84c748cd8a90968846c022685dcbd0d5eb8e8c7f16ed15ad74d,1,1,307,207,False,False
r3-pilot,62fc2a11f58ff84c748cd8a90968846c022685dcbd0d5eb8e8c7f16ed15ad74d,1,1,308,207,False,False
r3-pilot,62fc2a11f58ff84c748cd8a90968846c022685dcbd0d5eb8e8c7f16ed15ad74d,1,1,309,207,False,False
r3-pilot,62fc2a11f58ff84c748cd8a90968846c022685dcbd0d5eb8e8c7f16ed15ad74d,1,1,310,207,False,False
r3-pilot,62fc2a11f58ff84c748cd8a90968846c022685dcbd0d5eb8e8c7f16ed15ad74d,1,1,311,207,False,False
r3-pilot,62fc2a11f58ff84c748cd8a90968846c022685dcbd0d5eb8e8c7f16ed15ad74d,1,1,312,207,False,False
r3-pilot,62fc2a11f58ff84c748cd8a90968846c022685dcbd0d5eb8e8c7f16ed15ad74d,1,1,313,207,False,False
r3-pilot,62fc2a11f58ff84c748cd8a90968846c022685dcbd0d5eb8e8c7f16ed15ad74d,1,1,314,207,False,False
r3-pilot,62fc2a11f58ff84c748cd8a90968846c022685dcbd0d5eb8e8c7f16ed15ad74d,1,1,315,207,False,False
r3-pilot,62fc2a11f58ff84c748cd8a90968846c022685dcbd0d5eb8e8c7f16ed15ad74d,1,1,316,207,False,False
r3-pilot,62fc2a11f58ff84c748cd8a90968846c022685dcbd0d5eb8e8c7f16ed15ad74d,1,1,317,207,False,False
r3-pilot,62fc2a11f58ff84c748cd8a90968846c022685dcbd0d5eb8e8c7f16ed15ad74d,1,1,318,207,False,False
r3-pilot,62fc2a11f58ff84c748cd8a90968846c022685dcbd0d5eb8e8c7f16ed15ad74d,1,1,319,207,False,False
r3-pilot,62fc2a11f58ff84c748cd8a90968846c022685dcbd0d5eb8e8c7f16ed15ad74d,1,1,320,207,False,False
r3-pilot,62fc2a11f58ff84c748cd8a90968846c022685dcbd0d5eb8e8c7f16ed15ad74d,1,1,321,207,False,False
r3-pilot,62fc2a11f58ff84c748cd8a90968846c022685dcbd0d5eb8e8c7f16ed15ad74d,1,1,322,207,False,False
r3-pilot,62fc2a11f58ff84c748cd8a90968846c022685dcbd0d5eb8e8c7f16ed15ad74d,1,1,323,207,False,False
r3-pilot,62fc2a11f58ff84c748cd8a90968846c022685dcbd0d5eb8e8c7f16ed15ad74d,1,1,324,207,False,False
r3-pilot,62fc2a11f58ff84c748cd8a90968846c022685dcbd0d5eb8e8c7f16ed15ad74d,1,1,325,207,False,False
r3-pilot,62fc2a11f58ff84c748cd8a90968846c022685dcbd0d5eb8e8c7f16ed15ad74d,1,1,326,207,False,False
r3-pilot,62fc2a11f58ff84c748cd8a90968846c022685dcbd0d5eb8e8c7f16ed15ad74d,1,1,327,207,False,False
r3-pilot,62fc2a11f58ff84c748cd8a90968846c022685dcbd0d5eb8e8c7f16ed15ad74d,1,1,328,207,False,False
r3-pilot,62fc2a11f58ff84c748cd8a90968846c022685dcbd0d5eb8e8c7f16ed15ad74d,1,1,329,207,False,False
r3-pilot,62fc2a11f58ff84c748cd8a90968846c022685dcbd0d5eb8e8c7f16ed15ad74d,1,1,330,207,False,False
r3-pilot,62fc2a11f58ff84c748cd8a90968846c022685dcbd0d5eb8e8c7f16ed15ad74d,1,1,331,207,False,False
r3-pilot,62fc2a11f58ff84c748cd8a90968846c022685dcbd0d5eb8e8c7f16ed15ad74d,1,1,332,207,False,False
r3-pilot,62fc2a11f58ff84c748cd8a90968846c022685dcbd0d5eb8e8c7f16ed15ad74d,1,1,333,207,False,False
r3-pilot,62fc2a11f58ff84c748cd8a90968846c022685dcbd0d5eb8e8c7f16ed15ad74d,1,1,334,207,False,False
r3-pilot,62fc2a11f58ff84c748cd8a90968846c022685dcbd0d5eb8e8c7f16ed15ad74d,1,1,335,207,False,False
r3-pilot,62fc2a11f58ff84c748cd8a90968846c022685dcbd0d5eb8e8c7f16ed15ad74d,1,1,336,207,False,False
r3-pilot,62fc2a11f58ff84c748cd8a90968846c022685dcbd0d5eb8e8c7f16ed15ad74d,1,1,337,207,False,False
r3-pilot,62fc2a11f58ff84c748cd8a90968846c022685dcbd0d5eb8e8c7f16ed15ad74d,1,1,338,207,False,False
r3-pilot,62fc2a11f58ff84c748cd8a90968846c022685dcbd0d5eb8e8c7f16ed15ad74d,1,1,339,207,False,False
r3-pilot,62fc2a11f58ff84c748cd8a90968846c022685dcbd0d5eb8e8c7f16ed15ad74d,1,1,340,207,False,False
r3-pilot,62fc2a11f58ff84c748cd8a90968846c022685dcbd0d5eb8e8c7f16ed15ad74d,1,1,341,207,False,False
r3-pilot,62fc2a11f58ff84c748cd8a90968846c022685dcbd0d5eb8e8c7f16ed15ad74d,1,1,342,207,False,False
r3-pilot,62fc2a11f58ff84c748cd8a90968846c022685dcbd0d5eb8e8c7f16ed15ad74d,1,1,343,207,False,False
r3-pilot,62fc2a11f58ff84c748cd8a90968846c022685dcbd0d5eb8e8c7f16ed15ad74d,1,1,344,207,False,False
r3-pilot,62fc2a11f58ff84c748cd8a90968846c022685dcbd0d5eb8e8c7f16ed15ad74d,1,1,345,207,False,False
r3-pilot,62fc2a11f58ff84c748cd8a90968846c022685dcbd0d5eb8e8c7f16ed15ad74d,1,1,346,207,False,False
r3-pilot,62fc2a11f58ff84c748cd8a90968846c022685dcbd0d5eb8e8c7f16ed15ad74d,1,1,347,207,False,False
r3-pilot,62fc2a11f58ff84c748cd8a90968846c022685dcbd0d5eb8e8c7f16ed15ad74d,1,1,348,207,False,False
r3-pilot,62fc2a11f58ff84c748cd8a90968846c022685dcbd0d5eb8e8c7f16ed15ad74d,1,1,349,207,False,False
r3-pilot,62fc2a11f58ff84c748cd8a90968846c022685dcbd0d5eb8e8c7f16ed15ad74d,1,1,350,207,False,False
r3-pilot,62fc2a11f58ff84c748cd8a90968846c022685dcbd0d5eb8e8c7f16ed15ad74d,1,1,351,207,False,False
r3-pilot,62fc2a11f58ff84c748cd8a90968846c022685dcbd0d5eb8e8c7f16ed15ad74d,1,1,352,207,False,False
r3-pilot,62fc2a11f58ff84c748cd8a90968846c022685dcbd0d5eb8e8c7f16ed15ad74d,1,1,353,207,False,False
r3-pilot,62fc2a11f58ff84c748cd8a90968846c022685dcbd0d5eb8e8c7f16ed15ad74d,1,1,354,207,False,False
r3-pilot,62fc2a11f58ff84c748cd8a90968846c022685dcbd0d5eb8e8c7f16ed15ad74d,1,1,356,207,False,False
r3-pilot,62fc2a11f58ff84c748cd8a90968846c022685dcbd0d5eb8e8c7f16ed15ad74d,1,1,357,207,False,False
r3-pilot,62fc2a11f58ff84c748cd8a90968846c022685dcbd0d5eb8e8c7f16ed15ad74d,1,1,358,207,False,False
r3-pilot,62fc2a11f58ff84c748cd8a90968846c022685dcbd0d5eb8e8c7f16ed15ad74d,1,1,359,207,False,False
r3-pilot,62fc2a11f58ff84c748cd8a90968846c022685dcbd0d5eb8e8c7f16ed15ad74d,1,1,360,207,False,False
r3-pilot,62fc2a11f58ff84c748cd8a90968846c022685dcbd0d5eb8e8c7f16ed15ad74d,1,1,361,207,False,False
r3-pilot,62fc2a11f58ff84c748cd8a90968846c022685dcbd0d5eb8e8c7f16ed15ad74d,1,1,362,207,False,False
r3-pilot,62fc2a11f58ff84c748cd8a90968846c022685dcbd0d5eb8e8c7f16ed15ad74d,1,1,363,207,False,False
r3-pilot,62fc2a11f58ff84c748cd8a90968846c022685dcbd0d5eb8e8c7f16ed15ad74d,1,1,364,207,False,False
r3-pilot,62fc2a11f58ff84c748cd8a90968846c022685dcbd0d5eb8e8c7f16ed15ad74d,1,1,365,207,False,False
r3-pilot,62fc2a11f58ff84c748cd8a90968846c022685dcbd0d5eb8e8c7f16ed15ad74d,1,1,366,207,False,False
r3-pilot,62fc2a11f58ff84c748cd8a90968846c022685dcbd0d5eb8e8c7f16ed15ad74d,1,1,367,207,False,False
r3-pilot,62fc2a11f58ff84c748cd8a90968846c022685dcbd0d5eb8e8c7f16ed15ad74d,1,1,368,207,False,False
r3-pilot,62fc2a11f58ff84c748cd8a90968846c022685dcbd0d5eb8e8c7f16ed15ad74d,1,1,369,207,False,False
r3-pilot,62fc2a11f58ff84c748cd8a90968846c022685dcbd0d5eb8e8c7f16ed15ad74d,1,1,370,207,False,False
r3-pilot,62fc2a11f58ff84c748cd8a90968846c022685dcbd0d5eb8e8c7f16ed15ad74d,1,1,371,207,False,True
r3-pilot,62fc2a11f58ff84c748cd8a90968846c022685dcbd0d5eb8e8c7f16ed15ad74d,1,1,288,208,False,False
r3-pilot,62fc2a11f58ff84c748cd8a90968846c022685dcbd0d5eb8e8c7f16ed15ad74d,1,1,289,208,False,False
r3-pilot,62fc2a11f58ff84c748cd8a90968846c022685dcbd0d5eb8e8c7f16ed15ad74d,1,1,290,208,False,False
r3-pilot,62fc2a11f58ff84c748cd8a90968846c022685dcbd0d5eb8e8c7f16ed15ad74d,1,1,291,208,False,False
r3-pilot,62fc2a11f58ff84c748cd8a90968846c022685dcbd0d5eb8e8c7f16ed15ad74d,1,1,292,208,False,False
r3-pilot,62fc2a11f58ff84c748cd8a90968846c022685dcbd0d5eb8e8c7f16ed15ad74d,1,1,293,208,False,False
r3-pilot,62fc2a11f58ff84c748cd8a90968846c022685dcbd0d5eb8e8c7f16ed15ad74d,1,1,294,208,False,False
r3-pilot,62fc2a11f58ff84c748cd8a90968846c022685dcbd0d5eb8e8c7f16ed15ad74d,1,1,295,208,False,False
r3-pilot,62fc2a11f58ff84c748cd8a90968846c022685dcbd0d5eb8e8c7f16ed15ad74d,1,1,296,208,False,False
r3-pilot,62fc2a11f58ff84c748cd8a90968846c022685dcbd0d5eb8e8c7f16ed15ad74d,1,1,297,208,False,False
r3-pilot,62fc2a11f58ff84c748cd8a90968846c022685dcbd0d5eb8e8c7f16ed15ad74d,1,1,298,208,False,False
r3-pilot,62fc2a11f58ff84c748cd8a90968846c022685dcbd0d5eb8e8c7f16ed15ad74d,1,1,299,208,False,False
r3-pilot,62fc2a11f58ff84c748cd8a90968846c022685dcbd0d5eb8e8c7f16ed15ad74d,1,1,300,208,False,False
r3-pilot,62fc2a11f58ff84c748cd8a90968846c022685dcbd0d5eb8e8c7f16ed15ad74d,1,1,301,208,False,False
r3-pilot,62fc2a11f58ff84c748cd8a90968846c022685dcbd0d5eb8e8c7f16ed15ad74d,1,1,302,208,False,False
r3-pilot,62fc2a11f58ff84c748cd8a90968846c022685dcbd0d5eb8e8c7f16ed15ad74d,1,1,303,208,False,False
r3-pilot,62fc2a11f58ff84c748cd8a90968846c022685dcbd0d5eb8e8c7f16ed15ad74d,1,1,304,208,False,False
r3-pilot,62fc2a11f58ff84c748cd8a90968846c022685dcbd0d5eb8e8c7f16ed15ad74d,1,1,305,208,False,False
r3-pilot,62fc2a11f58ff84c748cd8a90968846c022685dcbd0d5eb8e8c7f16ed15ad74d,1,1,306,208,False,False
r3-pilot,62fc2a11f58ff84c748cd8a90968846c022685dcbd0d5eb8e8c7f16ed15ad74d,1,1,307,208,False,False
r3-pilot,62fc2a11f58ff84c748cd8a90968846c022685dcbd0d5eb8e8c7f16ed15ad74d,1,1,308,208,False,False
r3-pilot,62fc2a11f58ff84c748cd8a90968846c022685dcbd0d5eb8e8c7f16ed15ad74d,1,1,309,208,False,False
r3-pilot,62fc2a11f58ff84c748cd8a90968846c022685dcbd0d5eb8e8c7f16ed15ad74d,1,1,310,208,False,False
r3-pilot,62fc2a11f58ff84c748cd8a90968846c022685dcbd0d5eb8e8c7f16ed15ad74d,1,1,311,208,False,False
r3-pilot,62fc2a11f58ff84c748cd8a90968846c022685dcbd0d5eb8e8c7f16ed15ad74d,1,1,312,208,False,False
r3-pilot,62fc2a11f58ff84c748cd8a90968846c022685dcbd0d5eb8e8c7f16ed15ad74d,1,1,313,208,False,False
r3-pilot,62fc2a11f58ff84c748cd8a90968846c022685dcbd0d5eb8e8c7f16ed15ad74d,1,1,314,208,False,False
r3-pilot,62fc2a11f58ff84c748cd8a90968846c022685dcbd0d5eb8e8c7f16ed15ad74d,1,1,315,208,False,False
r3-pilot,62fc2a11f58ff84c748cd8a90968846c022685dcbd0d5eb8e8c7f16ed15ad74d,1,1,316,208,False,False
r3-pilot,62fc2a11f58ff84c748cd8a90968846c022685dcbd0d5eb8e8c7f16ed15ad74d,1,1,317,208,False,False
r3-pilot,62fc2a11f58ff84c748cd8a90968846c022685dcbd0d5eb8e8c7f16ed15ad74d,1,1,318,208,False,False
r3-pilot,62fc2a11f58ff84c748cd8a90968846c022685dcbd0d5eb8e8c7f16ed15ad74d,1,1,319,208,False,False
r3-pilot,62fc2a11f58ff84c748cd8a90968846c022685dcbd0d5eb8e8c7f16ed15ad74d,1,1,320,208,False,False
r3-pilot,62fc2a11f58ff84c748cd8a90968846c022685dcbd0d5eb8e8c7f16ed15ad74d,1,1,321,208,False,False
r3-pilot,62fc2a11f58ff84c748cd8a90968846c022685dcbd0d5eb8e8c7f16ed15ad74d,1,1,322,208,False,False
r3-pilot,62fc2a11f58ff84c748cd8a90968846c022685dcbd0d5eb8e8c7f16ed15ad74d,1,1,323,208,False,False
r3-pilot,62fc2a11f58ff84c748cd8a90968846c022685dcbd0d5eb8e8c7f16ed15ad74d,1,1,324,208,False,False
r3-pilot,62fc2a11f58ff84c748cd8a90968846c022685dcbd0d5eb8e8c7f16ed15ad74d,1,1,325,208,False,False
r3-pilot,62fc2a11f58ff84c748cd8a90968846c022685dcbd0d5eb8e8c7f16ed15ad74d,1,1,326,208,False,False
r3-pilot,62fc2a11f58ff84c748cd8a90968846c022685dcbd0d5eb8e8c7f16ed15ad74d,1,1,327,208,False,False
r3-pilot,62fc2a11f58ff84c748cd8a90968846c022685dcbd0d5eb8e8c7f16ed15ad74d,1,1,328,208,False,False
r3-pilot,62fc2a11f58ff84c748cd8a90968846c022685dcbd0d5eb8e8c7f16ed15ad74d,1,1,329,208,False,False
r3-pilot,62fc2a11f58ff84c748cd8a90968846c022685dcbd0d5eb8e8c7f16ed15ad74d,1,1,330,208,False,False
r3-pilot,62fc2a11f58ff84c748cd8a90968846c022685dcbd0d5eb8e8c7f16ed15ad74d,1,1,331,208,False,False
r3-pilot,62fc2a11f58ff84c748cd8a90968846c022685dcbd0d5eb8e8c7f16ed15ad74d,1,1,332,208,False,False
r3-pilot,62fc2a11f58ff84c748cd8a90968846c022685dcbd0d5eb8e8c7f16ed15ad74d,1,1,333,208,False,False
r3-pilot,62fc2a11f58ff84c748cd8a90968846c022685dcbd0d5eb8e8c7f16ed15ad74d,1,1,334,208,False,False
r3-pilot,62fc2a11f58ff84c748cd8a90968846c022685dcbd0d5eb8e8c7f16ed15ad74d,1,1,335,208,False,False
r3-pilot,62fc2a11f58ff84c748cd8a90968846c022685dcbd0d5eb8e8c7f16ed15ad74d,1,1,336,208,False,False
r3-pilot,62fc2a11f58ff84c748cd8a90968846c022685dcbd0d5eb8e8c7f16ed15ad74d,1,1,337,208,False,False
r3-pilot,62fc2a11f58ff84c748cd8a90968846c022685dcbd0d5eb8e8c7f16ed15ad74d,1,1,338,208,False,False
r3-pilot,62fc2a11f58ff84c748cd8a90968846c022685dcbd0d5eb8e8c7f16ed15ad74d,1,1,339,208,False,False
r3-pilot,62fc2a11f58ff84c748cd8a90968846c022685dcbd0d5eb8e8c7f16ed15ad74d,1,1,340,208,False,False
r3-pilot,62fc2a11f58ff84c748cd8a90968846c022685dcbd0d5eb8e8c7f16ed15ad74d,1,1,341,208,False,False
r3-pilot,62fc2a11f58ff84c748cd8a90968846c022685dcbd0d5eb8e8c7f16ed15ad74d,1,1,342,208,False,False
r3-pilot,62fc2a11f58ff84c748cd8a90968846c022685dcbd0d5eb8e8c7f16ed15ad74d,1,1,343,208,False,False
r3-pilot,62fc2a11f58ff84c748cd8a90968846c022685dcbd0d5eb8e8c7f16ed15ad74d,1,1,344,208,False,False
r3-pilot,62fc2a11f58ff84c748cd8a90968846c022685dcbd0d5eb8e8c7f16ed15ad74d,1,1,345,208,False,False
r3-pilot,62fc2a11f58ff84c748cd8a90968846c022685dcbd0d5eb8e8c7f16ed15ad74d,1,1,346,208,False,False
r3-pilot,62fc2a11f58ff84c748cd8a90968846c022685dcbd0d5eb8e8c7f16ed15ad74d,1,1,347,208,False,False
r3-pilot,62fc2a11f58ff84c748cd8a90968846c022685dcbd0d5eb8e8c7f16ed15ad74d,1,1,348,208,False,False
r3-pilot,62fc2a11f58ff84c748cd8a90968846c022685dcbd0d5eb8e8c7f16ed15ad74d,1,1,349,208,False,False
r3-pilot,62fc2a11f58ff84c748cd8a90968846c022685dcbd0d5eb8e8c7f16ed15ad74d,1,1,350,208,False,False
r3-pilot,62fc2a11f58ff84c748cd8a90968846c022685dcbd0d5eb8e8c7f16ed15ad74d,1,1,351,208,False,False
r3-pilot,62fc2a11f58ff84c748cd8a90968846c022685dcbd0d5eb8e8c7f16ed15ad74d,1,1,352,208,False,False
r3-pilot,62fc2a11f58ff84c748cd8a90968846c022685dcbd0d5eb8e8c7f16ed15ad74d,1,1,353,208,False,False
r3-pilot,62fc2a11f58ff84c748cd8a90968846c022685dcbd0d5eb8e8c7f16ed15ad74d,1,1,354,208,False,False
r3-pilot,62fc2a11f58ff84c748cd8a90968846c022685dcbd0d5eb8e8c7f16ed15ad74d,1,1,356,208,False,False
r3-pilot,62fc2a11f58ff84c748cd8a90968846c022685dcbd0d5eb8e8c7f16ed15ad74d,1,1,357,208,False,False
r3-pilot,62fc2a11f58ff84c748cd8a90968846c022685dcbd0d5eb8e8c7f16ed15ad74d,1,1,358,208,False,False
r3-pilot,62fc2a11f58ff84c748cd8a90968846c022685dcbd0d5eb8e8c7f16ed15ad74d,1,1,359,208,False,False
r3-pilot,62fc2a11f58ff84c748cd8a90968846c022685dcbd0d5eb8e8c7f16ed15ad74d,1,1,360,208,False,False
r3-pilot,62fc2a11f58ff84c748cd8a90968846c022685dcbd0d5eb8e8c7f16ed15ad74d,1,1,361,208,False,False
r3-pilot,62fc2a11f58ff84c748cd8a90968846c022685dcbd0d5eb8e8c7f16ed15ad74d,1,1,362,208,False,False
r3-pilot,62fc2a11f58ff84c748cd8a90968846c022685dcbd0d5eb8e8c7f16ed15ad74d,1,1,363,208,False,False
r3-pilot,62fc2a11f58ff84c748cd8a90968846c022685dcbd0d5eb8e8c7f16ed15ad74d,1,1,364,208,False,False
r3-pilot,62fc2a11f58ff84c748cd8a90968846c022685dcbd0d5eb8e8c7f16ed15ad74d,1,1,365,208,False,False
r3-pilot,62fc2a11f58ff84c748cd8a90968846c022685dcbd0d5eb8e8c7f16ed15ad74d,1,1,366,208,False,False
r3-pilot,62fc2a11f58ff84c748cd8a90968846c022685dcbd0d5eb8e8c7f16ed15ad74d,1,1,367,208,False,False
r3-pilot,62fc2a11f58ff84c748cd8a90968846c022685dcbd0d5eb8e8c7f16ed15ad74d,1,1,368,208,False,False
r3-pilot,62fc2a11f58ff84c748cd8a90968846c022685dcbd0d5eb8e8c7f16ed15ad74d,1,1,369,208,False,False
r3-pilot,62fc2a11f58ff84c748cd8a90968846c022685dcbd0d5eb8e8c7f16ed15ad74d,1,1,370,208,False,False
r3-pilot,62fc2a11f58ff84c748cd8a90968846c022685dcbd0d5eb8e8c7f16ed15ad74d,1,1,371,208,False,True
r3-pilot,62fc2a11f58ff84c748cd8a90968846c022685dcbd0d5eb8e8c7f16ed15ad74d,1,1,288,209,False,False
r3-pilot,62fc2a11f58ff84c748cd8a90968846c022685dcbd0d5eb8e8c7f16ed15ad74d,1,1,289,209,False,False
r3-pilot,62fc2a11f58ff84c748cd8a90968846c022685dcbd0d5eb8e8c7f16ed15ad74d,1,1,290,209,False,False
r3-pilot,62fc2a11f58ff84c748cd8a90968846c022685dcbd0d5eb8e8c7f16ed15ad74d,1,1,291,209,False,False
r3-pilot,62fc2a11f58ff84c748cd8a90968846c022685dcbd0d5eb8e8c7f16ed15ad74d,1,1,292,209,False,False
r3-pilot,62fc2a11f58ff84c748cd8a90968846c022685dcbd0d5eb8e8c7f16ed15ad74d,1,1,293,209,False,False
r3-pilot,62fc2a11f58ff84c748cd8a90968846c022685dcbd0d5eb8e8c7f16ed15ad74d,1,1,294,209,False,False
r3-pilot,62fc2a11f58ff84c748cd8a90968846c022685dcbd0d5eb8e8c7f16ed15ad74d,1,1,295,209,False,False
r3-pilot,62fc2a11f58ff84c748cd8a90968846c022685dcbd0d5eb8e8c7f16ed15ad74d,1,1,296,209,False,False
r3-pilot,62fc2a11f58ff84c748cd8a90968846c022685dcbd0d5eb8e8c7f16ed15ad74d,1,1,297,209,False,False
r3-pilot,62fc2a11f58ff84c748cd8a90968846c022685dcbd0d5eb8e8c7f16ed15ad74d,1,1,298,209,False,False
r3-pilot,62fc2a11f58ff84c748cd8a90968846c022685dcbd0d5eb8e8c7f16ed15ad74d,1,1,299,209,False,False
r3-pilot,62fc2a11f58ff84c748cd8a90968846c022685dcbd0d5eb8e8c7f16ed15ad74d,1,1,300,209,False,False
r3-pilot,62fc2a11f58ff84c748cd8a90968846c022685dcbd0d5eb8e8c7f16ed15ad74d,1,1,301,209,False,False
r3-pilot,62fc2a11f58ff84c748cd8a90968846c022685dcbd0d5eb8e8c7f16ed15ad74d,1,1,302,209,False,False
r3-pilot,62fc2a11f58ff84c748cd8a90968846c022685dcbd0d5eb8e8c7f16ed15ad74d,1,1,303,209,False,False
r3-pilot,62fc2a11f58ff84c748cd8a90968846c022685dcbd0d5eb8e8c7f16ed15ad74d,1,1,304,209,False,False
r3-pilot,62fc2a11f58ff84c748cd8a90968846c022685dcbd0d5eb8e8c7f16ed15ad74d,1,1,305,209,False,False
r3-pilot,62fc2a11f58ff84c748cd8a90968846c022685dcbd0d5eb8e8c7f16ed15ad74d,1,1,306,209,False,False
r3-pilot,62fc2a11f58ff84c748cd8a90968846c022685dcbd0d5eb8e8c7f16ed15ad74d,1,1,307,209,False,False
r3-pilot,62fc2a11f58ff84c748cd8a90968846c022685dcbd0d5eb8e8c7f16ed15ad74d,1,1,308,209,False,False
r3-pilot,62fc2a11f58ff84c748cd8a90968846c022685dcbd0d5eb8e8c7f16ed15ad74d,1,1,309,209,False,False
r3-pilot,62fc2a11f58ff84c748cd8a90968846c022685dcbd0d5eb8e8c7f16ed15ad74d,1,1,310,209,False,False
r3-pilot,62fc2a11f58ff84c748cd8a90968846c022685dcbd0d5eb8e8c7f16ed15ad74d,1,1,311,209,False,False
r3-pilot,62fc2a11f58ff84c748cd8a90968846c022685dcbd0d5eb8e8c7f16ed15ad74d,1,1,312,209,False,False
r3-pilot,62fc2a11f58ff84c748cd8a90968846c022685dcbd0d5eb8e8c7f16ed15ad74d,1,1,313,209,False,False
r3-pilot,62fc2a11f58ff84c748cd8a90968846c022685dcbd0d5eb8e8c7f16ed15ad74d,1,1,314,209,False,False
r3-pilot,62fc2a11f58ff84c748cd8a90968846c022685dcbd0d5eb8e8c7f16ed15ad74d,1,1,315,209,False,False
r3-pilot,62fc2a11f58ff84c748cd8a90968846c022685dcbd0d5eb8e8c7f16ed15ad74d,1,1,316,209,False,False
r3-pilot,62fc2a11f58ff84c748cd8a90968846c022685dcbd0d5eb8e8c7f16ed15ad74d,1,1,317,209,False,False
r3-pilot,62fc2a11f58ff84c748cd8a90968846c022685dcbd0d5eb8e8c7f16ed15ad74d,1,1,318,209,False,False
r3-pilot,62fc2a11f58ff84c748cd8a90968846c022685dcbd0d5eb8e8c7f16ed15ad74d,1,1,319,209,False,False
r3-pilot,62fc2a11f58ff84c748cd8a90968846c022685dcbd0d5eb8e8c7f16ed15ad74d,1,1,320,209,False,False
r3-pilot,62fc2a11f58ff84c748cd8a90968846c022685dcbd0d5eb8e8c7f16ed15ad74d,1,1,321,209,False,False
r3-pilot,62fc2a11f58ff84c748cd8a90968846c022685dcbd0d5eb8e8c7f16ed15ad74d,1,1,322,209,False,False
r3-pilot,62fc2a11f58ff84c748cd8a90968846c022685dcbd0d5eb8e8c7f16ed15ad74d,1,1,323,209,False,False
r3-pilot,62fc2a11f58ff84c748cd8a90968846c022685dcbd0d5eb8e8c7f16ed15ad74d,1,1,324,209,False,False
r3-pilot,62fc2a11f58ff84c748cd8a90968846c022685dcbd0d5eb8e8c7f16ed15ad74d,1,1,325,209,False,False
r3-pilot,62fc2a11f58ff84c748cd8a90968846c022685dcbd0d5eb8e8c7f16ed15ad74d,1,1,326,209,False,False
r3-pilot,62fc2a11f58ff84c748cd8a90968846c022685dcbd0d5eb8e8c7f16ed15ad74d,1,1,327,209,False,False
r3-pilot,62fc2a11f58ff84c748cd8a90968846c022685dcbd0d5eb8e8c7f16ed15ad74d,1,1,328,209,False,False
r3-pilot,62fc2a11f58ff84c748cd8a90968846c022685dcbd0d5eb8e8c7f16ed15ad74d,1,1,329,209,False,False
r3-pilot,62fc2a11f58ff84c748cd8a90968846c022685dcbd0d5eb8e8c7f16ed15ad74d,1,1,330,209,False,False
r3-pilot,62fc2a11f58ff84c748cd8a90968846c022685dcbd0d5eb8e8c7f16ed15ad74d,1,1,331,209,False,False
r3-pilot,62fc2a11f58ff84c748cd8a90968846c022685dcbd0d5eb8e8c7f16ed15ad74d,1,1,332,209,False,False
r3-pilot,62fc2a11f58ff84c748cd8a90968846c022685dcbd0d5eb8e8c7f16ed15ad74d,1,1,333,209,False,False
r3-pilot,62fc2a11f58ff84c748cd8a90968846c022685dcbd0d5eb8e8c7f16ed15ad74d,1,1,334,209,False,False
r3-pilot,62fc2a11f58ff84c748cd8a90968846c022685dcbd0d5eb8e8c7f16ed15ad74d,1,1,335,209,False,False
r3-pilot,62fc2a11f58ff84c748cd8a90968846c022685dcbd0d5eb8e8c7f16ed15ad74d,1,1,336,209,False,False
r3-pilot,62fc2a11f58ff84c748cd8a90968846c022685dcbd0d5eb8e8c7f16ed15ad74d,1,1,337,209,False,False
r3-pilot,62fc2a11f58ff84c748cd8a90968846c022685dcbd0d5eb8e8c7f16ed15ad74d,1,1,338,209,False,False
r3-pilot,62fc2a11f58ff84c748cd8a90968846c022685dcbd0d5eb8e8c7f16ed15ad74d,1,1,339,209,False,False
r3-pilot,62fc2a11f58ff84c748cd8a90968846c022685dcbd0d5eb8e8c7f16ed15ad74d,1,1,340,209,False,False
r3-pilot,62fc2a11f58ff84c748cd8a90968846c022685dcbd0d5eb8e8c7f16ed15ad74d,1,1,341,209,False,False
r3-pilot,62fc2a11f58ff84c748cd8a90968846c022685dcbd0d5eb8e8c7f16ed15ad74d,1,1,342,209,False,False
r3-pilot,62fc2a11f58ff84c748cd8a90968846c022685dcbd0d5eb8e8c7f16ed15ad74d,1,1,343,209,False,False
r3-pilot,62fc2a11f58ff84c748cd8a90968846c022685dcbd0d5eb8e8c7f16ed15ad74d,1,1,344,209,False,False
r3-pilot,62fc2a11f58ff84c748cd8a90968846c022685dcbd0d5eb8e8c7f16ed15ad74d,1,1,345,209,False,False
r3-pilot,62fc2a11f58ff84c748cd8a90968846c022685dcbd0d5eb8e8c7f16ed15ad74d,1,1,346,209,False,False
r3-pilot,62fc2a11f58ff84c748cd8a90968846c022685dcbd0d5eb8e8c7f16ed15ad74d,1,1,347,209,False,False
r3-pilot,62fc2a11f58ff84c748cd8a90968846c022685dcbd0d5eb8e8c7f16ed15ad74d,1,1,348,209,False,False
r3-pilot,62fc2a11f58ff84c748cd8a90968846c022685dcbd0d5eb8e8c7f16ed15ad74d,1,1,349,209,False,False
r3-pilot,62fc2a11f58ff84c748cd8a90968846c022685dcbd0d5eb8e8c7f16ed15ad74d,1,1,350,209,False,False
r3-pilot,62fc2a11f58ff84c748cd8a90968846c022685dcbd0d5eb8e8c7f16ed15ad74d,1,1,351,209,False,False
r3-pilot,62fc2a11f58ff84c748cd8a90968846c022685dcbd0d5eb8e8c7f16ed15ad74d,1,1,352,209,False,False
r3-pilot,62fc2a11f58ff84c748cd8a90968846c022685dcbd0d5eb8e8c7f16ed15ad74d,1,1,353,209,False,False
r3-pilot,62fc2a11f58ff84c748cd8a90968846c022685dcbd0d5eb8e8c7f16ed15ad74d,1,1,354,209,False,False
r3-pilot,62fc2a11f58ff84c748cd8a90968846c022685dcbd0d5eb8e8c7f16ed15ad74d,1,1,355,209,False,False
r3-pilot,62fc2a11f58ff84c748cd8a90968846c022685dcbd0d5eb8e8c7f16ed15ad74d,1,1,356,209,False,False
r3-pilot,62fc2a11f58ff84c748cd8a90968846c022685dcbd0d5eb8e8c7f16ed15ad74d,1,1,357,209,False,False
r3-pilot,62fc2a11f58ff84c748cd8a90968846c022685dcbd0d5eb8e8c7f16ed15ad74d,1,1,358,209,False,False
r3-pilot,62fc2a11f58ff84c748cd8a90968846c022685dcbd0d5eb8e8c7f16ed15ad74d,1,1,359,209,False,False
r3-pilot,62fc2a11f58ff84c748cd8a90968846c022685dcbd0d5eb8e8c7f16ed15ad74d,1,1,360,209,False,False
r3-pilot,62fc2a11f58ff84c748cd8a90968846c022685dcbd0d5eb8e8c7f16ed15ad74d,1,1,361,209,False,False
r3-pilot,62fc2a11f58ff84c748cd8a90968846c022685dcbd0d5eb8e8c7f16ed15ad74d,1,1,362,209,False,False
r3-pilot,62fc2a11f58ff84c748cd8a90968846c022685dcbd0d5eb8e8c7f16ed15ad74d,1,1,363,209,False,False
r3-pilot,62fc2a11f58ff84c748cd8a90968846c022685dcbd0d5eb8e8c7f16ed15ad74d,1,1,364,209,False,False
r3-pilot,62fc2a11f58ff84c748cd8a90968846c022685dcbd0d5eb8e8c7f16ed15ad74d,1,1,365,209,False,False
r3-pilot,62fc2a11f58ff84c748cd8a90968846c022685dcbd0d5eb8e8c7f16ed15ad74d,1,1,366,209,False,False
r3-pilot,62fc2a11f58ff84c748cd8a90968846c022685dcbd0d5eb8e8c7f16ed15ad74d,1,1,367,209,False,False
r3-pilot,62fc2a11f58ff84c748cd8a90968846c022685dcbd0d5eb8e8c7f16ed15ad74d,1,1,368,209,False,False
r3-pilot,62fc2a11f58ff84c748cd8a90968846c022685dcbd0d5eb8e8c7f16ed15ad74d,1,1,369,209,False,False
r3-pilot,62fc2a11f58ff84c748cd8a90968846c022685dcbd0d5eb8e8c7f16ed15ad74d,1,1,370,209,False,False
r3-pilot,62fc2a11f58ff84c748cd8a90968846c022685dcbd0d5eb8e8c7f16ed15ad74d,1,1,371,209,False,True
r3-pilot,62fc2a11f58ff84c748cd8a90968846c022685dcbd0d5eb8e8c7f16ed15ad74d,1,1,288,210,False,False
r3-pilot,62fc2a11f58ff84c748cd8a90968846c022685dcbd0d5eb8e8c7f16ed15ad74d,1,1,289,210,False,False
r3-pilot,62fc2a11f58ff84c748cd8a90968846c022685dcbd0d5eb8e8c7f16ed15ad74d,1,1,290,210,False,False
r3-pilot,62fc2a11f58ff84c748cd8a90968846c022685dcbd0d5eb8e8c7f16ed15ad74d,1,1,291,210,False,False
r3-pilot,62fc2a11f58ff84c748cd8a90968846c022685dcbd0d5eb8e8c7f16ed15ad74d,1,1,292,210,False,False
r3-pilot,62fc2a11f58ff84c748cd8a90968846c022685dcbd0d5eb8e8c7f16ed15ad74d,1,1,293,210,False,False
r3-pilot,62fc2a11f58ff84c748cd8a90968846c022685dcbd0d5eb8e8c7f16ed15ad74d,1,1,294,210,False,False
r3-pilot,62fc2a11f58ff84c748cd8a90968846c022685dcbd0d5eb8e8c7f16ed15ad74d,1,1,295,210,False,False
r3-pilot,62fc2a11f58ff84c748cd8a90968846c022685dcbd0d5eb8e8c7f16ed15ad74d,1,1,296,210,False,False
r3-pilot,62fc2a11f58ff84c748cd8a90968846c022685dcbd0d5eb8e8c7f16ed15ad74d,1,1,297,210,False,False
r3-pilot,62fc2a11f58ff84c748cd8a90968846c022685dcbd0d5eb8e8c7f16ed15ad74d,1,1,298,210,False,False
r3-pilot,62fc2a11f58ff84c748cd8a90968846c022685dcbd0d5eb8e8c7f16ed15ad74d,1,1,299,210,False,False
r3-pilot,62fc2a11f58ff84c748cd8a90968846c022685dcbd0d5eb8e8c7f16ed15ad74d,1,1,300,210,False,False
r3-pilot,62fc2a11f58ff84c748cd8a90968846c022685dcbd0d5eb8e8c7f16ed15ad74d,1,1,301,210,False,False
r3-pilot,62fc2a11f58ff84c748cd8a90968846c022685dcbd0d5eb8e8c7f16ed15ad74d,1,1,302,210,False,False
r3-pilot,62fc2a11f58ff84c748cd8a90968846c022685dcbd0d5eb8e8c7f16ed15ad74d,1,1,303,210,False,False
r3-pilot,62fc2a11f58ff84c748cd8a90968846c022685dcbd0d5eb8e8c7f16ed15ad74d,1,1,304,210,False,False
r3-pilot,62fc2a11f58ff84c748cd8a90968846c022685dcbd0d5eb8e8c7f16ed15ad74d,1,1,305,210,False,False
r3-pilot,62fc2a11f58ff84c748cd8a90968846c022685dcbd0d5eb8e8c7f16ed15ad74d,1,1,306,210,False,False
r3-pilot,62fc2a11f58ff84c748cd8a90968846c022685dcbd0d5eb8e8c7f16ed15ad74d,1,1,307,210,False,False
r3-pilot,62fc2a11f58ff84c748cd8a90968846c022685dcbd0d5eb8e8c7f16ed15ad74d,1,1,308,210,False,False
r3-pilot,62fc2a11f58ff84c748cd8a90968846c022685dcbd0d5eb8e8c7f16ed15ad74d,1,1,309,210,False,False
r3-pilot,62fc2a11f58ff84c748cd8a90968846c022685dcbd0d5eb8e8c7f16ed15ad74d,1,1,310,210,False,False
r3-pilot,62fc2a11f58ff84c748cd8a90968846c022685dcbd0d5eb8e8c7f16ed15ad74d,1,1,311,210,False,False
r3-pilot,62fc2a11f58ff84c748cd8a90968846c022685dcbd0d5eb8e8c7f16ed15ad74d,1,1,312,210,False,False
r3-pilot,62fc2a11f58ff84c748cd8a90968846c022685dcbd0d5eb8e8c7f16ed15ad74d,1,1,313,210,False,False
r3-pilot,62fc2a11f58ff84c748cd8a90968846c022685dcbd0d5eb8e8c7f16ed15ad74d,1,1,314,210,False,False
r3-pilot,62fc2a11f58ff84c748cd8a90968846c022685dcbd0d5eb8e8c7f16ed15ad74d,1,1,315,210,False,False
r3-pilot,62fc2a11f58ff84c748cd8a90968846c022685dcbd0d5eb8e8c7f16ed15ad74d,1,1,316,210,False,False
r3-pilot,62fc2a11f58ff84c748cd8a90968846c022685dcbd0d5eb8e8c7f16ed15ad74d,1,1,317,210,False,False
r3-pilot,62fc2a11f58ff84c748cd8a90968846c022685dcbd0d5eb8e8c7f16ed15ad74d,1,1,318,210,False,False
r3-pilot,62fc2a11f58ff84c748cd8a90968846c022685dcbd0d5eb8e8c7f16ed15ad74d,1,1,319,210,False,False
r3-pilot,62fc2a11f58ff84c748cd8a90968846c022685dcbd0d5eb8e8c7f16ed15ad74d,1,1,320,210,False,False
r3-pilot,62fc2a11f58ff84c748cd8a90968846c022685dcbd0d5eb8e8c7f16ed15ad74d,1,1,321,210,False,False
r3-pilot,62fc2a11f58ff84c748cd8a90968846c022685dcbd0d5eb8e8c7f16ed15ad74d,1,1,322,210,False,False
r3-pilot,62fc2a11f58ff84c748cd8a90968846c022685dcbd0d5eb8e8c7f16ed15ad74d,1,1,323,210,False,False
r3-pilot,62fc2a11f58ff84c748cd8a90968846c022685dcbd0d5eb8e8c7f16ed15ad74d,1,1,324,210,False,False
r3-pilot,62fc2a11f58ff84c748cd8a90968846c022685dcbd0d5eb8e8c7f16ed15ad74d,1,1,325,210,False,False
r3-pilot,62fc2a11f58ff84c748cd8a90968846c022685dcbd0d5eb8e8c7f16ed15ad74d,1,1,326,210,False,False
r3-pilot,62fc2a11f58ff84c748cd8a90968846c022685dcbd0d5eb8e8c7f16ed15ad74d,1,1,327,210,False,False
r3-pilot,62fc2a11f58ff84c748cd8a90968846c022685dcbd0d5eb8e8c7f16ed15ad74d,1,1,328,210,False,False
r3-pilot,62fc2a11f58ff84c748cd8a90968846c022685dcbd0d5eb8e8c7f16ed15ad74d,1,1,329,210,False,False
r3-pilot,62fc2a11f58ff84c748cd8a90968846c022685dcbd0d5eb8e8c7f16ed15ad74d,1,1,330,210,False,False
r3-pilot,62fc2a11f58ff84c748cd8a90968846c022685dcbd0d5eb8e8c7f16ed15ad74d,1,1,331,210,False,False
r3-pilot,62fc2a11f58ff84c748cd8a90968846c022685dcbd0d5eb8e8c7f16ed15ad74d,1,1,332,210,False,False
r3-pilot,62fc2a11f58ff84c748cd8a90968846c022685dcbd0d5eb8e8c7f16ed15ad74d,1,1,333,210,False,False
r3-pilot,62fc2a11f58ff84c748cd8a90968846c022685dcbd0d5eb8e8c7f16ed15ad74d,1,1,334,210,False,False
r3-pilot,62fc2a11f58ff84c748cd8a90968846c022685dcbd0d5eb8e8c7f16ed15ad74d,1,1,335,210,False,False
r3-pilot,62fc2a11f58ff84c748cd8a90968846c022685dcbd0d5eb8e8c7f16ed15ad74d,1,1,336,210,False,False
r3-pilot,62fc2a11f58ff84c748cd8a90968846c022685dcbd0d5eb8e8c7f16ed15ad74d,1,1,337,210,False,False
r3-pilot,62fc2a11f58ff84c748cd8a90968846c022685dcbd0d5eb8e8c7f16ed15ad74d,1,1,338,210,False,False
r3-pilot,62fc2a11f58ff84c748cd8a90968846c022685dcbd0d5eb8e8c7f16ed15ad74d,1,1,339,210,False,False
r3-pilot,62fc2a11f58ff84c748cd8a90968846c022685dcbd0d5eb8e8c7f16ed15ad74d,1,1,340,210,False,False
r3-pilot,62fc2a11f58ff84c748cd8a90968846c022685dcbd0d5eb8e8c7f16ed15ad74d,1,1,341,210,False,False
r3-pilot,62fc2a11f58ff84c748cd8a90968846c022685dcbd0d5eb8e8c7f16ed15ad74d,1,1,342,210,False,False
r3-pilot,62fc2a11f58ff84c748cd8a90968846c022685dcbd0d5eb8e8c7f16ed15ad74d,1,1,343,210,False,False
r3-pilot,62fc2a11f58ff84c748cd8a90968846c022685dcbd0d5eb8e8c7f16ed15ad74d,1,1,344,210,False,False
r3-pilot,62fc2a11f58ff84c748cd8a90968846c022685dcbd0d5eb8e8c7f16ed15ad74d,1,1,345,210,False,False
r3-pilot,62fc2a11f58ff84c748cd8a90968846c022685dcbd0d5eb8e8c7f16ed15ad74d,1,1,346,210,False,False
r3-pilot,62fc2a11f58ff84c748cd8a90968846c022685dcbd0d5eb8e8c7f16ed15ad74d,1,1,347,210,False,False
r3-pilot,62fc2a11f58ff84c748cd8a90968846c022685dcbd0d5eb8e8c7f16ed15ad74d,1,1,348,210,False,False
r3-pilot,62fc2a11f58ff84c748cd8a90968846c022685dcbd0d5eb8e8c7f16ed15ad74d,1,1,349,210,False,False
r3-pilot,62fc2a11f58ff84c748cd8a90968846c022685dcbd0d5eb8e8c7f16ed15ad74d,1,1,350,210,False,False
r3-pilot,62fc2a11f58ff84c748cd8a90968846c022685dcbd0d5eb8e8c7f16ed15ad74d,1,1,351,210,False,False
r3-pilot,62fc2a11f58ff84c748cd8a90968846c022685dcbd0d5eb8e8c7f16ed15ad74d,1,1,352,210,False,False
r3-pilot,62fc2a11f58ff84c748cd8a90968846c022685dcbd0d5eb8e8c7f16ed15ad74d,1,1,353,210,False,False
r3-pilot,62fc2a11f58ff84c748cd8a90968846c022685dcbd0d5eb8e8c7f16ed15ad74d,1,1,354,210,False,False
r3-pilot,62fc2a11f58ff84c748cd8a90968846c022685dcbd0d5eb8e8c7f16ed15ad74d,1,1,355,210,False,False
r3-pilot,62fc2a11f58ff84c748cd8a90968846c022685dcbd0d5eb8e8c7f16ed15ad74d,1,1,356,210,False,False
r3-pilot,62fc2a11f58ff84c748cd8a90968846c022685dcbd0d5eb8e8c7f16ed15ad74d,1,1,357,210,False,False
r3-pilot,62fc2a11f58ff84c748cd8a90968846c022685dcbd0d5eb8e8c7f16ed15ad74d,1,1,358,210,False,False
r3-pilot,62fc2a11f58ff84c748cd8a90968846c022685dcbd0d5eb8e8c7f16ed15ad74d,1,1,359,210,False,False
r3-pilot,62fc2a11f58ff84c748cd8a90968846c022685dcbd0d5eb8e8c7f16ed15ad74d,1,1,360,210,False,False
r3-pilot,62fc2a11f58ff84c748cd8a90968846c022685dcbd0d5eb8e8c7f16ed15ad74d,1,1,361,210,False,False
r3-pilot,62fc2a11f58ff84c748cd8a90968846c022685dcbd0d5eb8e8c7f16ed15ad74d,1,1,362,210,False,False
r3-pilot,62fc2a11f58ff84c748cd8a90968846c022685dcbd0d5eb8e8c7f16ed15ad74d,1,1,363,210,False,False
r3-pilot,62fc2a11f58ff84c748cd8a90968846c022685dcbd0d5eb8e8c7f16ed15ad74d,1,1,364,210,False,False
r3-pilot,62fc2a11f58ff84c748cd8a90968846c022685dcbd0d5eb8e8c7f16ed15ad74d,1,1,365,210,False,False
r3-pilot,62fc2a11f58ff84c748cd8a90968846c022685dcbd0d5eb8e8c7f16ed15ad74d,1,1,366,210,False,False
r3-pilot,62fc2a11f58ff84c748cd8a90968846c022685dcbd0d5eb8e8c7f16ed15ad74d,1,1,367,210,False,False
r3-pilot,62fc2a11f58ff84c748cd8a90968846c022685dcbd0d5eb8e8c7f16ed15ad74d,1,1,368,210,False,False
r3-pilot,62fc2a11f58ff84c748cd8a90968846c022685dcbd0d5eb8e8c7f16ed15ad74d,1,1,369,210,False,False
r3-pilot,62fc2a11f58ff84c748cd8a90968846c022685dcbd0d5eb8e8c7f16ed15ad74d,1,1,370,210,False,False
r3-pilot,62fc2a11f58ff84c748cd8a90968846c022685dcbd0d5eb8e8c7f16ed15ad74d,1,1,371,210,False,True
r3-pilot,62fc2a11f58ff84c748cd8a90968846c022685dcbd0d5eb8e8c7f16ed15ad74d,1,1,288,211,False,False
r3-pilot,62fc2a11f58ff84c748cd8a90968846c022685dcbd0d5eb8e8c7f16ed15ad74d,1,1,289,211,False,False
r3-pilot,62fc2a11f58ff84c748cd8a90968846c022685dcbd0d5eb8e8c7f16ed15ad74d,1,1,290,211,False,False
r3-pilot,62fc2a11f58ff84c748cd8a90968846c022685dcbd0d5eb8e8c7f16ed15ad74d,1,1,291,211,False,False
r3-pilot,62fc2a11f58ff84c748cd8a90968846c022685dcbd0d5eb8e8c7f16ed15ad74d,1,1,292,211,False,False
r3-pilot,62fc2a11f58ff84c748cd8a90968846c022685dcbd0d5eb8e8c7f16ed15ad74d,1,1,293,211,False,False
r3-pilot,62fc2a11f58ff84c748cd8a90968846c022685dcbd0d5eb8e8c7f16ed15ad74d,1,1,294,211,False,False
r3-pilot,62fc2a11f58ff84c748cd8a90968846c022685dcbd0d5eb8e8c7f16ed15ad74d,1,1,295,211,False,False
r3-pilot,62fc2a11f58ff84c748cd8a90968846c022685dcbd0d5eb8e8c7f16ed15ad74d,1,1,296,211,False,False
r3-pilot,62fc2a11f58ff84c748cd8a90968846c022685dcbd0d5eb8e8c7f16ed15ad74d,1,1,297,211,False,False
r3-pilot,62fc2a11f58ff84c748cd8a90968846c022685dcbd0d5eb8e8c7f16ed15ad74d,1,1,298,211,False,False
r3-pilot,62fc2a11f58ff84c748cd8a90968846c022685dcbd0d5eb8e8c7f16ed15ad74d,1,1,299,211,False,False
r3-pilot,62fc2a11f58ff84c748cd8a90968846c022685dcbd0d5eb8e8c7f16ed15ad74d,1,1,300,211,False,False
r3-pilot,62fc2a11f58ff84c748cd8a90968846c022685dcbd0d5eb8e8c7f16ed15ad74d,1,1,301,211,False,False
r3-pilot,62fc2a11f58ff84c748cd8a90968846c022685dcbd0d5eb8e8c7f16ed15ad74d,1,1,302,211,False,False
r3-pilot,62fc2a11f58ff84c748cd8a90968846c022685dcbd0d5eb8e8c7f16ed15ad74d,1,1,303,211,False,False
r3-pilot,62fc2a11f58ff84c748cd8a90968846c022685dcbd0d5eb8e8c7f16ed15ad74d,1,1,304,211,False,False
r3-pilot,62fc2a11f58ff84c748cd8a90968846c022685dcbd0d5eb8e8c7f16ed15ad74d,1,1,305,211,False,False
r3-pilot,62fc2a11f58ff84c748cd8a90968846c022685dcbd0d5eb8e8c7f16ed15ad74d,1,1,306,211,False,False
r3-pilot,62fc2a11f58ff84c748cd8a90968846c022685dcbd0d5eb8e8c7f16ed15ad74d,1,1,307,211,False,False
r3-pilot,62fc2a11f58ff84c748cd8a90968846c022685dcbd0d5eb8e8c7f16ed15ad74d,1,1,308,211,False,False
r3-pilot,62fc2a11f58ff84c748cd8a90968846c022685dcbd0d5eb8e8c7f16ed15ad74d,1,1,309,211,False,False
r3-pilot,62fc2a11f58ff84c748cd8a90968846c022685dcbd0d5eb8e8c7f16ed15ad74d,1,1,310,211,False,False
r3-pilot,62fc2a11f58ff84c748cd8a90968846c022685dcbd0d5eb8e8c7f16ed15ad74d,1,1,311,211,False,False
r3-pilot,62fc2a11f58ff84c748cd8a90968846c022685dcbd0d5eb8e8c7f16ed15ad74d,1,1,312,211,False,False
r3-pilot,62fc2a11f58ff84c748cd8a90968846c022685dcbd0d5eb8e8c7f16ed15ad74d,1,1,313,211,False,False
r3-pilot,62fc2a11f58ff84c748cd8a90968846c022685dcbd0d5eb8e8c7f16ed15ad74d,1,1,314,211,False,False
r3-pilot,62fc2a11f58ff84c748cd8a90968846c022685dcbd0d5eb8e8c7f16ed15ad74d,1,1,315,211,False,False
r3-pilot,62fc2a11f58ff84c748cd8a90968846c022685dcbd0d5eb8e8c7f16ed15ad74d,1,1,316,211,False,False
r3-pilot,62fc2a11f58ff84c748cd8a90968846c022685dcbd0d5eb8e8c7f16ed15ad74d,1,1,317,211,False,False
r3-pilot,62fc2a11f58ff84c748cd8a90968846c022685dcbd0d5eb8e8c7f16ed15ad74d,1,1,318,211,False,False
r3-pilot,62fc2a11f58ff84c748cd8a90968846c022685dcbd0d5eb8e8c7f16ed15ad74d,1,1,319,211,False,False
r3-pilot,62fc2a11f58ff84c748cd8a90968846c022685dcbd0d5eb8e8c7f16ed15ad74d,1,1,320,211,False,False
r3-pilot,62fc2a11f58ff84c748cd8a90968846c022685dcbd0d5eb8e8c7f16ed15ad74d,1,1,321,211,False,False
r3-pilot,62fc2a11f58ff84c748cd8a90968846c022685dcbd0d5eb8e8c7f16ed15ad74d,1,1,322,211,False,False
r3-pilot,62fc2a11f58ff84c748cd8a90968846c022685dcbd0d5eb8e8c7f16ed15ad74d,1,1,323,211,False,False
r3-pilot,62fc2a11f58ff84c748cd8a90968846c022685dcbd0d5eb8e8c7f16ed15ad74d,1,1,324,211,False,False
r3-pilot,62fc2a11f58ff84c748cd8a90968846c022685dcbd0d5eb8e8c7f16ed15ad74d,1,1,325,211,False,False
r3-pilot,62fc2a11f58ff84c748cd8a90968846c022685dcbd0d5eb8e8c7f16ed15ad74d,1,1,326,211,False,False
r3-pilot,62fc2a11f58ff84c748cd8a90968846c022685dcbd0d5eb8e8c7f16ed15ad74d,1,1,327,211,False,False
r3-pilot,62fc2a11f58ff84c748cd8a90968846c022685dcbd0d5eb8e8c7f16ed15ad74d,1,1,328,211,False,False
r3-pilot,62fc2a11f58ff84c748cd8a90968846c022685dcbd0d5eb8e8c7f16ed15ad74d,1,1,329,211,False,False
r3-pilot,62fc2a11f58ff84c748cd8a90968846c022685dcbd0d5eb8e8c7f16ed15ad74d,1,1,330,211,False,False
r3-pilot,62fc2a11f58ff84c748cd8a90968846c022685dcbd0d5eb8e8c7f16ed15ad74d,1,1,331,211,False,False
r3-pilot,62fc2a11f58ff84c748cd8a90968846c022685dcbd0d5eb8e8c7f16ed15ad74d,1,1,332,211,False,False
r3-pilot,62fc2a11f58ff84c748cd8a90968846c022685dcbd0d5eb8e8c7f16ed15ad74d,1,1,333,211,False,False
r3-pilot,62fc2a11f58ff84c748cd8a90968846c022685dcbd0d5eb8e8c7f16ed15ad74d,1,1,334,211,False,False
r3-pilot,62fc2a11f58ff84c748cd8a90968846c022685dcbd0d5eb8e8c7f16ed15ad74d,1,1,335,211,False,False
r3-pilot,62fc2a11f58ff84c748cd8a90968846c022685dcbd0d5eb8e8c7f16ed15ad74d,1,1,336,211,False,False
r3-pilot,62fc2a11f58ff84c748cd8a90968846c022685dcbd0d5eb8e8c7f16ed15ad74d,1,1,337,211,False,False
r3-pilot,62fc2a11f58ff84c748cd8a90968846c022685dcbd0d5eb8e8c7f16ed15ad74d,1,1,338,211,False,False
r3-pilot,62fc2a11f58ff84c748cd8a90968846c022685dcbd0d5eb8e8c7f16ed15ad74d,1,1,339,211,False,False
r3-pilot,62fc2a11f58ff84c748cd8a90968846c022685dcbd0d5eb8e8c7f16ed15ad74d,1,1,340,211,False,False
r3-pilot,62fc2a11f58ff84c748cd8a90968846c022685dcbd0d5eb8e8c7f16ed15ad74d,1,1,341,211,False,False
r3-pilot,62fc2a11f58ff84c748cd8a90968846c022685dcbd0d5eb8e8c7f16ed15ad74d,1,1,342,211,False,False
r3-pilot,62fc2a11f58ff84c748cd8a90968846c022685dcbd0d5eb8e8c7f16ed15ad74d,1,1,343,211,False,False
r3-pilot,62fc2a11f58ff84c748cd8a90968846c022685dcbd0d5eb8e8c7f16ed15ad74d,1,1,344,211,False,False
r3-pilot,62fc2a11f58ff84c748cd8a90968846c022685dcbd0d5eb8e8c7f16ed15ad74d,1,1,345,211,False,False
r3-pilot,62fc2a11f58ff84c748cd8a90968846c022685dcbd0d5eb8e8c7f16ed15ad74d,1,1,346,211,False,False
r3-pilot,62fc2a11f58ff84c748cd8a90968846c022685dcbd0d5eb8e8c7f16ed15ad74d,1,1,347,211,False,False
r3-pilot,62fc2a11f58ff84c748cd8a90968846c022685dcbd0d5eb8e8c7f16ed15ad74d,1,1,348,211,False,False
r3-pilot,62fc2a11f58ff84c748cd8a90968846c022685dcbd0d5eb8e8c7f16ed15ad74d,1,1,349,211,False,False
r3-pilot,62fc2a11f58ff84c748cd8a90968846c022685dcbd0d5eb8e8c7f16ed15ad74d,1,1,350,211,False,False
r3-pilot,62fc2a11f58ff84c748cd8a90968846c022685dcbd0d5eb8e8c7f16ed15ad74d,1,1,351,211,False,False
r3-pilot,62fc2a11f58ff84c748cd8a90968846c022685dcbd0d5eb8e8c7f16ed15ad74d,1,1,352,211,False,False
r3-pilot,62fc2a11f58ff84c748cd8a90968846c022685dcbd0d5eb8e8c7f16ed15ad74d,1,1,353,211,False,False
r3-pilot,62fc2a11f58ff84c748cd8a90968846c022685dcbd0d5eb8e8c7f16ed15ad74d,1,1,354,211,False,False
r3-pilot,62fc2a11f58ff84c748cd8a90968846c022685dcbd0d5eb8e8c7f16ed15ad74d,1,1,355,211,False,False
r3-pilot,62fc2a11f58ff84c748cd8a90968846c022685dcbd0d5eb8e8c7f16ed15ad74d,1,1,356,211,False,False
r3-pilot,62fc2a11f58ff84c748cd8a90968846c022685dcbd0d5eb8e8c7f16ed15ad74d,1,1,357,211,False,False
r3-pilot,62fc2a11f58ff84c748cd8a90968846c022685dcbd0d5eb8e8c7f16ed15ad74d,1,1,358,211,False,False
r3-pilot,62fc2a11f58ff84c748cd8a90968846c022685dcbd0d5eb8e8c7f16ed15ad74d,1,1,359,211,False,False
r3-pilot,62fc2a11f58ff84c748cd8a90968846c022685dcbd0d5eb8e8c7f16ed15ad74d,1,1,360,211,False,False
r3-pilot,62fc2a11f58ff84c748cd8a90968846c022685dcbd0d5eb8e8c7f16ed15ad74d,1,1,361,211,False,False
r3-pilot,62fc2a11f58ff84c748cd8a90968846c022685dcbd0d5eb8e8c7f16ed15ad74d,1,1,362,211,False,False
r3-pilot,62fc2a11f58ff84c748cd8a90968846c022685dcbd0d5eb8e8c7f16ed15ad74d,1,1,363,211,False,False
r3-pilot,62fc2a11f58ff84c748cd8a90968846c022685dcbd0d5eb8e8c7f16ed15ad74d,1,1,364,211,False,False
r3-pilot,62fc2a11f58ff84c748cd8a90968846c022685dcbd0d5eb8e8c7f16ed15ad74d,1,1,365,211,False,False
r3-pilot,62fc2a11f58ff84c748cd8a90968846c022685dcbd0d5eb8e8c7f16ed15ad74d,1,1,366,211,False,False
r3-pilot,62fc2a11f58ff84c748cd8a90968846c022685dcbd0d5eb8e8c7f16ed15ad74d,1,1,367,211,False,False
r3-pilot,62fc2a11f58ff84c748cd8a90968846c022685dcbd0d5eb8e8c7f16ed15ad74d,1,1,368,211,False,False
r3-pilot,62fc2a11f58ff84c748cd8a90968846c022685dcbd0d5eb8e8c7f16ed15ad74d,1,1,369,211,False,False
r3-pilot,62fc2a11f58ff84c748cd8a90968846c022685dcbd0d5eb8e8c7f16ed15ad74d,1,1,370,211,False,False
r3-pilot,62fc2a11f58ff84c748cd8a90968846c022685dcbd0d5eb8e8c7f16ed15ad74d,1,1,371,211,False,True
r3-pilot,62fc2a11f58ff84c748cd8a90968846c022685dcbd0d5eb8e8c7f16ed15ad74d,1,1,288,212,False,False
r3-pilot,62fc2a11f58ff84c748cd8a90968846c022685dcbd0d5eb8e8c7f16ed15ad74d,1,1,289,212,False,False
r3-pilot,62fc2a11f58ff84c748cd8a90968846c022685dcbd0d5eb8e8c7f16ed15ad74d,1,1,290,212,False,False
r3-pilot,62fc2a11f58ff84c748cd8a90968846c022685dcbd0d5eb8e8c7f16ed15ad74d,1,1,291,212,False,False
r3-pilot,62fc2a11f58ff84c748cd8a90968846c022685dcbd0d5eb8e8c7f16ed15ad74d,1,1,292,212,False,False
r3-pilot,62fc2a11f58ff84c748cd8a90968846c022685dcbd0d5eb8e8c7f16ed15ad74d,1,1,293,212,False,False
r3-pilot,62fc2a11f58ff84c748cd8a90968846c022685dcbd0d5eb8e8c7f16ed15ad74d,1,1,294,212,False,False
r3-pilot,62fc2a11f58ff84c748cd8a90968846c022685dcbd0d5eb8e8c7f16ed15ad74d,1,1,295,212,False,False
r3-pilot,62fc2a11f58ff84c748cd8a90968846c022685dcbd0d5eb8e8c7f16ed15ad74d,1,1,296,212,False,False
r3-pilot,62fc2a11f58ff84c748cd8a90968846c022685dcbd0d5eb8e8c7f16ed15ad74d,1,1,297,212,False,False
r3-pilot,62fc2a11f58ff84c748cd8a90968846c022685dcbd0d5eb8e8c7f16ed15ad74d,1,1,298,212,False,False
r3-pilot,62fc2a11f58ff84c748cd8a90968846c022685dcbd0d5eb8e8c7f16ed15ad74d,1,1,299,212,False,False
r3-pilot,62fc2a11f58ff84c748cd8a90968846c022685dcbd0d5eb8e8c7f16ed15ad74d,1,1,300,212,False,False
r3-pilot,62fc2a11f58ff84c748cd8a90968846c022685dcbd0d5eb8e8c7f16ed15ad74d,1,1,301,212,False,False
r3-pilot,62fc2a11f58ff84c748cd8a90968846c022685dcbd0d5eb8e8c7f16ed15ad74d,1,1,302,212,False,False
r3-pilot,62fc2a11f58ff84c748cd8a90968846c022685dcbd0d5eb8e8c7f16ed15ad74d,1,1,303,212,False,False
r3-pilot,62fc2a11f58ff84c748cd8a90968846c022685dcbd0d5eb8e8c7f16ed15ad74d,1,1,304,212,False,False
r3-pilot,62fc2a11f58ff84c748cd8a90968846c022685dcbd0d5eb8e8c7f16ed15ad74d,1,1,305,212,False,False
r3-pilot,62fc2a11f58ff84c748cd8a90968846c022685dcbd0d5eb8e8c7f16ed15ad74d,1,1,306,212,False,False
r3-pilot,62fc2a11f58ff84c748cd8a90968846c022685dcbd0d5eb8e8c7f16ed15ad74d,1,1,307,212,False,False
r3-pilot,62fc2a11f58ff84c748cd8a90968846c022685dcbd0d5eb8e8c7f16ed15ad74d,1,1,308,212,False,False
r3-pilot,62fc2a11f58ff84c748cd8a90968846c022685dcbd0d5eb8e8c7f16ed15ad74d,1,1,309,212,False,False
r3-pilot,62fc2a11f58ff84c748cd8a90968846c022685dcbd0d5eb8e8c7f16ed15ad74d,1,1,310,212,False,False
r3-pilot,62fc2a11f58ff84c748cd8a90968846c022685dcbd0d5eb8e8c7f16ed15ad74d,1,1,311,212,False,False
r3-pilot,62fc2a11f58ff84c748cd8a90968846c022685dcbd0d5eb8e8c7f16ed15ad74d,1,1,312,212,False,False
r3-pilot,62fc2a11f58ff84c748cd8a90968846c022685dcbd0d5eb8e8c7f16ed15ad74d,1,1,313,212,False,False
r3-pilot,62fc2a11f58ff84c748cd8a90968846c022685dcbd0d5eb8e8c7f16ed15ad74d,1,1,314,212,False,False
r3-pilot,62fc2a11f58ff84c748cd8a90968846c022685dcbd0d5eb8e8c7f16ed15ad74d,1,1,315,212,False,False
r3-pilot,62fc2a11f58ff84c748cd8a90968846c022685dcbd0d5eb8e8c7f16ed15ad74d,1,1,316,212,False,False
r3-pilot,62fc2a11f58ff84c748cd8a90968846c022685dcbd0d5eb8e8c7f16ed15ad74d,1,1,317,212,False,False
r3-pilot,62fc2a11f58ff84c748cd8a90968846c022685dcbd0d5eb8e8c7f16ed15ad74d,1,1,318,212,False,False
r3-pilot,62fc2a11f58ff84c748cd8a90968846c022685dcbd0d5eb8e8c7f16ed15ad74d,1,1,319,212,False,False
r3-pilot,62fc2a11f58ff84c748cd8a90968846c022685dcbd0d5eb8e8c7f16ed15ad74d,1,1,320,212,False,False
r3-pilot,62fc2a11f58ff84c748cd8a90968846c022685dcbd0d5eb8e8c7f16ed15ad74d,1,1,321,212,False,False
r3-pilot,62fc2a11f58ff84c748cd8a90968846c022685dcbd0d5eb8e8c7f16ed15ad74d,1,1,322,212,False,False
r3-pilot,62fc2a11f58ff84c748cd8a90968846c022685dcbd0d5eb8e8c7f16ed15ad74d,1,1,323,212,False,False
r3-pilot,62fc2a11f58ff84c748cd8a90968846c022685dcbd0d5eb8e8c7f16ed15ad74d,1,1,324,212,False,False
r3-pilot,62fc2a11f58ff84c748cd8a90968846c022685dcbd0d5eb8e8c7f16ed15ad74d,1,1,325,212,False,False
r3-pilot,62fc2a11f58ff84c748cd8a90968846c022685dcbd0d5eb8e8c7f16ed15ad74d,1,1,326,212,False,False
r3-pilot,62fc2a11f58ff84c748cd8a90968846c022685dcbd0d5eb8e8c7f16ed15ad74d,1,1,327,212,False,False
r3-pilot,62fc2a11f58ff84c748cd8a90968846c022685dcbd0d5eb8e8c7f16ed15ad74d,1,1,328,212,False,False
r3-pilot,62fc2a11f58ff84c748cd8a90968846c022685dcbd0d5eb8e8c7f16ed15ad74d,1,1,329,212,False,False
r3-pilot,62fc2a11f58ff84c748cd8a90968846c022685dcbd0d5eb8e8c7f16ed15ad74d,1,1,330,212,False,False
r3-pilot,62fc2a11f58ff84c748cd8a90968846c022685dcbd0d5eb8e8c7f16ed15ad74d,1,1,331,212,False,False
r3-pilot,62fc2a11f58ff84c748cd8a90968846c022685dcbd0d5eb8e8c7f16ed15ad74d,1,1,332,212,False,False
r3-pilot,62fc2a11f58ff84c748cd8a90968846c022685dcbd0d5eb8e8c7f16ed15ad74d,1,1,333,212,False,False
r3-pilot,62fc2a11f58ff84c748cd8a90968846c022685dcbd0d5eb8e8c7f16ed15ad74d,1,1,334,212,False,False
r3-pilot,62fc2a11f58ff84c748cd8a90968846c022685dcbd0d5eb8e8c7f16ed15ad74d,1,1,335,212,False,False
r3-pilot,62fc2a11f58ff84c748cd8a90968846c022685dcbd0d5eb8e8c7f16ed15ad74d,1,1,336,212,False,False
r3-pilot,62fc2a11f58ff84c748cd8a90968846c022685dcbd0d5eb8e8c7f16ed15ad74d,1,1,337,212,False,False
r3-pilot,62fc2a11f58ff84c748cd8a90968846c022685dcbd0d5eb8e8c7f16ed15ad74d,1,1,338,212,False,False
r3-pilot,62fc2a11f58ff84c748cd8a90968846c022685dcbd0d5eb8e8c7f16ed15ad74d,1,1,339,212,False,False
r3-pilot,62fc2a11f58ff84c748cd8a90968846c022685dcbd0d5eb8e8c7f16ed15ad74d,1,1,340,212,False,False
r3-pilot,62fc2a11f58ff84c748cd8a90968846c022685dcbd0d5eb8e8c7f16ed15ad74d,1,1,341,212,False,False
r3-pilot,62fc2a11f58ff84c748cd8a90968846c022685dcbd0d5eb8e8c7f16ed15ad74d,1,1,342,212,False,False
r3-pilot,62fc2a11f58ff84c748cd8a90968846c022685dcbd0d5eb8e8c7f16ed15ad74d,1,1,343,212,False,False
r3-pilot,62fc2a11f58ff84c748cd8a90968846c022685dcbd0d5eb8e8c7f16ed15ad74d,1,1,344,212,False,False
r3-pilot,62fc2a11f58ff84c748cd8a90968846c022685dcbd0d5eb8e8c7f16ed15ad74d,1,1,345,212,False,False
r3-pilot,62fc2a11f58ff84c748cd8a90968846c022685dcbd0d5eb8e8c7f16ed15ad74d,1,1,346,212,False,False
r3-pilot,62fc2a11f58ff84c748cd8a90968846c022685dcbd0d5eb8e8c7f16ed15ad74d,1,1,347,212,False,False
r3-pilot,62fc2a11f58ff84c748cd8a90968846c022685dcbd0d5eb8e8c7f16ed15ad74d,1,1,348,212,False,False
r3-pilot,62fc2a11f58ff84c748cd8a90968846c022685dcbd0d5eb8e8c7f16ed15ad74d,1,1,349,212,False,False
r3-pilot,62fc2a11f58ff84c748cd8a90968846c022685dcbd0d5eb8e8c7f16ed15ad74d,1,1,350,212,False,False
r3-pilot,62fc2a11f58ff84c748cd8a90968846c022685dcbd0d5eb8e8c7f16ed15ad74d,1,1,351,212,False,False
r3-pilot,62fc2a11f58ff84c748cd8a90968846c022685dcbd0d5eb8e8c7f16ed15ad74d,1,1,352,212,False,False
r3-pilot,62fc2a11f58ff84c748cd8a90968846c022685dcbd0d5eb8e8c7f16ed15ad74d,1,1,353,212,False,False
r3-pilot,62fc2a11f58ff84c748cd8a90968846c022685dcbd0d5eb8e8c7f16ed15ad74d,1,1,354,212,False,False
r3-pilot,62fc2a11f58ff84c748cd8a90968846c022685dcbd0d5eb8e8c7f16ed15ad74d,1,1,355,212,False,False
r3-pilot,62fc2a11f58ff84c748cd8a90968846c022685dcbd0d5eb8e8c7f16ed15ad74d,1,1,356,212,False,False
r3-pilot,62fc2a11f58ff84c748cd8a90968846c022685dcbd0d5eb8e8c7f16ed15ad74d,1,1,357,212,False,False
r3-pilot,62fc2a11f58ff84c748cd8a90968846c022685dcbd0d5eb8e8c7f16ed15ad74d,1,1,358,212,False,False
r3-pilot,62fc2a11f58ff84c748cd8a90968846c022685dcbd0d5eb8e8c7f16ed15ad74d,1,1,359,212,False,False
r3-pilot,62fc2a11f58ff84c748cd8a90968846c022685dcbd0d5eb8e8c7f16ed15ad74d,1,1,360,212,False,False
r3-pilot,62fc2a11f58ff84c748cd8a90968846c022685dcbd0d5eb8e8c7f16ed15ad74d,1,1,361,212,False,False
r3-pilot,62fc2a11f58ff84c748cd8a90968846c022685dcbd0d5eb8e8c7f16ed15ad74d,1,1,362,212,False,False
r3-pilot,62fc2a11f58ff84c748cd8a90968846c022685dcbd0d5eb8e8c7f16ed15ad74d,1,1,363,212,False,False
r3-pilot,62fc2a11f58ff84c748cd8a90968846c022685dcbd0d5eb8e8c7f16ed15ad74d,1,1,364,212,False,False
r3-pilot,62fc2a11f58ff84c748cd8a90968846c022685dcbd0d5eb8e8c7f16ed15ad74d,1,1,365,212,False,False
r3-pilot,62fc2a11f58ff84c748cd8a90968846c022685dcbd0d5eb8e8c7f16ed15ad74d,1,1,366,212,False,False
r3-pilot,62fc2a11f58ff84c748cd8a90968846c022685dcbd0d5eb8e8c7f16ed15ad74d,1,1,367,212,False,False
r3-pilot,62fc2a11f58ff84c748cd8a90968846c022685dcbd0d5eb8e8c7f16ed15ad74d,1,1,368,212,False,False
r3-pilot,62fc2a11f58ff84c748cd8a90968846c022685dcbd0d5eb8e8c7f16ed15ad74d,1,1,369,212,False,False
r3-pilot,62fc2a11f58ff84c748cd8a90968846c022685dcbd0d5eb8e8c7f16ed15ad74d,1,1,370,212,False,False
r3-pilot,62fc2a11f58ff84c748cd8a90968846c022685dcbd0d5eb8e8c7f16ed15ad74d,1,1,371,212,False,True
r3-pilot,62fc2a11f58ff84c748cd8a90968846c022685dcbd0d5eb8e8c7f16ed15ad74d,1,1,288,213,False,False
r3-pilot,62fc2a11f58ff84c748cd8a90968846c022685dcbd0d5eb8e8c7f16ed15ad74d,1,1,289,213,False,False
r3-pilot,62fc2a11f58ff84c748cd8a90968846c022685dcbd0d5eb8e8c7f16ed15ad74d,1,1,290,213,False,False
r3-pilot,62fc2a11f58ff84c748cd8a90968846c022685dcbd0d5eb8e8c7f16ed15ad74d,1,1,291,213,False,False
r3-pilot,62fc2a11f58ff84c748cd8a90968846c022685dcbd0d5eb8e8c7f16ed15ad74d,1,1,292,213,False,False
r3-pilot,62fc2a11f58ff84c748cd8a90968846c022685dcbd0d5eb8e8c7f16ed15ad74d,1,1,293,213,False,False
r3-pilot,62fc2a11f58ff84c748cd8a90968846c022685dcbd0d5eb8e8c7f16ed15ad74d,1,1,294,213,False,False
r3-pilot,62fc2a11f58ff84c748cd8a90968846c022685dcbd0d5eb8e8c7f16ed15ad74d,1,1,295,213,False,False
r3-pilot,62fc2a11f58ff84c748cd8a90968846c022685dcbd0d5eb8e8c7f16ed15ad74d,1,1,296,213,False,False
r3-pilot,62fc2a11f58ff84c748cd8a90968846c022685dcbd0d5eb8e8c7f16ed15ad74d,1,1,297,213,False,False
r3-pilot,62fc2a11f58ff84c748cd8a90968846c022685dcbd0d5eb8e8c7f16ed15ad74d,1,1,298,213,False,False
r3-pilot,62fc2a11f58ff84c748cd8a90968846c022685dcbd0d5eb8e8c7f16ed15ad74d,1,1,299,213,False,False
r3-pilot,62fc2a11f58ff84c748cd8a90968846c022685dcbd0d5eb8e8c7f16ed15ad74d,1,1,300,213,False,False
r3-pilot,62fc2a11f58ff84c748cd8a90968846c022685dcbd0d5eb8e8c7f16ed15ad74d,1,1,301,213,False,False
r3-pilot,62fc2a11f58ff84c748cd8a90968846c022685dcbd0d5eb8e8c7f16ed15ad74d,1,1,302,213,False,False
r3-pilot,62fc2a11f58ff84c748cd8a90968846c022685dcbd0d5eb8e8c7f16ed15ad74d,1,1,303,213,False,False
r3-pilot,62fc2a11f58ff84c748cd8a90968846c022685dcbd0d5eb8e8c7f16ed15ad74d,1,1,304,213,False,False
r3-pilot,62fc2a11f58ff84c748cd8a90968846c022685dcbd0d5eb8e8c7f16ed15ad74d,1,1,305,213,False,False
r3-pilot,62fc2a11f58ff84c748cd8a90968846c022685dcbd0d5eb8e8c7f16ed15ad74d,1,1,306,213,False,False
r3-pilot,62fc2a11f58ff84c748cd8a90968846c022685dcbd0d5eb8e8c7f16ed15ad74d,1,1,307,213,False,False
r3-pilot,62fc2a11f58ff84c748cd8a90968846c022685dcbd0d5eb8e8c7f16ed15ad74d,1,1,308,213,False,False
r3-pilot,62fc2a11f58ff84c748cd8a90968846c022685dcbd0d5eb8e8c7f16ed15ad74d,1,1,309,213,False,False
r3-pilot,62fc2a11f58ff84c748cd8a90968846c022685dcbd0d5eb8e8c7f16ed15ad74d,1,1,310,213,False,False
r3-pilot,62fc2a11f58ff84c748cd8a90968846c022685dcbd0d5eb8e8c7f16ed15ad74d,1,1,311,213,False,False
r3-pilot,62fc2a11f58ff84c748cd8a90968846c022685dcbd0d5eb8e8c7f16ed15ad74d,1,1,312,213,False,False
r3-pilot,62fc2a11f58ff84c748cd8a90968846c022685dcbd0d5eb8e8c7f16ed15ad74d,1,1,313,213,False,False
r3-pilot,62fc2a11f58ff84c748cd8a90968846c022685dcbd0d5eb8e8c7f16ed15ad74d,1,1,314,213,False,False
r3-pilot,62fc2a11f58ff84c748cd8a90968846c022685dcbd0d5eb8e8c7f16ed15ad74d,1,1,315,213,False,False
r3-pilot,62fc2a11f58ff84c748cd8a90968846c022685dcbd0d5eb8e8c7f16ed15ad74d,1,1,316,213,False,False
r3-pilot,62fc2a11f58ff84c748cd8a90968846c022685dcbd0d5eb8e8c7f16ed15ad74d,1,1,317,213,False,False
r3-pilot,62fc2a11f58ff84c748cd8a90968846c022685dcbd0d5eb8e8c7f16ed15ad74d,1,1,318,213,False,False
r3-pilot,62fc2a11f58ff84c748cd8a90968846c022685dcbd0d5eb8e8c7f16ed15ad74d,1,1,319,213,False,False
r3-pilot,62fc2a11f58ff84c748cd8a90968846c022685dcbd0d5eb8e8c7f16ed15ad74d,1,1,320,213,False,False
r3-pilot,62fc2a11f58ff84c748cd8a90968846c022685dcbd0d5eb8e8c7f16ed15ad74d,1,1,321,213,False,False
r3-pilot,62fc2a11f58ff84c748cd8a90968846c022685dcbd0d5eb8e8c7f16ed15ad74d,1,1,322,213,False,False
r3-pilot,62fc2a11f58ff84c748cd8a90968846c022685dcbd0d5eb8e8c7f16ed15ad74d,1,1,323,213,False,False
r3-pilot,62fc2a11f58ff84c748cd8a90968846c022685dcbd0d5eb8e8c7f16ed15ad74d,1,1,324,213,False,False
r3-pilot,62fc2a11f58ff84c748cd8a90968846c022685dcbd0d5eb8e8c7f16ed15ad74d,1,1,325,213,False,False
r3-pilot,62fc2a11f58ff84c748cd8a90968846c022685dcbd0d5eb8e8c7f16ed15ad74d,1,1,326,213,False,False
r3-pilot,62fc2a11f58ff84c748cd8a90968846c022685dcbd0d5eb8e8c7f16ed15ad74d,1,1,327,213,False,False
r3-pilot,62fc2a11f58ff84c748cd8a90968846c022685dcbd0d5eb8e8c7f16ed15ad74d,1,1,328,213,False,False
r3-pilot,62fc2a11f58ff84c748cd8a90968846c022685dcbd0d5eb8e8c7f16ed15ad74d,1,1,329,213,False,False
r3-pilot,62fc2a11f58ff84c748cd8a90968846c022685dcbd0d5eb8e8c7f16ed15ad74d,1,1,330,213,False,False
r3-pilot,62fc2a11f58ff84c748cd8a90968846c022685dcbd0d5eb8e8c7f16ed15ad74d,1,1,331,213,False,False
r3-pilot,62fc2a11f58ff84c748cd8a90968846c022685dcbd0d5eb8e8c7f16ed15ad74d,1,1,332,213,False,False
r3-pilot,62fc2a11f58ff84c748cd8a90968846c022685dcbd0d5eb8e8c7f16ed15ad74d,1,1,333,213,False,False
r3-pilot,62fc2a11f58ff84c748cd8a90968846c022685dcbd0d5eb8e8c7f16ed15ad74d,1,1,334,213,False,False
r3-pilot,62fc2a11f58ff84c748cd8a90968846c022685dcbd0d5eb8e8c7f16ed15ad74d,1,1,335,213,False,False
r3-pilot,62fc2a11f58ff84c748cd8a90968846c022685dcbd0d5eb8e8c7f16ed15ad74d,1,1,336,213,False,False
r3-pilot,62fc2a11f58ff84c748cd8a90968846c022685dcbd0d5eb8e8c7f16ed15ad74d,1,1,337,213,False,False
r3-pilot,62fc2a11f58ff84c748cd8a90968846c022685dcbd0d5eb8e8c7f16ed15ad74d,1,1,338,213,False,False
r3-pilot,62fc2a11f58ff84c748cd8a90968846c022685dcbd0d5eb8e8c7f16ed15ad74d,1,1,339,213,False,False
r3-pilot,62fc2a11f58ff84c748cd8a90968846c022685dcbd0d5eb8e8c7f16ed15ad74d,1,1,340,213,False,False
r3-pilot,62fc2a11f58ff84c748cd8a90968846c022685dcbd0d5eb8e8c7f16ed15ad74d,1,1,341,213,False,False
r3-pilot,62fc2a11f58ff84c748cd8a90968846c022685dcbd0d5eb8e8c7f16ed15ad74d,1,1,342,213,False,False
r3-pilot,62fc2a11f58ff84c748cd8a90968846c022685dcbd0d5eb8e8c7f16ed15ad74d,1,1,343,213,False,False
r3-pilot,62fc2a11f58ff84c748cd8a90968846c022685dcbd0d5eb8e8c7f16ed15ad74d,1,1,344,213,False,False
r3-pilot,62fc2a11f58ff84c748cd8a90968846c022685dcbd0d5eb8e8c7f16ed15ad74d,1,1,345,213,False,False
r3-pilot,62fc2a11f58ff84c748cd8a90968846c022685dcbd0d5eb8e8c7f16ed15ad74d,1,1,346,213,False,False
r3-pilot,62fc2a11f58ff84c748cd8a90968846c022685dcbd0d5eb8e8c7f16ed15ad74d,1,1,347,213,False,False
r3-pilot,62fc2a11f58ff84c748cd8a90968846c022685dcbd0d5eb8e8c7f16ed15ad74d,1,1,348,213,False,False
r3-pilot,62fc2a11f58ff84c748cd8a90968846c022685dcbd0d5eb8e8c7f16ed15ad74d,1,1,349,213,False,False
r3-pilot,62fc2a11f58ff84c748cd8a90968846c022685dcbd0d5eb8e8c7f16ed15ad74d,1,1,350,213,False,False
r3-pilot,62fc2a11f58ff84c748cd8a90968846c022685dcbd0d5eb8e8c7f16ed15ad74d,1,1,351,213,False,False
r3-pilot,62fc2a11f58ff84c748cd8a90968846c022685dcbd0d5eb8e8c7f16ed15ad74d,1,1,352,213,False,False
r3-pilot,62fc2a11f58ff84c748cd8a90968846c022685dcbd0d5eb8e8c7f16ed15ad74d,1,1,353,213,False,False
r3-pilot,62fc2a11f58ff84c748cd8a90968846c022685dcbd0d5eb8e8c7f16ed15ad74d,1,1,354,213,False,False
r3-pilot,62fc2a11f58ff84c748cd8a90968846c022685dcbd0d5eb8e8c7f16ed15ad74d,1,1,355,213,False,False
r3-pilot,62fc2a11f58ff84c748cd8a90968846c022685dcbd0d5eb8e8c7f16ed15ad74d,1,1,356,213,False,False
r3-pilot,62fc2a11f58ff84c748cd8a90968846c022685dcbd0d5eb8e8c7f16ed15ad74d,1,1,357,213,False,False
r3-pilot,62fc2a11f58ff84c748cd8a90968846c022685dcbd0d5eb8e8c7f16ed15ad74d,1,1,358,213,False,False
r3-pilot,62fc2a11f58ff84c748cd8a90968846c022685dcbd0d5eb8e8c7f16ed15ad74d,1,1,359,213,False,False
r3-pilot,62fc2a11f58ff84c748cd8a90968846c022685dcbd0d5eb8e8c7f16ed15ad74d,1,1,360,213,False,False
r3-pilot,62fc2a11f58ff84c748cd8a90968846c022685dcbd0d5eb8e8c7f16ed15ad74d,1,1,361,213,False,False
r3-pilot,62fc2a11f58ff84c748cd8a90968846c022685dcbd0d5eb8e8c7f16ed15ad74d,1,1,362,213,False,False
r3-pilot,62fc2a11f58ff84c748cd8a90968846c022685dcbd0d5eb8e8c7f16ed15ad74d,1,1,363,213,False,False
r3-pilot,62fc2a11f58ff84c748cd8a90968846c022685dcbd0d5eb8e8c7f16ed15ad74d,1,1,364,213,False,False
r3-pilot,62fc2a11f58ff84c748cd8a90968846c022685dcbd0d5eb8e8c7f16ed15ad74d,1,1,365,213,False,False
r3-pilot,62fc2a11f58ff84c748cd8a90968846c022685dcbd0d5eb8e8c7f16ed15ad74d,1,1,366,213,False,False
r3-pilot,62fc2a11f58ff84c748cd8a90968846c022685dcbd0d5eb8e8c7f16ed15ad74d,1,1,367,213,False,False
r3-pilot,62fc2a11f58ff84c748cd8a90968846c022685dcbd0d5eb8e8c7f16ed15ad74d,1,1,368,213,False,False
r3-pilot,62fc2a11f58ff84c748cd8a90968846c022685dcbd0d5eb8e8c7f16ed15ad74d,1,1,369,213,False,False
r3-pilot,62fc2a11f58ff84c748cd8a90968846c022685dcbd0d5eb8e8c7f16ed15ad74d,1,1,370,213,False,False
r3-pilot,62fc2a11f58ff84c748cd8a90968846c022685dcbd0d5eb8e8c7f16ed15ad74d,1,1,371,213,False,True
r3-pilot,62fc2a11f58ff84c748cd8a90968846c022685dcbd0d5eb8e8c7f16ed15ad74d,1,1,288,214,False,False
r3-pilot,62fc2a11f58ff84c748cd8a90968846c022685dcbd0d5eb8e8c7f16ed15ad74d,1,1,289,214,False,False
r3-pilot,62fc2a11f58ff84c748cd8a90968846c022685dcbd0d5eb8e8c7f16ed15ad74d,1,1,290,214,False,False
r3-pilot,62fc2a11f58ff84c748cd8a90968846c022685dcbd0d5eb8e8c7f16ed15ad74d,1,1,291,214,False,False
r3-pilot,62fc2a11f58ff84c748cd8a90968846c022685dcbd0d5eb8e8c7f16ed15ad74d,1,1,292,214,False,False
r3-pilot,62fc2a11f58ff84c748cd8a90968846c022685dcbd0d5eb8e8c7f16ed15ad74d,1,1,293,214,False,False
r3-pilot,62fc2a11f58ff84c748cd8a90968846c022685dcbd0d5eb8e8c7f16ed15ad74d,1,1,294,214,False,False
r3-pilot,62fc2a11f58ff84c748cd8a90968846c022685dcbd0d5eb8e8c7f16ed15ad74d,1,1,295,214,False,False
r3-pilot,62fc2a11f58ff84c748cd8a90968846c022685dcbd0d5eb8e8c7f16ed15ad74d,1,1,296,214,False,False
r3-pilot,62fc2a11f58ff84c748cd8a90968846c022685dcbd0d5eb8e8c7f16ed15ad74d,1,1,297,214,False,False
r3-pilot,62fc2a11f58ff84c748cd8a90968846c022685dcbd0d5eb8e8c7f16ed15ad74d,1,1,298,214,False,False
r3-pilot,62fc2a11f58ff84c748cd8a90968846c022685dcbd0d5eb8e8c7f16ed15ad74d,1,1,299,214,False,False
r3-pilot,62fc2a11f58ff84c748cd8a90968846c022685dcbd0d5eb8e8c7f16ed15ad74d,1,1,300,214,False,False
r3-pilot,62fc2a11f58ff84c748cd8a90968846c022685dcbd0d5eb8e8c7f16ed15ad74d,1,1,301,214,False,False
r3-pilot,62fc2a11f58ff84c748cd8a90968846c022685dcbd0d5eb8e8c7f16ed15ad74d,1,1,302,214,False,False
r3-pilot,62fc2a11f58ff84c748cd8a90968846c022685dcbd0d5eb8e8c7f16ed15ad74d,1,1,303,214,False,False
r3-pilot,62fc2a11f58ff84c748cd8a90968846c022685dcbd0d5eb8e8c7f16ed15ad74d,1,1,304,214,False,False
r3-pilot,62fc2a11f58ff84c748cd8a90968846c022685dcbd0d5eb8e8c7f16ed15ad74d,1,1,305,214,False,False
r3-pilot,62fc2a11f58ff84c748cd8a90968846c022685dcbd0d5eb8e8c7f16ed15ad74d,1,1,306,214,False,False
r3-pilot,62fc2a11f58ff84c748cd8a90968846c022685dcbd0d5eb8e8c7f16ed15ad74d,1,1,307,214,False,False
r3-pilot,62fc2a11f58ff84c748cd8a90968846c022685dcbd0d5eb8e8c7f16ed15ad74d,1,1,308,214,False,False
r3-pilot,62fc2a11f58ff84c748cd8a90968846c022685dcbd0d5eb8e8c7f16ed15ad74d,1,1,309,214,False,False
r3-pilot,62fc2a11f58ff84c748cd8a90968846c022685dcbd0d5eb8e8c7f16ed15ad74d,1,1,310,214,False,False
r3-pilot,62fc2a11f58ff84c748cd8a90968846c022685dcbd0d5eb8e8c7f16ed15ad74d,1,1,311,214,False,False
r3-pilot,62fc2a11f58ff84c748cd8a90968846c022685dcbd0d5eb8e8c7f16ed15ad74d,1,1,312,214,False,False
r3-pilot,62fc2a11f58ff84c748cd8a90968846c022685dcbd0d5eb8e8c7f16ed15ad74d,1,1,313,214,False,False
r3-pilot,62fc2a11f58ff84c748cd8a90968846c022685dcbd0d5eb8e8c7f16ed15ad74d,1,1,314,214,False,False
r3-pilot,62fc2a11f58ff84c748cd8a90968846c022685dcbd0d5eb8e8c7f16ed15ad74d,1,1,315,214,False,False
r3-pilot,62fc2a11f58ff84c748cd8a90968846c022685dcbd0d5eb8e8c7f16ed15ad74d,1,1,316,214,False,False
r3-pilot,62fc2a11f58ff84c748cd8a90968846c022685dcbd0d5eb8e8c7f16ed15ad74d,1,1,317,214,False,False
r3-pilot,62fc2a11f58ff84c748cd8a90968846c022685dcbd0d5eb8e8c7f16ed15ad74d,1,1,318,214,False,False
r3-pilot,62fc2a11f58ff84c748cd8a90968846c022685dcbd0d5eb8e8c7f16ed15ad74d,1,1,319,214,False,False
r3-pilot,62fc2a11f58ff84c748cd8a90968846c022685dcbd0d5eb8e8c7f16ed15ad74d,1,1,320,214,False,False
r3-pilot,62fc2a11f58ff84c748cd8a90968846c022685dcbd0d5eb8e8c7f16ed15ad74d,1,1,321,214,False,False
r3-pilot,62fc2a11f58ff84c748cd8a90968846c022685dcbd0d5eb8e8c7f16ed15ad74d,1,1,322,214,False,False
r3-pilot,62fc2a11f58ff84c748cd8a90968846c022685dcbd0d5eb8e8c7f16ed15ad74d,1,1,323,214,False,False
r3-pilot,62fc2a11f58ff84c748cd8a90968846c022685dcbd0d5eb8e8c7f16ed15ad74d,1,1,324,214,False,False
r3-pilot,62fc2a11f58ff84c748cd8a90968846c022685dcbd0d5eb8e8c7f16ed15ad74d,1,1,325,214,False,False
r3-pilot,62fc2a11f58ff84c748cd8a90968846c022685dcbd0d5eb8e8c7f16ed15ad74d,1,1,326,214,False,False
r3-pilot,62fc2a11f58ff84c748cd8a90968846c022685dcbd0d5eb8e8c7f16ed15ad74d,1,1,327,214,False,False
r3-pilot,62fc2a11f58ff84c748cd8a90968846c022685dcbd0d5eb8e8c7f16ed15ad74d,1,1,328,214,False,False
r3-pilot,62fc2a11f58ff84c748cd8a90968846c022685dcbd0d5eb8e8c7f16ed15ad74d,1,1,329,214,False,False
r3-pilot,62fc2a11f58ff84c748cd8a90968846c022685dcbd0d5eb8e8c7f16ed15ad74d,1,1,330,214,False,False
r3-pilot,62fc2a11f58ff84c748cd8a90968846c022685dcbd0d5eb8e8c7f16ed15ad74d,1,1,331,214,False,False
r3-pilot,62fc2a11f58ff84c748cd8a90968846c022685dcbd0d5eb8e8c7f16ed15ad74d,1,1,332,214,False,False
r3-pilot,62fc2a11f58ff84c748cd8a90968846c022685dcbd0d5eb8e8c7f16ed15ad74d,1,1,333,214,False,False
r3-pilot,62fc2a11f58ff84c748cd8a90968846c022685dcbd0d5eb8e8c7f16ed15ad74d,1,1,334,214,False,False
r3-pilot,62fc2a11f58ff84c748cd8a90968846c022685dcbd0d5eb8e8c7f16ed15ad74d,1,1,335,214,False,False
r3-pilot,62fc2a11f58ff84c748cd8a90968846c022685dcbd0d5eb8e8c7f16ed15ad74d,1,1,336,214,False,False
r3-pilot,62fc2a11f58ff84c748cd8a90968846c022685dcbd0d5eb8e8c7f16ed15ad74d,1,1,337,214,False,False
r3-pilot,62fc2a11f58ff84c748cd8a90968846c022685dcbd0d5eb8e8c7f16ed15ad74d,1,1,338,214,False,False
r3-pilot,62fc2a11f58ff84c748cd8a90968846c022685dcbd0d5eb8e8c7f16ed15ad74d,1,1,339,214,False,False
r3-pilot,62fc2a11f58ff84c748cd8a90968846c022685dcbd0d5eb8e8c7f16ed15ad74d,1,1,340,214,False,False
r3-pilot,62fc2a11f58ff84c748cd8a90968846c022685dcbd0d5eb8e8c7f16ed15ad74d,1,1,341,214,False,False
r3-pilot,62fc2a11f58ff84c748cd8a90968846c022685dcbd0d5eb8e8c7f16ed15ad74d,1,1,342,214,False,False
r3-pilot,62fc2a11f58ff84c748cd8a90968846c022685dcbd0d5eb8e8c7f16ed15ad74d,1,1,343,214,False,False
r3-pilot,62fc2a11f58ff84c748cd8a90968846c022685dcbd0d5eb8e8c7f16ed15ad74d,1,1,344,214,False,False
r3-pilot,62fc2a11f58ff84c748cd8a90968846c022685dcbd0d5eb8e8c7f16ed15ad74d,1,1,345,214,False,False
r3-pilot,62fc2a11f58ff84c748cd8a90968846c022685dcbd0d5eb8e8c7f16ed15ad74d,1,1,346,214,False,False
r3-pilot,62fc2a11f58ff84c748cd8a90968846c022685dcbd0d5eb8e8c7f16ed15ad74d,1,1,347,214,False,False
r3-pilot,62fc2a11f58ff84c748cd8a90968846c022685dcbd0d5eb8e8c7f16ed15ad74d,1,1,348,214,False,False
r3-pilot,62fc2a11f58ff84c748cd8a90968846c022685dcbd0d5eb8e8c7f16ed15ad74d,1,1,349,214,False,False
r3-pilot,62fc2a11f58ff84c748cd8a90968846c022685dcbd0d5eb8e8c7f16ed15ad74d,1,1,350,214,False,False
r3-pilot,62fc2a11f58ff84c748cd8a90968846c022685dcbd0d5eb8e8c7f16ed15ad74d,1,1,351,214,False,False
r3-pilot,62fc2a11f58ff84c748cd8a90968846c022685dcbd0d5eb8e8c7f16ed15ad74d,1,1,352,214,False,False
r3-pilot,62fc2a11f58ff84c748cd8a90968846c022685dcbd0d5eb8e8c7f16ed15ad74d,1,1,353,214,False,False
r3-pilot,62fc2a11f58ff84c748cd8a90968846c022685dcbd0d5eb8e8c7f16ed15ad74d,1,1,354,214,False,False
r3-pilot,62fc2a11f58ff84c748cd8a90968846c022685dcbd0d5eb8e8c7f16ed15ad74d,1,1,355,214,False,False
r3-pilot,62fc2a11f58ff84c748cd8a90968846c022685dcbd0d5eb8e8c7f16ed15ad74d,1,1,356,214,False,False
r3-pilot,62fc2a11f58ff84c748cd8a90968846c022685dcbd0d5eb8e8c7f16ed15ad74d,1,1,357,214,False,False
r3-pilot,62fc2a11f58ff84c748cd8a90968846c022685dcbd0d5eb8e8c7f16ed15ad74d,1,1,358,214,False,False
r3-pilot,62fc2a11f58ff84c748cd8a90968846c022685dcbd0d5eb8e8c7f16ed15ad74d,1,1,359,214,False,False
r3-pilot,62fc2a11f58ff84c748cd8a90968846c022685dcbd0d5eb8e8c7f16ed15ad74d,1,1,362,214,False,False
r3-pilot,62fc2a11f58ff84c748cd8a90968846c022685dcbd0d5eb8e8c7f16ed15ad74d,1,1,363,214,False,False
r3-pilot,62fc2a11f58ff84c748cd8a90968846c022685dcbd0d5eb8e8c7f16ed15ad74d,1,1,364,214,False,False
r3-pilot,62fc2a11f58ff84c748cd8a90968846c022685dcbd0d5eb8e8c7f16ed15ad74d,1,1,365,214,False,False
r3-pilot,62fc2a11f58ff84c748cd8a90968846c022685dcbd0d5eb8e8c7f16ed15ad74d,1,1,366,214,False,False
r3-pilot,62fc2a11f58ff84c748cd8a90968846c022685dcbd0d5eb8e8c7f16ed15ad74d,1,1,367,214,False,False
r3-pilot,62fc2a11f58ff84c748cd8a90968846c022685dcbd0d5eb8e8c7f16ed15ad74d,1,1,368,214,False,False
r3-pilot,62fc2a11f58ff84c748cd8a90968846c022685dcbd0d5eb8e8c7f16ed15ad74d,1,1,369,214,False,False
r3-pilot,62fc2a11f58ff84c748cd8a90968846c022685dcbd0d5eb8e8c7f16ed15ad74d,1,1,288,215,False,False
r3-pilot,62fc2a11f58ff84c748cd8a90968846c022685dcbd0d5eb8e8c7f16ed15ad74d,1,1,289,215,False,False
r3-pilot,62fc2a11f58ff84c748cd8a90968846c022685dcbd0d5eb8e8c7f16ed15ad74d,1,1,290,215,False,False
r3-pilot,62fc2a11f58ff84c748cd8a90968846c022685dcbd0d5eb8e8c7f16ed15ad74d,1,1,291,215,False,False
r3-pilot,62fc2a11f58ff84c748cd8a90968846c022685dcbd0d5eb8e8c7f16ed15ad74d,1,1,292,215,False,False
r3-pilot,62fc2a11f58ff84c748cd8a90968846c022685dcbd0d5eb8e8c7f16ed15ad74d,1,1,293,215,False,False
r3-pilot,62fc2a11f58ff84c748cd8a90968846c022685dcbd0d5eb8e8c7f16ed15ad74d,1,1,294,215,False,False
r3-pilot,62fc2a11f58ff84c748cd8a90968846c022685dcbd0d5eb8e8c7f16ed15ad74d,1,1,295,215,False,False
r3-pilot,62fc2a11f58ff84c748cd8a90968846c022685dcbd0d5eb8e8c7f16ed15ad74d,1,1,296,215,False,False
r3-pilot,62fc2a11f58ff84c748cd8a90968846c022685dcbd0d5eb8e8c7f16ed15ad74d,1,1,297,215,False,False
r3-pilot,62fc2a11f58ff84c748cd8a90968846c022685dcbd0d5eb8e8c7f16ed15ad74d,1,1,298,215,False,False
r3-pilot,62fc2a11f58ff84c748cd8a90968846c022685dcbd0d5eb8e8c7f16ed15ad74d,1,1,299,215,False,False
r3-pilot,62fc2a11f58ff84c748cd8a90968846c022685dcbd0d5eb8e8c7f16ed15ad74d,1,1,300,215,False,False
r3-pilot,62fc2a11f58ff84c748cd8a90968846c022685dcbd0d5eb8e8c7f16ed15ad74d,1,1,301,215,False,False
r3-pilot,62fc2a11f58ff84c748cd8a90968846c022685dcbd0d5eb8e8c7f16ed15ad74d,1,1,302,215,False,False
r3-pilot,62fc2a11f58ff84c748cd8a90968846c022685dcbd0d5eb8e8c7f16ed15ad74d,1,1,303,215,False,False
r3-pilot,62fc2a11f58ff84c748cd8a90968846c022685dcbd0d5eb8e8c7f16ed15ad74d,1,1,304,215,False,False
r3-pilot,62fc2a11f58ff84c748cd8a90968846c022685dcbd0d5eb8e8c7f16ed15ad74d,1,1,305,215,False,False
r3-pilot,62fc2a11f58ff84c748cd8a90968846c022685dcbd0d5eb8e8c7f16ed15ad74d,1,1,306,215,False,False
r3-pilot,62fc2a11f58ff84c748cd8a90968846c022685dcbd0d5eb8e8c7f16ed15ad74d,1,1,307,215,False,False
r3-pilot,62fc2a11f58ff84c748cd8a90968846c022685dcbd0d5eb8e8c7f16ed15ad74d,1,1,308,215,False,False
r3-pilot,62fc2a11f58ff84c748cd8a90968846c022685dcbd0d5eb8e8c7f16ed15ad74d,1,1,309,215,False,False
r3-pilot,62fc2a11f58ff84c748cd8a90968846c022685dcbd0d5eb8e8c7f16ed15ad74d,1,1,310,215,False,False
r3-pilot,62fc2a11f58ff84c748cd8a90968846c022685dcbd0d5eb8e8c7f16ed15ad74d,1,1,311,215,False,False
r3-pilot,62fc2a11f58ff84c748cd8a90968846c022685dcbd0d5eb8e8c7f16ed15ad74d,1,1,312,215,False,False
r3-pilot,62fc2a11f58ff84c748cd8a90968846c022685dcbd0d5eb8e8c7f16ed15ad74d,1,1,313,215,False,False
r3-pilot,62fc2a11f58ff84c748cd8a90968846c022685dcbd0d5eb8e8c7f16ed15ad74d,1,1,314,215,False,False
r3-pilot,62fc2a11f58ff84c748cd8a90968846c022685dcbd0d5eb8e8c7f16ed15ad74d,1,1,315,215,False,False
r3-pilot,62fc2a11f58ff84c748cd8a90968846c022685dcbd0d5eb8e8c7f16ed15ad74d,1,1,316,215,False,False
r3-pilot,62fc2a11f58ff84c748cd8a90968846c022685dcbd0d5eb8e8c7f16ed15ad74d,1,1,317,215,False,False
r3-pilot,62fc2a11f58ff84c748cd8a90968846c022685dcbd0d5eb8e8c7f16ed15ad74d,1,1,318,215,False,False
r3-pilot,62fc2a11f58ff84c748cd8a90968846c022685dcbd0d5eb8e8c7f16ed15ad74d,1,1,319,215,False,False
r3-pilot,62fc2a11f58ff84c748cd8a90968846c022685dcbd0d5eb8e8c7f16ed15ad74d,1,1,320,215,False,False
r3-pilot,62fc2a11f58ff84c748cd8a90968846c022685dcbd0d5eb8e8c7f16ed15ad74d,1,1,321,215,False,False
r3-pilot,62fc2a11f58ff84c748cd8a90968846c022685dcbd0d5eb8e8c7f16ed15ad74d,1,1,322,215,False,False
r3-pilot,62fc2a11f58ff84c748cd8a90968846c022685dcbd0d5eb8e8c7f16ed15ad74d,1,1,323,215,False,False
r3-pilot,62fc2a11f58ff84c748cd8a90968846c022685dcbd0d5eb8e8c7f16ed15ad74d,1,1,324,215,False,False
r3-pilot,62fc2a11f58ff84c748cd8a90968846c022685dcbd0d5eb8e8c7f16ed15ad74d,1,1,325,215,False,False
r3-pilot,62fc2a11f58ff84c748cd8a90968846c022685dcbd0d5eb8e8c7f16ed15ad74d,1,1,326,215,False,False
r3-pilot,62fc2a11f58ff84c748cd8a90968846c022685dcbd0d5eb8e8c7f16ed15ad74d,1,1,327,215,False,False
r3-pilot,62fc2a11f58ff84c748cd8a90968846c022685dcbd0d5eb8e8c7f16ed15ad74d,1,1,328,215,False,False
r3-pilot,62fc2a11f58ff84c748cd8a90968846c022685dcbd0d5eb8e8c7f16ed15ad74d,1,1,329,215,False,False
r3-pilot,62fc2a11f58ff84c748cd8a90968846c022685dcbd0d5eb8e8c7f16ed15ad74d,1,1,330,215,False,False
r3-pilot,62fc2a11f58ff84c748cd8a90968846c022685dcbd0d5eb8e8c7f16ed15ad74d,1,1,331,215,False,False
r3-pilot,62fc2a11f58ff84c748cd8a90968846c022685dcbd0d5eb8e8c7f16ed15ad74d,1,1,332,215,False,False
r3-pilot,62fc2a11f58ff84c748cd8a90968846c022685dcbd0d5eb8e8c7f16ed15ad74d,1,1,333,215,False,False
r3-pilot,62fc2a11f58ff84c748cd8a90968846c022685dcbd0d5eb8e8c7f16ed15ad74d,1,1,334,215,False,False
r3-pilot,62fc2a11f58ff84c748cd8a90968846c022685dcbd0d5eb8e8c7f16ed15ad74d,1,1,335,215,False,False
r3-pilot,62fc2a11f58ff84c748cd8a90968846c022685dcbd0d5eb8e8c7f16ed15ad74d,1,1,336,215,False,False
r3-pilot,62fc2a11f58ff84c748cd8a90968846c022685dcbd0d5eb8e8c7f16ed15ad74d,1,1,337,215,False,False
r3-pilot,62fc2a11f58ff84c748cd8a90968846c022685dcbd0d5eb8e8c7f16ed15ad74d,1,1,338,215,False,False
r3-pilot,62fc2a11f58ff84c748cd8a90968846c022685dcbd0d5eb8e8c7f16ed15ad74d,1,1,339,215,False,False
r3-pilot,62fc2a11f58ff84c748cd8a90968846c022685dcbd0d5eb8e8c7f16ed15ad74d,1,1,340,215,False,False
r3-pilot,62fc2a11f58ff84c748cd8a90968846c022685dcbd0d5eb8e8c7f16ed15ad74d,1,1,341,215,False,False
r3-pilot,62fc2a11f58ff84c748cd8a90968846c022685dcbd0d5eb8e8c7f16ed15ad74d,1,1,342,215,False,False
r3-pilot,62fc2a11f58ff84c748cd8a90968846c022685dcbd0d5eb8e8c7f16ed15ad74d,1,1,343,215,False,False
r3-pilot,62fc2a11f58ff84c748cd8a90968846c022685dcbd0d5eb8e8c7f16ed15ad74d,1,1,344,215,False,False
r3-pilot,62fc2a11f58ff84c748cd8a90968846c022685dcbd0d5eb8e8c7f16ed15ad74d,1,1,345,215,False,False
r3-pilot,62fc2a11f58ff84c748cd8a90968846c022685dcbd0d5eb8e8c7f16ed15ad74d,1,1,346,215,False,False
r3-pilot,62fc2a11f58ff84c748cd8a90968846c022685dcbd0d5eb8e8c7f16ed15ad74d,1,1,347,215,False,False
r3-pilot,62fc2a11f58ff84c748cd8a90968846c022685dcbd0d5eb8e8c7f16ed15ad74d,1,1,348,215,False,False
r3-pilot,62fc2a11f58ff84c748cd8a90968846c022685dcbd0d5eb8e8c7f16ed15ad74d,1,1,349,215,False,False
r3-pilot,62fc2a11f58ff84c748cd8a90968846c022685dcbd0d5eb8e8c7f16ed15ad74d,1,1,350,215,False,False
r3-pilot,62fc2a11f58ff84c748cd8a90968846c022685dcbd0d5eb8e8c7f16ed15ad74d,1,1,351,215,False,False
r3-pilot,62fc2a11f58ff84c748cd8a90968846c022685dcbd0d5eb8e8c7f16ed15ad74d,1,1,352,215,False,False
r3-pilot,62fc2a11f58ff84c748cd8a90968846c022685dcbd0d5eb8e8c7f16ed15ad74d,1,1,353,215,False,False
r3-pilot,62fc2a11f58ff84c748cd8a90968846c022685dcbd0d5eb8e8c7f16ed15ad74d,1,1,288,216,False,False
r3-pilot,62fc2a11f58ff84c748cd8a90968846c022685dcbd0d5eb8e8c7f16ed15ad74d,1,1,289,216,False,False
r3-pilot,62fc2a11f58ff84c748cd8a90968846c022685dcbd0d5eb8e8c7f16ed15ad74d,1,1,290,216,False,False
r3-pilot,62fc2a11f58ff84c748cd8a90968846c022685dcbd0d5eb8e8c7f16ed15ad74d,1,1,291,216,False,False
r3-pilot,62fc2a11f58ff84c748cd8a90968846c022685dcbd0d5eb8e8c7f16ed15ad74d,1,1,292,216,False,False
r3-pilot,62fc2a11f58ff84c748cd8a90968846c022685dcbd0d5eb8e8c7f16ed15ad74d,1,1,293,216,False,False
r3-pilot,62fc2a11f58ff84c748cd8a90968846c022685dcbd0d5eb8e8c7f16ed15ad74d,1,1,294,216,False,False
r3-pilot,62fc2a11f58ff84c748cd8a90968846c022685dcbd0d5eb8e8c7f16ed15ad74d,1,1,295,216,False,False
r3-pilot,62fc2a11f58ff84c748cd8a90968846c022685dcbd0d5eb8e8c7f16ed15ad74d,1,1,296,216,False,False
r3-pilot,62fc2a11f58ff84c748cd8a90968846c022685dcbd0d5eb8e8c7f16ed15ad74d,1,1,297,216,False,False
r3-pilot,62fc2a11f58ff84c748cd8a90968846c022685dcbd0d5eb8e8c7f16ed15ad74d,1,1,298,216,False,False
r3-pilot,62fc2a11f58ff84c748cd8a90968846c022685dcbd0d5eb8e8c7f16ed15ad74d,1,1,299,216,False,False
r3-pilot,62fc2a11f58ff84c748cd8a90968846c022685dcbd0d5eb8e8c7f16ed15ad74d,1,1,300,216,False,False
r3-pilot,62fc2a11f58ff84c748cd8a90968846c022685dcbd0d5eb8e8c7f16ed15ad74d,1,1,301,216,False,False
r3-pilot,62fc2a11f58ff84c748cd8a90968846c022685dcbd0d5eb8e8c7f16ed15ad74d,1,1,302,216,False,False
r3-pilot,62fc2a11f58ff84c748cd8a90968846c022685dcbd0d5eb8e8c7f16ed15ad74d,1,1,303,216,False,False
r3-pilot,62fc2a11f58ff84c748cd8a90968846c022685dcbd0d5eb8e8c7f16ed15ad74d,1,1,304,216,False,False
r3-pilot,62fc2a11f58ff84c748cd8a90968846c022685dcbd0d5eb8e8c7f16ed15ad74d,1,1,305,216,False,False
r3-pilot,62fc2a11f58ff84c748cd8a90968846c022685dcbd0d5eb8e8c7f16ed15ad74d,1,1,306,216,False,False
r3-pilot,62fc2a11f58ff84c748cd8a90968846c022685dcbd0d5eb8e8c7f16ed15ad74d,1,1,307,216,False,False
r3-pilot,62fc2a11f58ff84c748cd8a90968846c022685dcbd0d5eb8e8c7f16ed15ad74d,1,1,308,216,False,False
r3-pilot,62fc2a11f58ff84c748cd8a90968846c022685dcbd0d5eb8e8c7f16ed15ad74d,1,1,309,216,False,False
r3-pilot,62fc2a11f58ff84c748cd8a90968846c022685dcbd0d5eb8e8c7f16ed15ad74d,1,1,310,216,False,False
r3-pilot,62fc2a11f58ff84c748cd8a90968846c022685dcbd0d5eb8e8c7f16ed15ad74d,1,1,311,216,False,False
r3-pilot,62fc2a11f58ff84c748cd8a90968846c022685dcbd0d5eb8e8c7f16ed15ad74d,1,1,312,216,False,False
r3-pilot,62fc2a11f58ff84c748cd8a90968846c022685dcbd0d5eb8e8c7f16ed15ad74d,1,1,313,216,False,False
r3-pilot,62fc2a11f58ff84c748cd8a90968846c022685dcbd0d5eb8e8c7f16ed15ad74d,1,1,314,216,False,False
r3-pilot,62fc2a11f58ff84c748cd8a90968846c022685dcbd0d5eb8e8c7f16ed15ad74d,1,1,315,216,False,False
r3-pilot,62fc2a11f58ff84c748cd8a90968846c022685dcbd0d5eb8e8c7f16ed15ad74d,1,1,316,216,False,False
r3-pilot,62fc2a11f58ff84c748cd8a90968846c022685dcbd0d5eb8e8c7f16ed15ad74d,1,1,317,216,False,False
r3-pilot,62fc2a11f58ff84c748cd8a90968846c022685dcbd0d5eb8e8c7f16ed15ad74d,1,1,318,216,False,False
r3-pilot,62fc2a11f58ff84c748cd8a90968846c022685dcbd0d5eb8e8c7f16ed15ad74d,1,1,319,216,False,False
r3-pilot,62fc2a11f58ff84c748cd8a90968846c022685dcbd0d5eb8e8c7f16ed15ad74d,1,1,320,216,False,False
r3-pilot,62fc2a11f58ff84c748cd8a90968846c022685dcbd0d5eb8e8c7f16ed15ad74d,1,1,321,216,False,False
r3-pilot,62fc2a11f58ff84c748cd8a90968846c022685dcbd0d5eb8e8c7f16ed15ad74d,1,1,322,216,False,False
r3-pilot,62fc2a11f58ff84c748cd8a90968846c022685dcbd0d5eb8e8c7f16ed15ad74d,1,1,323,216,False,False
r3-pilot,62fc2a11f58ff84c748cd8a90968846c022685dcbd0d5eb8e8c7f16ed15ad74d,1,1,324,216,False,False
r3-pilot,62fc2a11f58ff84c748cd8a90968846c022685dcbd0d5eb8e8c7f16ed15ad74d,1,1,325,216,False,False
r3-pilot,62fc2a11f58ff84c748cd8a90968846c022685dcbd0d5eb8e8c7f16ed15ad74d,1,1,326,216,False,False
r3-pilot,62fc2a11f58ff84c748cd8a90968846c022685dcbd0d5eb8e8c7f16ed15ad74d,1,1,327,216,False,False
r3-pilot,62fc2a11f58ff84c748cd8a90968846c022685dcbd0d5eb8e8c7f16ed15ad74d,1,1,328,216,False,False
r3-pilot,62fc2a11f58ff84c748cd8a90968846c022685dcbd0d5eb8e8c7f16ed15ad74d,1,1,329,216,False,False
r3-pilot,62fc2a11f58ff84c748cd8a90968846c022685dcbd0d5eb8e8c7f16ed15ad74d,1,1,330,216,False,False
r3-pilot,62fc2a11f58ff84c748cd8a90968846c022685dcbd0d5eb8e8c7f16ed15ad74d,1,1,331,216,False,False
r3-pilot,62fc2a11f58ff84c748cd8a90968846c022685dcbd0d5eb8e8c7f16ed15ad74d,1,1,332,216,False,False
r3-pilot,62fc2a11f58ff84c748cd8a90968846c022685dcbd0d5eb8e8c7f16ed15ad74d,1,1,333,216,False,False
r3-pilot,62fc2a11f58ff84c748cd8a90968846c022685dcbd0d5eb8e8c7f16ed15ad74d,1,1,334,216,False,False
r3-pilot,62fc2a11f58ff84c748cd8a90968846c022685dcbd0d5eb8e8c7f16ed15ad74d,1,1,335,216,False,False
r3-pilot,62fc2a11f58ff84c748cd8a90968846c022685dcbd0d5eb8e8c7f16ed15ad74d,1,1,336,216,False,False
r3-pilot,62fc2a11f58ff84c748cd8a90968846c022685dcbd0d5eb8e8c7f16ed15ad74d,1,1,337,216,False,False
r3-pilot,62fc2a11f58ff84c748cd8a90968846c022685dcbd0d5eb8e8c7f16ed15ad74d,1,1,338,216,False,False
r3-pilot,62fc2a11f58ff84c748cd8a90968846c022685dcbd0d5eb8e8c7f16ed15ad74d,1,1,339,216,False,False
r3-pilot,62fc2a11f58ff84c748cd8a90968846c022685dcbd0d5eb8e8c7f16ed15ad74d,1,1,341,216,False,False
r3-pilot,62fc2a11f58ff84c748cd8a90968846c022685dcbd0d5eb8e8c7f16ed15ad74d,1,1,288,217,False,False
r3-pilot,62fc2a11f58ff84c748cd8a90968846c022685dcbd0d5eb8e8c7f16ed15ad74d,1,1,289,217,False,False
r3-pilot,62fc2a11f58ff84c748cd8a90968846c022685dcbd0d5eb8e8c7f16ed15ad74d,1,1,290,217,False,False
r3-pilot,62fc2a11f58ff84c748cd8a90968846c022685dcbd0d5eb8e8c7f16ed15ad74d,1,1,291,217,False,False
r3-pilot,62fc2a11f58ff84c748cd8a90968846c022685dcbd0d5eb8e8c7f16ed15ad74d,1,1,292,217,False,False
r3-pilot,62fc2a11f58ff84c748cd8a90968846c022685dcbd0d5eb8e8c7f16ed15ad74d,1,1,293,217,False,False
r3-pilot,62fc2a11f58ff84c748cd8a90968846c022685dcbd0d5eb8e8c7f16ed15ad74d,1,1,294,217,False,False
r3-pilot,62fc2a11f58ff84c748cd8a90968846c022685dcbd0d5eb8e8c7f16ed15ad74d,1,1,295,217,False,False
r3-pilot,62fc2a11f58ff84c748cd8a90968846c022685dcbd0d5eb8e8c7f16ed15ad74d,1,1,296,217,False,False
r3-pilot,62fc2a11f58ff84c748cd8a90968846c022685dcbd0d5eb8e8c7f16ed15ad74d,1,1,297,217,False,False
r3-pilot,62fc2a11f58ff84c748cd8a90968846c022685dcbd0d5eb8e8c7f16ed15ad74d,1,1,298,217,False,False
r3-pilot,62fc2a11f58ff84c748cd8a90968846c022685dcbd0d5eb8e8c7f16ed15ad74d,1,1,299,217,False,False
r3-pilot,62fc2a11f58ff84c748cd8a90968846c022685dcbd0d5eb8e8c7f16ed15ad74d,1,1,300,217,False,False
r3-pilot,62fc2a11f58ff84c748cd8a90968846c022685dcbd0d5eb8e8c7f16ed15ad74d,1,1,301,217,False,False
r3-pilot,62fc2a11f58ff84c748cd8a90968846c022685dcbd0d5eb8e8c7f16ed15ad74d,1,1,302,217,False,False
r3-pilot,62fc2a11f58ff84c748cd8a90968846c022685dcbd0d5eb8e8c7f16ed15ad74d,1,1,303,217,False,False
r3-pilot,62fc2a11f58ff84c748cd8a90968846c022685dcbd0d5eb8e8c7f16ed15ad74d,1,1,304,217,False,False
r3-pilot,62fc2a11f58ff84c748cd8a90968846c022685dcbd0d5eb8e8c7f16ed15ad74d,1,1,305,217,False,False
r3-pilot,62fc2a11f58ff84c748cd8a90968846c022685dcbd0d5eb8e8c7f16ed15ad74d,1,1,308,217,False,False
r3-pilot,62fc2a11f58ff84c748cd8a90968846c022685dcbd0d5eb8e8c7f16ed15ad74d,1,1,309,217,False,False
r3-pilot,62fc2a11f58ff84c748cd8a90968846c022685dcbd0d5eb8e8c7f16ed15ad74d,1,1,310,217,False,False
r3-pilot,62fc2a11f58ff84c748cd8a90968846c022685dcbd0d5eb8e8c7f16ed15ad74d,1,1,311,217,False,False
r3-pilot,62fc2a11f58ff84c748cd8a90968846c022685dcbd0d5eb8e8c7f16ed15ad74d,1,1,312,217,False,False
r3-pilot,62fc2a11f58ff84c748cd8a90968846c022685dcbd0d5eb8e8c7f16ed15ad74d,1,1,313,217,False,False
r3-pilot,62fc2a11f58ff84c748cd8a90968846c022685dcbd0d5eb8e8c7f16ed15ad74d,1,1,314,217,False,False
r3-pilot,62fc2a11f58ff84c748cd8a90968846c022685dcbd0d5eb8e8c7f16ed15ad74d,1,1,315,217,False,False
r3-pilot,62fc2a11f58ff84c748cd8a90968846c022685dcbd0d5eb8e8c7f16ed15ad74d,1,1,316,217,False,False
r3-pilot,62fc2a11f58ff84c748cd8a90968846c022685dcbd0d5eb8e8c7f16ed15ad74d,1,1,317,217,False,False
r3-pilot,62fc2a11f58ff84c748cd8a90968846c022685dcbd0d5eb8e8c7f16ed15ad74d,1,1,318,217,False,False
r3-pilot,62fc2a11f58ff84c748cd8a90968846c022685dcbd0d5eb8e8c7f16ed15ad74d,1,1,319,217,False,False
r3-pilot,62fc2a11f58ff84c748cd8a90968846c022685dcbd0d5eb8e8c7f16ed15ad74d,1,1,320,217,False,False
r3-pilot,62fc2a11f58ff84c748cd8a90968846c022685dcbd0d5eb8e8c7f16ed15ad74d,1,1,321,217,False,False
r3-pilot,62fc2a11f58ff84c748cd8a90968846c022685dcbd0d5eb8e8c7f16ed15ad74d,1,1,322,217,False,False
r3-pilot,62fc2a11f58ff84c748cd8a90968846c022685dcbd0d5eb8e8c7f16ed15ad74d,1,1,323,217,False,False
r3-pilot,62fc2a11f58ff84c748cd8a90968846c022685dcbd0d5eb8e8c7f16ed15ad74d,1,1,324,217,False,False
r3-pilot,62fc2a11f58ff84c748cd8a90968846c022685dcbd0d5eb8e8c7f16ed15ad74d,1,1,325,217,False,False
r3-pilot,62fc2a11f58ff84c748cd8a90968846c022685dcbd0d5eb8e8c7f16ed15ad74d,1,1,326,217,False,False
r3-pilot,62fc2a11f58ff84c748cd8a90968846c022685dcbd0d5eb8e8c7f16ed15ad74d,1,1,327,217,False,False
r3-pilot,62fc2a11f58ff84c748cd8a90968846c022685dcbd0d5eb8e8c7f16ed15ad74d,1,1,328,217,False,False
r3-pilot,62fc2a11f58ff84c748cd8a90968846c022685dcbd0d5eb8e8c7f16ed15ad74d,1,1,329,217,False,False
r3-pilot,62fc2a11f58ff84c748cd8a90968846c022685dcbd0d5eb8e8c7f16ed15ad74d,1,1,330,217,False,False
r3-pilot,62fc2a11f58ff84c748cd8a90968846c022685dcbd0d5eb8e8c7f16ed15ad74d,1,1,331,217,False,False
r3-pilot,62fc2a11f58ff84c748cd8a90968846c022685dcbd0d5eb8e8c7f16ed15ad74d,1,1,288,218,False,True
r3-pilot,62fc2a11f58ff84c748cd8a90968846c022685dcbd0d5eb8e8c7f16ed15ad74d,1,1,289,218,False,True
r3-pilot,62fc2a11f58ff84c748cd8a90968846c022685dcbd0d5eb8e8c7f16ed15ad74d,1,1,290,218,False,True
r3-pilot,62fc2a11f58ff84c748cd8a90968846c022685dcbd0d5eb8e8c7f16ed15ad74d,1,1,291,218,False,True
r3-pilot,62fc2a11f58ff84c748cd8a90968846c022685dcbd0d5eb8e8c7f16ed15ad74d,1,1,292,218,False,True
r3-pilot,62fc2a11f58ff84c748cd8a90968846c022685dcbd0d5eb8e8c7f16ed15ad74d,1,1,293,218,False,True
r3-pilot,62fc2a11f58ff84c748cd8a90968846c022685dcbd0d5eb8e8c7f16ed15ad74d,1,1,294,218,False,True
r3-pilot,62fc2a11f58ff84c748cd8a90968846c022685dcbd0d5eb8e8c7f16ed15ad74d,1,1,295,218,False,True
r3-pilot,62fc2a11f58ff84c748cd8a90968846c022685dcbd0d5eb8e8c7f16ed15ad74d,1,1,297,218,False,True
r3-pilot,62fc2a11f58ff84c748cd8a90968846c022685dcbd0d5eb8e8c7f16ed15ad74d,2,1,350,172,False,True
r3-pilot,62fc2a11f58ff84c748cd8a90968846c022685dcbd0d5eb8e8c7f16ed15ad74d,2,1,351,172,False,True
r3-pilot,62fc2a11f58ff84c748cd8a90968846c022685dcbd0d5eb8e8c7f16ed15ad74d,2,1,352,172,False,True
r3-pilot,62fc2a11f58ff84c748cd8a90968846c022685dcbd0d5eb8e8c7f16ed15ad74d,2,1,353,172,False,True
r3-pilot,62fc2a11f58ff84c748cd8a90968846c022685dcbd0d5eb8e8c7f16ed15ad74d,2,1,354,172,False,True
r3-pilot,62fc2a11f58ff84c748cd8a90968846c022685dcbd0d5eb8e8c7f16ed15ad74d,2,1,358,172,False,True
r3-pilot,62fc2a11f58ff84c748cd8a90968846c022685dcbd0d5eb8e8c7f16ed15ad74d,2,1,359,172,False,True
r3-pilot,62fc2a11f58ff84c748cd8a90968846c022685dcbd0d5eb8e8c7f16ed15ad74d,2,1,360,172,False,True
r3-pilot,62fc2a11f58ff84c748cd8a90968846c022685dcbd0d5eb8e8c7f16ed15ad74d,2,1,361,172,False,True
r3-pilot,62fc2a11f58ff84c748cd8a90968846c022685dcbd0d5eb8e8c7f16ed15ad74d,2,1,362,172,False,True
r3-pilot,62fc2a11f58ff84c748cd8a90968846c022685dcbd0d5eb8e8c7f16ed15ad74d,2,1,363,172,False,True
r3-pilot,62fc2a11f58ff84c748cd8a90968846c022685dcbd0d5eb8e8c7f16ed15ad74d,2,1,364,172,False,True
r3-pilot,62fc2a11f58ff84c748cd8a90968846c022685dcbd0d5eb8e8c7f16ed15ad74d,2,1,365,172,False,True
r3-pilot,62fc2a11f58ff84c748cd8a90968846c022685dcbd0d5eb8e8c7f16ed15ad74d,2,1,366,172,False,True
r3-pilot,62fc2a11f58ff84c748cd8a90968846c022685dcbd0d5eb8e8c7f16ed15ad74d,2,1,367,172,False,True
r3-pilot,62fc2a11f58ff84c748cd8a90968846c022685dcbd0d5eb8e8c7f16ed15ad74d,2,1,334,173,False,False
r3-pilot,62fc2a11f58ff84c748cd8a90968846c022685dcbd0d5eb8e8c7f16ed15ad74d,2,1,335,173,False,False
r3-pilot,62fc2a11f58ff84c748cd8a90968846c022685dcbd0d5eb8e8c7f16ed15ad74d,2,1,336,173,False,False
r3-pilot,62fc2a11f58ff84c748cd8a90968846c022685dcbd0d5eb8e8c7f16ed15ad74d,2,1,337,173,False,False
r3-pilot,62fc2a11f58ff84c748cd8a90968846c022685dcbd0d5eb8e8c7f16ed15ad74d,2,1,338,173,False,False
r3-pilot,62fc2a11f58ff84c748cd8a90968846c022685dcbd0d5eb8e8c7f16ed15ad74d,2,1,339,173,False,False
r3-pilot,62fc2a11f58ff84c748cd8a90968846c022685dcbd0d5eb8e8c7f16ed15ad74d,2,1,340,173,False,False
r3-pilot,62fc2a11f58ff84c748cd8a90968846c022685dcbd0d5eb8e8c7f16ed15ad74d,2,1,341,173,False,False
r3-pilot,62fc2a11f58ff84c748cd8a90968846c022685dcbd0d5eb8e8c7f16ed15ad74d,2,1,342,173,False,False
r3-pilot,62fc2a11f58ff84c748cd8a90968846c022685dcbd0d5eb8e8c7f16ed15ad74d,2,1,343,173,False,False
r3-pilot,62fc2a11f58ff84c748cd8a90968846c022685dcbd0d5eb8e8c7f16ed15ad74d,2,1,344,173,False,False
r3-pilot,62fc2a11f58ff84c748cd8a90968846c022685dcbd0d5eb8e8c7f16ed15ad74d,2,1,345,173,False,False
r3-pilot,62fc2a11f58ff84c748cd8a90968846c022685dcbd0d5eb8e8c7f16ed15ad74d,2,1,346,173,False,False
r3-pilot,62fc2a11f58ff84c748cd8a90968846c022685dcbd0d5eb8e8c7f16ed15ad74d,2,1,347,173,False,False
r3-pilot,62fc2a11f58ff84c748cd8a90968846c022685dcbd0d5eb8e8c7f16ed15ad74d,2,1,348,173,False,False
r3-pilot,62fc2a11f58ff84c748cd8a90968846c022685dcbd0d5eb8e8c7f16ed15ad74d,2,1,349,173,False,False
r3-pilot,62fc2a11f58ff84c748cd8a90968846c022685dcbd0d5eb8e8c7f16ed15ad74d,2,1,350,173,False,False
r3-pilot,62fc2a11f58ff84c748cd8a90968846c022685dcbd0d5eb8e8c7f16ed15ad74d,2,1,351,173,False,False
r3-pilot,62fc2a11f58ff84c748cd8a90968846c022685dcbd0d5eb8e8c7f16ed15ad74d,2,1,352,173,False,False
r3-pilot,62fc2a11f58ff84c748cd8a90968846c022685dcbd0d5eb8e8c7f16ed15ad74d,2,1,353,173,False,False
r3-pilot,62fc2a11f58ff84c748cd8a90968846c022685dcbd0d5eb8e8c7f16ed15ad74d,2,1,354,173,False,False
r3-pilot,62fc2a11f58ff84c748cd8a90968846c022685dcbd0d5eb8e8c7f16ed15ad74d,2,1,355,173,False,False
r3-pilot,62fc2a11f58ff84c748cd8a90968846c022685dcbd0d5eb8e8c7f16ed15ad74d,2,1,356,173,False,False
r3-pilot,62fc2a11f58ff84c748cd8a90968846c022685dcbd0d5eb8e8c7f16ed15ad74d,2,1,357,173,False,False
r3-pilot,62fc2a11f58ff84c748cd8a90968846c022685dcbd0d5eb8e8c7f16ed15ad74d,2,1,358,173,False,False
r3-pilot,62fc2a11f58ff84c748cd8a90968846c022685dcbd0d5eb8e8c7f16ed15ad74d,2,1,359,173,False,False
r3-pilot,62fc2a11f58ff84c748cd8a90968846c022685dcbd0d5eb8e8c7f16ed15ad74d,2,1,360,173,False,False
r3-pilot,62fc2a11f58ff84c748cd8a90968846c022685dcbd0d5eb8e8c7f16ed15ad74d,2,1,361,173,False,False
r3-pilot,62fc2a11f58ff84c748cd8a90968846c022685dcbd0d5eb8e8c7f16ed15ad74d,2,1,362,173,False,False
r3-pilot,62fc2a11f58ff84c748cd8a90968846c022685dcbd0d5eb8e8c7f16ed15ad74d,2,1,363,173,False,False
r3-pilot,62fc2a11f58ff84c748cd8a90968846c022685dcbd0d5eb8e8c7f16ed15ad74d,2,1,364,173,False,False
r3-pilot,62fc2a11f58ff84c748cd8a90968846c022685dcbd0d5eb8e8c7f16ed15ad74d,2,1,365,173,False,False
r3-pilot,62fc2a11f58ff84c748cd8a90968846c022685dcbd0d5eb8e8c7f16ed15ad74d,2,1,366,173,False,False
r3-pilot,62fc2a11f58ff84c748cd8a90968846c022685dcbd0d5eb8e8c7f16ed15ad74d,2,1,367,173,False,False
r3-pilot,62fc2a11f58ff84c748cd8a90968846c022685dcbd0d5eb8e8c7f16ed15ad74d,2,1,314,174,False,False
r3-pilot,62fc2a11f58ff84c748cd8a90968846c022685dcbd0d5eb8e8c7f16ed15ad74d,2,1,315,174,False,False
r3-pilot,62fc2a11f58ff84c748cd8a90968846c022685dcbd0d5eb8e8c7f16ed15ad74d,2,1,316,174,False,False
r3-pilot,62fc2a11f58ff84c748cd8a90968846c022685dcbd0d5eb8e8c7f16ed15ad74d,2,1,317,174,False,False
r3-pilot,62fc2a11f58ff84c748cd8a90968846c022685dcbd0d5eb8e8c7f16ed15ad74d,2,1,318,174,False,False
r3-pilot,62fc2a11f58ff84c748cd8a90968846c022685dcbd0d5eb8e8c7f16ed15ad74d,2,1,319,174,False,False
r3-pilot,62fc2a11f58ff84c748cd8a90968846c022685dcbd0d5eb8e8c7f16ed15ad74d,2,1,320,174,False,False
r3-pilot,62fc2a11f58ff84c748cd8a90968846c022685dcbd0d5eb8e8c7f16ed15ad74d,2,1,321,174,False,False
r3-pilot,62fc2a11f58ff84c748cd8a90968846c022685dcbd0d5eb8e8c7f16ed15ad74d,2,1,322,174,False,False
r3-pilot,62fc2a11f58ff84c748cd8a90968846c022685dcbd0d5eb8e8c7f16ed15ad74d,2,1,323,174,False,False
r3-pilot,62fc2a11f58ff84c748cd8a90968846c022685dcbd0d5eb8e8c7f16ed15ad74d,2,1,324,174,False,False
r3-pilot,62fc2a11f58ff84c748cd8a90968846c022685dcbd0d5eb8e8c7f16ed15ad74d,2,1,325,174,False,False
r3-pilot,62fc2a11f58ff84c748cd8a90968846c022685dcbd0d5eb8e8c7f16ed15ad74d,2,1,326,174,False,False
r3-pilot,62fc2a11f58ff84c748cd8a90968846c022685dcbd0d5eb8e8c7f16ed15ad74d,2,1,327,174,False,False
r3-pilot,62fc2a11f58ff84c748cd8a90968846c022685dcbd0d5eb8e8c7f16ed15ad74d,2,1,328,174,False,False
r3-pilot,62fc2a11f58ff84c748cd8a90968846c022685dcbd0d5eb8e8c7f16ed15ad74d,2,1,329,174,False,False
r3-pilot,62fc2a11f58ff84c748cd8a90968846c022685dcbd0d5eb8e8c7f16ed15ad74d,2,1,330,174,False,False
r3-pilot,62fc2a11f58ff84c748cd8a90968846c022685dcbd0d5eb8e8c7f16ed15ad74d,2,1,331,174,False,False
r3-pilot,62fc2a11f58ff84c748cd8a90968846c022685dcbd0d5eb8e8c7f16ed15ad74d,2,1,332,174,False,False
r3-pilot,62fc2a11f58ff84c748cd8a90968846c022685dcbd0d5eb8e8c7f16ed15ad74d,2,1,333,174,False,False
r3-pilot,62fc2a11f58ff84c748cd8a90968846c022685dcbd0d5eb8e8c7f16ed15ad74d,2,1,334,174,False,False
r3-pilot,62fc2a11f58ff84c748cd8a90968846c022685dcbd0d5eb8e8c7f16ed15ad74d,2,1,335,174,False,False
r3-pilot,62fc2a11f58ff84c748cd8a90968846c022685dcbd0d5eb8e8c7f16ed15ad74d,2,1,336,174,False,False
r3-pilot,62fc2a11f58ff84c748cd8a90968846c022685dcbd0d5eb8e8c7f16ed15ad74d,2,1,337,174,False,False
r3-pilot,62fc2a11f58ff84c748cd8a90968846c022685dcbd0d5eb8e8c7f16ed15ad74d,2,1,338,174,False,False
r3-pilot,62fc2a11f58ff84c748cd8a90968846c022685dcbd0d5eb8e8c7f16ed15ad74d,2,1,339,174,False,False
r3-pilot,62fc2a11f58ff84c748cd8a90968846c022685dcbd0d5eb8e8c7f16ed15ad74d,2,1,340,174,False,False
r3-pilot,62fc2a11f58ff84c748cd8a90968846c022685dcbd0d5eb8e8c7f16ed15ad74d,2,1,341,174,False,False
r3-pilot,62fc2a11f58ff84c748cd8a90968846c022685dcbd0d5eb8e8c7f16ed15ad74d,2,1,342,174,False,False
r3-pilot,62fc2a11f58ff84c748cd8a90968846c022685dcbd0d5eb8e8c7f16ed15ad74d,2,1,343,174,False,False
r3-pilot,62fc2a11f58ff84c748cd8a90968846c022685dcbd0d5eb8e8c7f16ed15ad74d,2,1,344,174,False,False
r3-pilot,62fc2a11f58ff84c748cd8a90968846c022685dcbd0d5eb8e8c7f16ed15ad74d,2,1,345,174,False,False
r3-pilot,62fc2a11f58ff84c748cd8a90968846c022685dcbd0d5eb8e8c7f16ed15ad74d,2,1,346,174,False,False
r3-pilot,62fc2a11f58ff84c748cd8a90968846c022685dcbd0d5eb8e8c7f16ed15ad74d,2,1,347,174,False,False
r3-pilot,62fc2a11f58ff84c748cd8a90968846c022685dcbd0d5eb8e8c7f16ed15ad74d,2,1,348,174,False,False
r3-pilot,62fc2a11f58ff84c748cd8a90968846c022685dcbd0d5eb8e8c7f16ed15ad74d,2,1,349,174,False,False
r3-pilot,62fc2a11f58ff84c748cd8a90968846c022685dcbd0d5eb8e8c7f16ed15ad74d,2,1,350,174,False,False
r3-pilot,62fc2a11f58ff84c748cd8a90968846c022685dcbd0d5eb8e8c7f16ed15ad74d,2,1,351,174,False,False
r3-pilot,62fc2a11f58ff84c748cd8a90968846c022685dcbd0d5eb8e8c7f16ed15ad74d,2,1,352,174,False,False
r3-pilot,62fc2a11f58ff84c748cd8a90968846c022685dcbd0d5eb8e8c7f16ed15ad74d,2,1,353,174,False,False
r3-pilot,62fc2a11f58ff84c748cd8a90968846c022685dcbd0d5eb8e8c7f16ed15ad74d,2,1,354,174,False,False
r3-pilot,62fc2a11f58ff84c748cd8a90968846c022685dcbd0d5eb8e8c7f16ed15ad74d,2,1,355,174,False,False
r3-pilot,62fc2a11f58ff84c748cd8a90968846c022685dcbd0d5eb8e8c7f16ed15ad74d,2,1,356,174,False,False
r3-pilot,62fc2a11f58ff84c748cd8a90968846c022685dcbd0d5eb8e8c7f16ed15ad74d,2,1,357,174,False,False
r3-pilot,62fc2a11f58ff84c748cd8a90968846c022685dcbd0d5eb8e8c7f16ed15ad74d,2,1,358,174,False,False
r3-pilot,62fc2a11f58ff84c748cd8a90968846c022685dcbd0d5eb8e8c7f16ed15ad74d,2,1,359,174,False,False
r3-pilot,62fc2a11f58ff84c748cd8a90968846c022685dcbd0d5eb8e8c7f16ed15ad74d,2,1,360,174,False,False
r3-pilot,62fc2a11f58ff84c748cd8a90968846c022685dcbd0d5eb8e8c7f16ed15ad74d,2,1,361,174,False,False
r3-pilot,62fc2a11f58ff84c748cd8a90968846c022685dcbd0d5eb8e8c7f16ed15ad74d,2,1,362,174,False,False
r3-pilot,62fc2a11f58ff84c748cd8a90968846c022685dcbd0d5eb8e8c7f16ed15ad74d,2,1,363,174,False,False
r3-pilot,62fc2a11f58ff84c748cd8a90968846c022685dcbd0d5eb8e8c7f16ed15ad74d,2,1,364,174,False,False
r3-pilot,62fc2a11f58ff84c748cd8a90968846c022685dcbd0d5eb8e8c7f16ed15ad74d,2,1,365,174,False,False
r3-pilot,62fc2a11f58ff84c748cd8a90968846c022685dcbd0d5eb8e8c7f16ed15ad74d,2,1,366,174,False,False
r3-pilot,62fc2a11f58ff84c748cd8a90968846c022685dcbd0d5eb8e8c7f16ed15ad74d,2,1,367,174,False,False
r3-pilot,62fc2a11f58ff84c748cd8a90968846c022685dcbd0d5eb8e8c7f16ed15ad74d,2,1,368,174,False,False
r3-pilot,62fc2a11f58ff84c748cd8a90968846c022685dcbd0d5eb8e8c7f16ed15ad74d,2,1,295,175,False,False
r3-pilot,62fc2a11f58ff84c748cd8a90968846c022685dcbd0d5eb8e8c7f16ed15ad74d,2,1,296,175,False,False
r3-pilot,62fc2a11f58ff84c748cd8a90968846c022685dcbd0d5eb8e8c7f16ed15ad74d,2,1,297,175,False,False
r3-pilot,62fc2a11f58ff84c748cd8a90968846c022685dcbd0d5eb8e8c7f16ed15ad74d,2,1,298,175,False,False
r3-pilot,62fc2a11f58ff84c748cd8a90968846c022685dcbd0d5eb8e8c7f16ed15ad74d,2,1,299,175,False,False
r3-pilot,62fc2a11f58ff84c748cd8a90968846c022685dcbd0d5eb8e8c7f16ed15ad74d,2,1,300,175,False,False
r3-pilot,62fc2a11f58ff84c748cd8a90968846c022685dcbd0d5eb8e8c7f16ed15ad74d,2,1,301,175,False,False
r3-pilot,62fc2a11f58ff84c748cd8a90968846c022685dcbd0d5eb8e8c7f16ed15ad74d,2,1,302,175,False,False
r3-pilot,62fc2a11f58ff84c748cd8a90968846c022685dcbd0d5eb8e8c7f16ed15ad74d,2,1,303,175,False,False
r3-pilot,62fc2a11f58ff84c748cd8a90968846c022685dcbd0d5eb8e8c7f16ed15ad74d,2,1,304,175,False,False
r3-pilot,62fc2a11f58ff84c748cd8a90968846c022685dcbd0d5eb8e8c7f16ed15ad74d,2,1,305,175,False,False
r3-pilot,62fc2a11f58ff84c748cd8a90968846c022685dcbd0d5eb8e8c7f16ed15ad74d,2,1,306,175,False,False
r3-pilot,62fc2a11f58ff84c748cd8a90968846c022685dcbd0d5eb8e8c7f16ed15ad74d,2,1,307,175,False,False
r3-pilot,62fc2a11f58ff84c748cd8a90968846c022685dcbd0d5eb8e8c7f16ed15ad74d,2,1,308,175,False,False
r3-pilot,62fc2a11f58ff84c748cd8a90968846c022685dcbd0d5eb8e8c7f16ed15ad74d,2,1,309,175,False,False
r3-pilot,62fc2a11f58ff84c748cd8a90968846c022685dcbd0d5eb8e8c7f16ed15ad74d,2,1,310,175,False,False
r3-pilot,62fc2a11f58ff84c748cd8a90968846c022685dcbd0d5eb8e8c7f16ed15ad74d,2,1,311,175,False,False
r3-pilot,62fc2a11f58ff84c748cd8a90968846c022685dcbd0d5eb8e8c7f16ed15ad74d,2,1,312,175,False,False
r3-pilot,62fc2a11f58ff84c748cd8a90968846c022685dcbd0d5eb8e8c7f16ed15ad74d,2,1,313,175,False,False
r3-pilot,62fc2a11f58ff84c748cd8a90968846c022685dcbd0d5eb8e8c7f16ed15ad74d,2,1,314,175,False,False
r3-pilot,62fc2a11f58ff84c748cd8a90968846c022685dcbd0d5eb8e8c7f16ed15ad74d,2,1,315,175,False,False
r3-pilot,62fc2a11f58ff84c748cd8a90968846c022685dcbd0d5eb8e8c7f16ed15ad74d,2,1,316,175,False,False
r3-pilot,62fc2a11f58ff84c748cd8a90968846c022685dcbd0d5eb8e8c7f16ed15ad74d,2,1,317,175,False,False
r3-pilot,62fc2a11f58ff84c748cd8a90968846c022685dcbd0d5eb8e8c7f16ed15ad74d,2,1,318,175,False,False
r3-pilot,62fc2a11f58ff84c748cd8a90968846c022685dcbd0d5eb8e8c7f16ed15ad74d,2,1,319,175,False,False
r3-pilot,62fc2a11f58ff84c748cd8a90968846c022685dcbd0d5eb8e8c7f16ed15ad74d,2,1,320,175,False,False
r3-pilot,62fc2a11f58ff84c748cd8a90968846c022685dcbd0d5eb8e8c7f16ed15ad74d,2,1,321,175,False,False
r3-pilot,62fc2a11f58ff84c748cd8a90968846c022685dcbd0d5eb8e8c7f16ed15ad74d,2,1,322,175,False,False
r3-pilot,62fc2a11f58ff84c748cd8a90968846c022685dcbd0d5eb8e8c7f16ed15ad74d,2,1,323,175,False,False
r3-pilot,62fc2a11f58ff84c748cd8a90968846c022685dcbd0d5eb8e8c7f16ed15ad74d,2,1,324,175,False,False
r3-pilot,62fc2a11f58ff84c748cd8a90968846c022685dcbd0d5eb8e8c7f16ed15ad74d,2,1,325,175,False,False
r3-pilot,62fc2a11f58ff84c748cd8a90968846c022685dcbd0d5eb8e8c7f16ed15ad74d,2,1,326,175,False,False
r3-pilot,62fc2a11f58ff84c748cd8a90968846c022685dcbd0d5eb8e8c7f16ed15ad74d,2,1,327,175,False,False
r3-pilot,62fc2a11f58ff84c748cd8a90968846c022685dcbd0d5eb8e8c7f16ed15ad74d,2,1,328,175,False,False
r3-pilot,62fc2a11f58ff84c748cd8a90968846c022685dcbd0d5eb8e8c7f16ed15ad74d,2,1,329,175,False,False
r3-pilot,62fc2a11f58ff84c748cd8a90968846c022685dcbd0d5eb8e8c7f16ed15ad74d,2,1,330,175,False,False
r3-pilot,62fc2a11f58ff84c748cd8a90968846c022685dcbd0d5eb8e8c7f16ed15ad74d,2,1,331,175,False,False
r3-pilot,62fc2a11f58ff84c748cd8a90968846c022685dcbd0d5eb8e8c7f16ed15ad74d,2,1,332,175,False,False
r3-pilot,62fc2a11f58ff84c748cd8a90968846c022685dcbd0d5eb8e8c7f16ed15ad74d,2,1,333,175,False,False
r3-pilot,62fc2a11f58ff84c748cd8a90968846c022685dcbd0d5eb8e8c7f16ed15ad74d,2,1,334,175,False,False
r3-pilot,62fc2a11f58ff84c748cd8a90968846c022685dcbd0d5eb8e8c7f16ed15ad74d,2,1,335,175,False,False
r3-pilot,62fc2a11f58ff84c748cd8a90968846c022685dcbd0d5eb8e8c7f16ed15ad74d,2,1,336,175,False,False
r3-pilot,62fc2a11f58ff84c748cd8a90968846c022685dcbd0d5eb8e8c7f16ed15ad74d,2,1,337,175,False,False
r3-pilot,62fc2a11f58ff84c748cd8a90968846c022685dcbd0d5eb8e8c7f16ed15ad74d,2,1,338,175,False,False
r3-pilot,62fc2a11f58ff84c748cd8a90968846c022685dcbd0d5eb8e8c7f16ed15ad74d,2,1,339,175,False,False
r3-pilot,62fc2a11f58ff84c748cd8a90968846c022685dcbd0d5eb8e8c7f16ed15ad74d,2,1,340,175,False,False
r3-pilot,62fc2a11f58ff84c748cd8a90968846c022685dcbd0d5eb8e8c7f16ed15ad74d,2,1,341,175,False,False
r3-pilot,62fc2a11f58ff84c748cd8a90968846c022685dcbd0d5eb8e8c7f16ed15ad74d,2,1,342,175,False,False
r3-pilot,62fc2a11f58ff84c748cd8a90968846c022685dcbd0d5eb8e8c7f16ed15ad74d,2,1,343,175,False,False
r3-pilot,62fc2a11f58ff84c748cd8a90968846c022685dcbd0d5eb8e8c7f16ed15ad74d,2,1,344,175,False,False
r3-pilot,62fc2a11f58ff84c748cd8a90968846c022685dcbd0d5eb8e8c7f16ed15ad74d,2,1,345,175,False,False
r3-pilot,62fc2a11f58ff84c748cd8a90968846c022685dcbd0d5eb8e8c7f16ed15ad74d,2,1,346,175,False,False
r3-pilot,62fc2a11f58ff84c748cd8a90968846c022685dcbd0d5eb8e8c7f16ed15ad74d,2,1,347,175,False,False
r3-pilot,62fc2a11f58ff84c748cd8a90968846c022685dcbd0d5eb8e8c7f16ed15ad74d,2,1,348,175,False,False
r3-pilot,62fc2a11f58ff84c748cd8a90968846c022685dcbd0d5eb8e8c7f16ed15ad74d,2,1,349,175,False,False
r3-pilot,62fc2a11f58ff84c748cd8a90968846c022685dcbd0d5eb8e8c7f16ed15ad74d,2,1,350,175,False,False
r3-pilot,62fc2a11f58ff84c748cd8a90968846c022685dcbd0d5eb8e8c7f16ed15ad74d,2,1,351,175,False,False
r3-pilot,62fc2a11f58ff84c748cd8a90968846c022685dcbd0d5eb8e8c7f16ed15ad74d,2,1,352,175,False,False
r3-pilot,62fc2a11f58ff84c748cd8a90968846c022685dcbd0d5eb8e8c7f16ed15ad74d,2,1,353,175,False,False
r3-pilot,62fc2a11f58ff84c748cd8a90968846c022685dcbd0d5eb8e8c7f16ed15ad74d,2,1,354,175,False,False
r3-pilot,62fc2a11f58ff84c748cd8a90968846c022685dcbd0d5eb8e8c7f16ed15ad74d,2,1,355,175,False,False
r3-pilot,62fc2a11f58ff84c748cd8a90968846c022685dcbd0d5eb8e8c7f16ed15ad74d,2,1,356,175,False,False
r3-pilot,62fc2a11f58ff84c748cd8a90968846c022685dcbd0d5eb8e8c7f16ed15ad74d,2,1,357,175,False,False
r3-pilot,62fc2a11f58ff84c748cd8a90968846c022685dcbd0d5eb8e8c7f16ed15ad74d,2,1,358,175,False,False
r3-pilot,62fc2a11f58ff84c748cd8a90968846c022685dcbd0d5eb8e8c7f16ed15ad74d,2,1,359,175,False,False
r3-pilot,62fc2a11f58ff84c748cd8a90968846c022685dcbd0d5eb8e8c7f16ed15ad74d,2,1,360,175,False,False
r3-pilot,62fc2a11f58ff84c748cd8a90968846c022685dcbd0d5eb8e8c7f16ed15ad74d,2,1,361,175,False,False
r3-pilot,62fc2a11f58ff84c748cd8a90968846c022685dcbd0d5eb8e8c7f16ed15ad74d,2,1,362,175,False,False
r3-pilot,62fc2a11f58ff84c748cd8a90968846c022685dcbd0d5eb8e8c7f16ed15ad74d,2,1,363,175,False,False
r3-pilot,62fc2a11f58ff84c748cd8a90968846c022685dcbd0d5eb8e8c7f16ed15ad74d,2,1,364,175,False,False
r3-pilot,62fc2a11f58ff84c748cd8a90968846c022685dcbd0d5eb8e8c7f16ed15ad74d,2,1,365,175,False,False
r3-pilot,62fc2a11f58ff84c748cd8a90968846c022685dcbd0d5eb8e8c7f16ed15ad74d,2,1,366,175,False,False
r3-pilot,62fc2a11f58ff84c748cd8a90968846c022685dcbd0d5eb8e8c7f16ed15ad74d,2,1,367,175,False,False
r3-pilot,62fc2a11f58ff84c748cd8a90968846c022685dcbd0d5eb8e8c7f16ed15ad74d,2,1,368,175,False,False
r3-pilot,62fc2a11f58ff84c748cd8a90968846c022685dcbd0d5eb8e8c7f16ed15ad74d,2,1,369,175,False,False
r3-pilot,62fc2a11f58ff84c748cd8a90968846c022685dcbd0d5eb8e8c7f16ed15ad74d,2,1,287,176,False,False
r3-pilot,62fc2a11f58ff84c748cd8a90968846c022685dcbd0d5eb8e8c7f16ed15ad74d,2,1,288,176,False,False
r3-pilot,62fc2a11f58ff84c748cd8a90968846c022685dcbd0d5eb8e8c7f16ed15ad74d,2,1,289,176,False,False
r3-pilot,62fc2a11f58ff84c748cd8a90968846c022685dcbd0d5eb8e8c7f16ed15ad74d,2,1,290,176,False,False
r3-pilot,62fc2a11f58ff84c748cd8a90968846c022685dcbd0d5eb8e8c7f16ed15ad74d,2,1,291,176,False,False
r3-pilot,62fc2a11f58ff84c748cd8a90968846c022685dcbd0d5eb8e8c7f16ed15ad74d,2,1,292,176,False,False
r3-pilot,62fc2a11f58ff84c748cd8a90968846c022685dcbd0d5eb8e8c7f16ed15ad74d,2,1,293,176,False,False
r3-pilot,62fc2a11f58ff84c748cd8a90968846c022685dcbd0d5eb8e8c7f16ed15ad74d,2,1,294,176,False,False
r3-pilot,62fc2a11f58ff84c748cd8a90968846c022685dcbd0d5eb8e8c7f16ed15ad74d,2,1,295,176,False,False
r3-pilot,62fc2a11f58ff84c748cd8a90968846c022685dcbd0d5eb8e8c7f16ed15ad74d,2,1,296,176,False,False
r3-pilot,62fc2a11f58ff84c748cd8a90968846c022685dcbd0d5eb8e8c7f16ed15ad74d,2,1,297,176,False,False
r3-pilot,62fc2a11f58ff84c748cd8a90968846c022685dcbd0d5eb8e8c7f16ed15ad74d,2,1,298,176,False,False
r3-pilot,62fc2a11f58ff84c748cd8a90968846c022685dcbd0d5eb8e8c7f16ed15ad74d,2,1,299,176,False,False
r3-pilot,62fc2a11f58ff84c748cd8a90968846c022685dcbd0d5eb8e8c7f16ed15ad74d,2,1,300,176,False,False
r3-pilot,62fc2a11f58ff84c748cd8a90968846c022685dcbd0d5eb8e8c7f16ed15ad74d,2,1,301,176,False,False
r3-pilot,62fc2a11f58ff84c748cd8a90968846c022685dcbd0d5eb8e8c7f16ed15ad74d,2,1,302,176,False,False
r3-pilot,62fc2a11f58ff84c748cd8a90968846c022685dcbd0d5eb8e8c7f16ed15ad74d,2,1,303,176,False,False
r3-pilot,62fc2a11f58ff84c748cd8a90968846c022685dcbd0d5eb8e8c7f16ed15ad74d,2,1,304,176,False,False
r3-pilot,62fc2a11f58ff84c748cd8a90968846c022685dcbd0d5eb8e8c7f16ed15ad74d,2,1,305,176,False,False
r3-pilot,62fc2a11f58ff84c748cd8a90968846c022685dcbd0d5eb8e8c7f16ed15ad74d,2,1,306,176,False,False
r3-pilot,62fc2a11f58ff84c748cd8a90968846c022685dcbd0d5eb8e8c7f16ed15ad74d,2,1,307,176,False,False
r3-pilot,62fc2a11f58ff84c748cd8a90968846c022685dcbd0d5eb8e8c7f16ed15ad74d,2,1,308,176,False,False
r3-pilot,62fc2a11f58ff84c748cd8a90968846c022685dcbd0d5eb8e8c7f16ed15ad74d,2,1,309,176,False,False
r3-pilot,62fc2a11f58ff84c748cd8a90968846c022685dcbd0d5eb8e8c7f16ed15ad74d,2,1,310,176,False,False
r3-pilot,62fc2a11f58ff84c748cd8a90968846c022685dcbd0d5eb8e8c7f16ed15ad74d,2,1,311,176,False,False
r3-pilot,62fc2a11f58ff84c748cd8a90968846c022685dcbd0d5eb8e8c7f16ed15ad74d,2,1,312,176,False,False
r3-pilot,62fc2a11f58ff84c748cd8a90968846c022685dcbd0d5eb8e8c7f16ed15ad74d,2,1,313,176,False,False
r3-pilot,62fc2a11f58ff84c748cd8a90968846c022685dcbd0d5eb8e8c7f16ed15ad74d,2,1,314,176,False,False
r3-pilot,62fc2a11f58ff84c748cd8a90968846c022685dcbd0d5eb8e8c7f16ed15ad74d,2,1,315,176,False,False
r3-pilot,62fc2a11f58ff84c748cd8a90968846c022685dcbd0d5eb8e8c7f16ed15ad74d,2,1,316,176,False,False
r3-pilot,62fc2a11f58ff84c748cd8a90968846c022685dcbd0d5eb8e8c7f16ed15ad74d,2,1,317,176,False,False
r3-pilot,62fc2a11f58ff84c748cd8a90968846c022685dcbd0d5eb8e8c7f16ed15ad74d,2,1,318,176,False,False
r3-pilot,62fc2a11f58ff84c748cd8a90968846c022685dcbd0d5eb8e8c7f16ed15ad74d,2,1,319,176,False,False
r3-pilot,62fc2a11f58ff84c748cd8a90968846c022685dcbd0d5eb8e8c7f16ed15ad74d,2,1,320,176,False,False
r3-pilot,62fc2a11f58ff84c748cd8a90968846c022685dcbd0d5eb8e8c7f16ed15ad74d,2,1,321,176,False,False
r3-pilot,62fc2a11f58ff84c748cd8a90968846c022685dcbd0d5eb8e8c7f16ed15ad74d,2,1,322,176,False,False
r3-pilot,62fc2a11f58ff84c748cd8a90968846c022685dcbd0d5eb8e8c7f16ed15ad74d,2,1,323,176,False,False
r3-pilot,62fc2a11f58ff84c748cd8a90968846c022685dcbd0d5eb8e8c7f16ed15ad74d,2,1,324,176,False,False
r3-pilot,62fc2a11f58ff84c748cd8a90968846c022685dcbd0d5eb8e8c7f16ed15ad74d,2,1,325,176,False,False
r3-pilot,62fc2a11f58ff84c748cd8a90968846c022685dcbd0d5eb8e8c7f16ed15ad74d,2,1,326,176,False,False
r3-pilot,62fc2a11f58ff84c748cd8a90968846c022685dcbd0d5eb8e8c7f16ed15ad74d,2,1,327,176,False,False
r3-pilot,62fc2a11f58ff84c748cd8a90968846c022685dcbd0d5eb8e8c7f16ed15ad74d,2,1,328,176,False,False
r3-pilot,62fc2a11f58ff84c748cd8a90968846c022685dcbd0d5eb8e8c7f16ed15ad74d,2,1,329,176,False,False
r3-pilot,62fc2a11f58ff84c748cd8a90968846c022685dcbd0d5eb8e8c7f16ed15ad74d,2,1,330,176,False,False
r3-pilot,62fc2a11f58ff84c748cd8a90968846c022685dcbd0d5eb8e8c7f16ed15ad74d,2,1,331,176,False,False
r3-pilot,62fc2a11f58ff84c748cd8a90968846c022685dcbd0d5eb8e8c7f16ed15ad74d,2,1,332,176,False,False
r3-pilot,62fc2a11f58ff84c748cd8a90968846c022685dcbd0d5eb8e8c7f16ed15ad74d,2,1,333,176,False,False
r3-pilot,62fc2a11f58ff84c748cd8a90968846c022685dcbd0d5eb8e8c7f16ed15ad74d,2,1,334,176,False,False
r3-pilot,62fc2a11f58ff84c748cd8a90968846c022685dcbd0d5eb8e8c7f16ed15ad74d,2,1,335,176,False,False
r3-pilot,62fc2a11f58ff84c748cd8a90968846c022685dcbd0d5eb8e8c7f16ed15ad74d,2,1,336,176,False,False
r3-pilot,62fc2a11f58ff84c748cd8a90968846c022685dcbd0d5eb8e8c7f16ed15ad74d,2,1,337,176,False,False
r3-pilot,62fc2a11f58ff84c748cd8a90968846c022685dcbd0d5eb8e8c7f16ed15ad74d,2,1,338,176,False,False
r3-pilot,62fc2a11f58ff84c748cd8a90968846c022685dcbd0d5eb8e8c7f16ed15ad74d,2,1,339,176,False,False
r3-pilot,62fc2a11f58ff84c748cd8a90968846c022685dcbd0d5eb8e8c7f16ed15ad74d,2,1,340,176,False,False
r3-pilot,62fc2a11f58ff84c748cd8a90968846c022685dcbd0d5eb8e8c7f16ed15ad74d,2,1,341,176,False,False
r3-pilot,62fc2a11f58ff84c748cd8a90968846c022685dcbd0d5eb8e8c7f16ed15ad74d,2,1,342,176,False,False
r3-pilot,62fc2a11f58ff84c748cd8a90968846c022685dcbd0d5eb8e8c7f16ed15ad74d,2,1,343,176,False,False
r3-pilot,62fc2a11f58ff84c748cd8a90968846c022685dcbd0d5eb8e8c7f16ed15ad74d,2,1,344,176,False,False
r3-pilot,62fc2a11f58ff84c748cd8a90968846c022685dcbd0d5eb8e8c7f16ed15ad74d,2,1,345,176,False,False
r3-pilot,62fc2a11f58ff84c748cd8a90968846c022685dcbd0d5eb8e8c7f16ed15ad74d,2,1,346,176,False,False
r3-pilot,62fc2a11f58ff84c748cd8a90968846c022685dcbd0d5eb8e8c7f16ed15ad74d,2,1,347,176,False,False
r3-pilot,62fc2a11f58ff84c748cd8a90968846c022685dcbd0d5eb8e8c7f16ed15ad74d,2,1,348,176,False,False
r3-pilot,62fc2a11f58ff84c748cd8a90968846c022685dcbd0d5eb8e8c7f16ed15ad74d,2,1,349,176,False,False
r3-pilot,62fc2a11f58ff84c748cd8a90968846c022685dcbd0d5eb8e8c7f16ed15ad74d,2,1,350,176,False,False
r3-pilot,62fc2a11f58ff84c748cd8a90968846c022685dcbd0d5eb8e8c7f16ed15ad74d,2,1,351,176,False,False
r3-pilot,62fc2a11f58ff84c748cd8a90968846c022685dcbd0d5eb8e8c7f16ed15ad74d,2,1,352,176,False,False
r3-pilot,62fc2a11f58ff84c748cd8a90968846c022685dcbd0d5eb8e8c7f16ed15ad74d,2,1,353,176,False,False
r3-pilot,62fc2a11f58ff84c748cd8a90968846c022685dcbd0d5eb8e8c7f16ed15ad74d,2,1,354,176,False,False
r3-pilot,62fc2a11f58ff84c748cd8a90968846c022685dcbd0d5eb8e8c7f16ed15ad74d,2,1,355,176,False,False
r3-pilot,62fc2a11f58ff84c748cd8a90968846c022685dcbd0d5eb8e8c7f16ed15ad74d,2,1,356,176,False,False
r3-pilot,62fc2a11f58ff84c748cd8a90968846c022685dcbd0d5eb8e8c7f16ed15ad74d,2,1,357,176,False,False
r3-pilot,62fc2a11f58ff84c748cd8a90968846c022685dcbd0d5eb8e8c7f16ed15ad74d,2,1,358,176,False,False
r3-pilot,62fc2a11f58ff84c748cd8a90968846c022685dcbd0d5eb8e8c7f16ed15ad74d,2,1,359,176,False,False
r3-pilot,62fc2a11f58ff84c748cd8a90968846c022685dcbd0d5eb8e8c7f16ed15ad74d,2,1,360,176,False,False
r3-pilot,62fc2a11f58ff84c748cd8a90968846c022685dcbd0d5eb8e8c7f16ed15ad74d,2,1,361,176,False,False
r3-pilot,62fc2a11f58ff84c748cd8a90968846c022685dcbd0d5eb8e8c7f16ed15ad74d,2,1,362,176,False,False
r3-pilot,62fc2a11f58ff84c748cd8a90968846c022685dcbd0d5eb8e8c7f16ed15ad74d,2,1,363,176,False,False
r3-pilot,62fc2a11f58ff84c748cd8a90968846c022685dcbd0d5eb8e8c7f16ed15ad74d,2,1,364,176,False,False
r3-pilot,62fc2a11f58ff84c748cd8a90968846c022685dcbd0d5eb8e8c7f16ed15ad74d,2,1,365,176,False,False
r3-pilot,62fc2a11f58ff84c748cd8a90968846c022685dcbd0d5eb8e8c7f16ed15ad74d,2,1,366,176,False,False
r3-pilot,62fc2a11f58ff84c748cd8a90968846c022685dcbd0d5eb8e8c7f16ed15ad74d,2,1,367,176,False,False
r3-pilot,62fc2a11f58ff84c748cd8a90968846c022685dcbd0d5eb8e8c7f16ed15ad74d,2,1,368,176,False,False
r3-pilot,62fc2a11f58ff84c748cd8a90968846c022685dcbd0d5eb8e8c7f16ed15ad74d,2,1,369,176,False,False
r3-pilot,62fc2a11f58ff84c748cd8a90968846c022685dcbd0d5eb8e8c7f16ed15ad74d,2,1,286,177,False,True
r3-pilot,62fc2a11f58ff84c748cd8a90968846c022685dcbd0d5eb8e8c7f16ed15ad74d,2,1,287,177,False,False
r3-pilot,62fc2a11f58ff84c748cd8a90968846c022685dcbd0d5eb8e8c7f16ed15ad74d,2,1,288,177,False,False
r3-pilot,62fc2a11f58ff84c748cd8a90968846c022685dcbd0d5eb8e8c7f16ed15ad74d,2,1,289,177,False,False
r3-pilot,62fc2a11f58ff84c748cd8a90968846c022685dcbd0d5eb8e8c7f16ed15ad74d,2,1,290,177,False,False
r3-pilot,62fc2a11f58ff84c748cd8a90968846c022685dcbd0d5eb8e8c7f16ed15ad74d,2,1,291,177,False,False
r3-pilot,62fc2a11f58ff84c748cd8a90968846c022685dcbd0d5eb8e8c7f16ed15ad74d,2,1,292,177,False,False
r3-pilot,62fc2a11f58ff84c748cd8a90968846c022685dcbd0d5eb8e8c7f16ed15ad74d,2,1,293,177,False,False
r3-pilot,62fc2a11f58ff84c748cd8a90968846c022685dcbd0d5eb8e8c7f16ed15ad74d,2,1,294,177,False,False
r3-pilot,62fc2a11f58ff84c748cd8a90968846c022685dcbd0d5eb8e8c7f16ed15ad74d,2,1,295,177,False,False
r3-pilot,62fc2a11f58ff84c748cd8a90968846c022685dcbd0d5eb8e8c7f16ed15ad74d,2,1,296,177,False,False
r3-pilot,62fc2a11f58ff84c748cd8a90968846c022685dcbd0d5eb8e8c7f16ed15ad74d,2,1,297,177,False,False
r3-pilot,62fc2a11f58ff84c748cd8a90968846c022685dcbd0d5eb8e8c7f16ed15ad74d,2,1,298,177,False,False
r3-pilot,62fc2a11f58ff84c748cd8a90968846c022685dcbd0d5eb8e8c7f16ed15ad74d,2,1,299,177,False,False
r3-pilot,62fc2a11f58ff84c748cd8a90968846c022685dcbd0d5eb8e8c7f16ed15ad74d,2,1,300,177,False,False
r3-pilot,62fc2a11f58ff84c748cd8a90968846c022685dcbd0d5eb8e8c7f16ed15ad74d,2,1,301,177,False,False
r3-pilot,62fc2a11f58ff84c748cd8a90968846c022685dcbd0d5eb8e8c7f16ed15ad74d,2,1,302,177,False,False
r3-pilot,62fc2a11f58ff84c748cd8a90968846c022685dcbd0d5eb8e8c7f16ed15ad74d,2,1,303,177,False,False
r3-pilot,62fc2a11f58ff84c748cd8a90968846c022685dcbd0d5eb8e8c7f16ed15ad74d,2,1,304,177,False,False
r3-pilot,62fc2a11f58ff84c748cd8a90968846c022685dcbd0d5eb8e8c7f16ed15ad74d,2,1,305,177,False,False
r3-pilot,62fc2a11f58ff84c748cd8a90968846c022685dcbd0d5eb8e8c7f16ed15ad74d,2,1,306,177,False,False
r3-pilot,62fc2a11f58ff84c748cd8a90968846c022685dcbd0d5eb8e8c7f16ed15ad74d,2,1,307,177,False,False
r3-pilot,62fc2a11f58ff84c748cd8a90968846c022685dcbd0d5eb8e8c7f16ed15ad74d,2,1,308,177,False,False
r3-pilot,62fc2a11f58ff84c748cd8a90968846c022685dcbd0d5eb8e8c7f16ed15ad74d,2,1,309,177,False,False
r3-pilot,62fc2a11f58ff84c748cd8a90968846c022685dcbd0d5eb8e8c7f16ed15ad74d,2,1,310,177,False,False
r3-pilot,62fc2a11f58ff84c748cd8a90968846c022685dcbd0d5eb8e8c7f16ed15ad74d,2,1,311,177,False,False
r3-pilot,62fc2a11f58ff84c748cd8a90968846c022685dcbd0d5eb8e8c7f16ed15ad74d,2,1,312,177,False,False
r3-pilot,62fc2a11f58ff84c748cd8a90968846c022685dcbd0d5eb8e8c7f16ed15ad74d,2,1,313,177,False,False
r3-pilot,62fc2a11f58ff84c748cd8a90968846c022685dcbd0d5eb8e8c7f16ed15ad74d,2,1,314,177,False,False
r3-pilot,62fc2a11f58ff84c748cd8a90968846c022685dcbd0d5eb8e8c7f16ed15ad74d,2,1,315,177,False,False
r3-pilot,62fc2a11f58ff84c748cd8a90968846c022685dcbd0d5eb8e8c7f16ed15ad74d,2,1,316,177,False,False
r3-pilot,62fc2a11f58ff84c748cd8a90968846c022685dcbd0d5eb8e8c7f16ed15ad74d,2,1,317,177,False,False
r3-pilot,62fc2a11f58ff84c748cd8a90968846c022685dcbd0d5eb8e8c7f16ed15ad74d,2,1,318,177,False,False
r3-pilot,62fc2a11f58ff84c748cd8a90968846c022685dcbd0d5eb8e8c7f16ed15ad74d,2,1,319,177,False,False
r3-pilot,62fc2a11f58ff84c748cd8a90968846c022685dcbd0d5eb8e8c7f16ed15ad74d,2,1,320,177,False,False
r3-pilot,62fc2a11f58ff84c748cd8a90968846c022685dcbd0d5eb8e8c7f16ed15ad74d,2,1,321,177,False,False
r3-pilot,62fc2a11f58ff84c748cd8a90968846c022685dcbd0d5eb8e8c7f16ed15ad74d,2,1,322,177,False,False
r3-pilot,62fc2a11f58ff84c748cd8a90968846c022685dcbd0d5eb8e8c7f16ed15ad74d,2,1,323,177,False,False
r3-pilot,62fc2a11f58ff84c748cd8a90968846c022685dcbd0d5eb8e8c7f16ed15ad74d,2,1,324,177,False,False
r3-pilot,62fc2a11f58ff84c748cd8a90968846c022685dcbd0d5eb8e8c7f16ed15ad74d,2,1,325,177,False,False
r3-pilot,62fc2a11f58ff84c748cd8a90968846c022685dcbd0d5eb8e8c7f16ed15ad74d,2,1,326,177,False,False
r3-pilot,62fc2a11f58ff84c748cd8a90968846c022685dcbd0d5eb8e8c7f16ed15ad74d,2,1,327,177,False,False
r3-pilot,62fc2a11f58ff84c748cd8a90968846c022685dcbd0d5eb8e8c7f16ed15ad74d,2,1,328,177,False,False
r3-pilot,62fc2a11f58ff84c748cd8a90968846c022685dcbd0d5eb8e8c7f16ed15ad74d,2,1,329,177,False,False
r3-pilot,62fc2a11f58ff84c748cd8a90968846c022685dcbd0d5eb8e8c7f16ed15ad74d,2,1,330,177,False,False
r3-pilot,62fc2a11f58ff84c748cd8a90968846c022685dcbd0d5eb8e8c7f16ed15ad74d,2,1,331,177,False,False
r3-pilot,62fc2a11f58ff84c748cd8a90968846c022685dcbd0d5eb8e8c7f16ed15ad74d,2,1,332,177,False,False
r3-pilot,62fc2a11f58ff84c748cd8a90968846c022685dcbd0d5eb8e8c7f16ed15ad74d,2,1,333,177,False,False
r3-pilot,62fc2a11f58ff84c748cd8a90968846c022685dcbd0d5eb8e8c7f16ed15ad74d,2,1,334,177,False,False
r3-pilot,62fc2a11f58ff84c748cd8a90968846c022685dcbd0d5eb8e8c7f16ed15ad74d,2,1,335,177,False,False
r3-pilot,62fc2a11f58ff84c748cd8a90968846c022685dcbd0d5eb8e8c7f16ed15ad74d,2,1,336,177,False,False
r3-pilot,62fc2a11f58ff84c748cd8a90968846c022685dcbd0d5eb8e8c7f16ed15ad74d,2,1,337,177,False,False
r3-pilot,62fc2a11f58ff84c748cd8a90968846c022685dcbd0d5eb8e8c7f16ed15ad74d,2,1,338,177,False,False
r3-pilot,62fc2a11f58ff84c748cd8a90968846c022685dcbd0d5eb8e8c7f16ed15ad74d,2,1,339,177,False,False
r3-pilot,62fc2a11f58ff84c748cd8a90968846c022685dcbd0d5eb8e8c7f16ed15ad74d,2,1,340,177,False,False
r3-pilot,62fc2a11f58ff84c748cd8a90968846c022685dcbd0d5eb8e8c7f16ed15ad74d,2,1,341,177,False,False
r3-pilot,62fc2a11f58ff84c748cd8a90968846c022685dcbd0d5eb8e8c7f16ed15ad74d,2,1,342,177,False,False
r3-pilot,62fc2a11f58ff84c748cd8a90968846c022685dcbd0d5eb8e8c7f16ed15ad74d,2,1,343,177,False,False
r3-pilot,62fc2a11f58ff84c748cd8a90968846c022685dcbd0d5eb8e8c7f16ed15ad74d,2,1,344,177,False,False
r3-pilot,62fc2a11f58ff84c748cd8a90968846c022685dcbd0d5eb8e8c7f16ed15ad74d,2,1,345,177,False,False
r3-pilot,62fc2a11f58ff84c748cd8a90968846c022685dcbd0d5eb8e8c7f16ed15ad74d,2,1,346,177,False,False
r3-pilot,62fc2a11f58ff84c748cd8a90968846c022685dcbd0d5eb8e8c7f16ed15ad74d,2,1,347,177,False,False
r3-pilot,62fc2a11f58ff84c748cd8a90968846c022685dcbd0d5eb8e8c7f16ed15ad74d,2,1,348,177,False,False
r3-pilot,62fc2a11f58ff84c748cd8a90968846c022685dcbd0d5eb8e8c7f16ed15ad74d,2,1,349,177,False,False
r3-pilot,62fc2a11f58ff84c748cd8a90968846c022685dcbd0d5eb8e8c7f16ed15ad74d,2,1,350,177,False,False
r3-pilot,62fc2a11f58ff84c748cd8a90968846c022685dcbd0d5eb8e8c7f16ed15ad74d,2,1,351,177,False,False
r3-pilot,62fc2a11f58ff84c748cd8a90968846c022685dcbd0d5eb8e8c7f16ed15ad74d,2,1,352,177,False,False
r3-pilot,62fc2a11f58ff84c748cd8a90968846c022685dcbd0d5eb8e8c7f16ed15ad74d,2,1,353,177,False,False
r3-pilot,62fc2a11f58ff84c748cd8a90968846c022685dcbd0d5eb8e8c7f16ed15ad74d,2,1,354,177,False,False
r3-pilot,62fc2a11f58ff84c748cd8a90968846c022685dcbd0d5eb8e8c7f16ed15ad74d,2,1,355,177,False,False
r3-pilot,62fc2a11f58ff84c748cd8a90968846c022685dcbd0d5eb8e8c7f16ed15ad74d,2,1,356,177,False,False
r3-pilot,62fc2a11f58ff84c748cd8a90968846c022685dcbd0d5eb8e8c7f16ed15ad74d,2,1,357,177,False,False
r3-pilot,62fc2a11f58ff84c748cd8a90968846c022685dcbd0d5eb8e8c7f16ed15ad74d,2,1,358,177,False,False
r3-pilot,62fc2a11f58ff84c748cd8a90968846c022685dcbd0d5eb8e8c7f16ed15ad74d,2,1,359,177,False,False
r3-pilot,62fc2a11f58ff84c748cd8a90968846c022685dcbd0d5eb8e8c7f16ed15ad74d,2,1,360,177,False,False
r3-pilot,62fc2a11f58ff84c748cd8a90968846c022685dcbd0d5eb8e8c7f16ed15ad74d,2,1,361,177,False,False
r3-pilot,62fc2a11f58ff84c748cd8a90968846c022685dcbd0d5eb8e8c7f16ed15ad74d,2,1,362,177,False,False
r3-pilot,62fc2a11f58ff84c748cd8a90968846c022685dcbd0d5eb8e8c7f16ed15ad74d,2,1,363,177,False,False
r3-pilot,62fc2a11f58ff84c748cd8a90968846c022685dcbd0d5eb8e8c7f16ed15ad74d,2,1,364,177,False,False
r3-pilot,62fc2a11f58ff84c748cd8a90968846c022685dcbd0d5eb8e8c7f16ed15ad74d,2,1,365,177,False,False
r3-pilot,62fc2a11f58ff84c748cd8a90968846c022685dcbd0d5eb8e8c7f16ed15ad74d,2,1,366,177,False,False
r3-pilot,62fc2a11f58ff84c748cd8a90968846c022685dcbd0d5eb8e8c7f16ed15ad74d,2,1,367,177,False,False
r3-pilot,62fc2a11f58ff84c748cd8a90968846c022685dcbd0d5eb8e8c7f16ed15ad74d,2,1,368,177,False,False
r3-pilot,62fc2a11f58ff84c748cd8a90968846c022685dcbd0d5eb8e8c7f16ed15ad74d,2,1,369,177,False,False
r3-pilot,62fc2a11f58ff84c748cd8a90968846c022685dcbd0d5eb8e8c7f16ed15ad74d,2,1,286,178,False,True
r3-pilot,62fc2a11f58ff84c748cd8a90968846c022685dcbd0d5eb8e8c7f16ed15ad74d,2,1,287,178,False,False
r3-pilot,62fc2a11f58ff84c748cd8a90968846c022685dcbd0d5eb8e8c7f16ed15ad74d,2,1,288,178,False,False
r3-pilot,62fc2a11f58ff84c748cd8a90968846c022685dcbd0d5eb8e8c7f16ed15ad74d,2,1,289,178,False,False
r3-pilot,62fc2a11f58ff84c748cd8a90968846c022685dcbd0d5eb8e8c7f16ed15ad74d,2,1,290,178,False,False
r3-pilot,62fc2a11f58ff84c748cd8a90968846c022685dcbd0d5eb8e8c7f16ed15ad74d,2,1,291,178,False,False
r3-pilot,62fc2a11f58ff84c748cd8a90968846c022685dcbd0d5eb8e8c7f16ed15ad74d,2,1,292,178,False,False
r3-pilot,62fc2a11f58ff84c748cd8a90968846c022685dcbd0d5eb8e8c7f16ed15ad74d,2,1,293,178,False,False
r3-pilot,62fc2a11f58ff84c748cd8a90968846c022685dcbd0d5eb8e8c7f16ed15ad74d,2,1,294,178,False,False
r3-pilot,62fc2a11f58ff84c748cd8a90968846c022685dcbd0d5eb8e8c7f16ed15ad74d,2,1,295,178,False,False
r3-pilot,62fc2a11f58ff84c748cd8a90968846c022685dcbd0d5eb8e8c7f16ed15ad74d,2,1,296,178,False,False
r3-pilot,62fc2a11f58ff84c748cd8a90968846c022685dcbd0d5eb8e8c7f16ed15ad74d,2,1,297,178,False,False
r3-pilot,62fc2a11f58ff84c748cd8a90968846c022685dcbd0d5eb8e8c7f16ed15ad74d,2,1,298,178,False,False
r3-pilot,62fc2a11f58ff84c748cd8a90968846c022685dcbd0d5eb8e8c7f16ed15ad74d,2,1,299,178,False,False
r3-pilot,62fc2a11f58ff84c748cd8a90968846c022685dcbd0d5eb8e8c7f16ed15ad74d,2,1,300,178,False,False
r3-pilot,62fc2a11f58ff84c748cd8a90968846c022685dcbd0d5eb8e8c7f16ed15ad74d,2,1,301,178,False,False
r3-pilot,62fc2a11f58ff84c748cd8a90968846c022685dcbd0d5eb8e8c7f16ed15ad74d,2,1,302,178,False,False
r3-pilot,62fc2a11f58ff84c748cd8a90968846c022685dcbd0d5eb8e8c7f16ed15ad74d,2,1,303,178,False,False
r3-pilot,62fc2a11f58ff84c748cd8a90968846c022685dcbd0d5eb8e8c7f16ed15ad74d,2,1,304,178,False,False
r3-pilot,62fc2a11f58ff84c748cd8a90968846c022685dcbd0d5eb8e8c7f16ed15ad74d,2,1,305,178,False,False
r3-pilot,62fc2a11f58ff84c748cd8a90968846c022685dcbd0d5eb8e8c7f16ed15ad74d,2,1,306,178,False,False
r3-pilot,62fc2a11f58ff84c748cd8a90968846c022685dcbd0d5eb8e8c7f16ed15ad74d,2,1,307,178,False,False
r3-pilot,62fc2a11f58ff84c748cd8a90968846c022685dcbd0d5eb8e8c7f16ed15ad74d,2,1,308,178,False,False
r3-pilot,62fc2a11f58ff84c748cd8a90968846c022685dcbd0d5eb8e8c7f16ed15ad74d,2,1,309,178,False,False
r3-pilot,62fc2a11f58ff84c748cd8a90968846c022685dcbd0d5eb8e8c7f16ed15ad74d,2,1,310,178,False,False
r3-pilot,62fc2a11f58ff84c748cd8a90968846c022685dcbd0d5eb8e8c7f16ed15ad74d,2,1,311,178,False,False
r3-pilot,62fc2a11f58ff84c748cd8a90968846c022685dcbd0d5eb8e8c7f16ed15ad74d,2,1,312,178,False,False
r3-pilot,62fc2a11f58ff84c748cd8a90968846c022685dcbd0d5eb8e8c7f16ed15ad74d,2,1,313,178,False,False
r3-pilot,62fc2a11f58ff84c748cd8a90968846c022685dcbd0d5eb8e8c7f16ed15ad74d,2,1,314,178,False,False
r3-pilot,62fc2a11f58ff84c748cd8a90968846c022685dcbd0d5eb8e8c7f16ed15ad74d,2,1,315,178,False,False
r3-pilot,62fc2a11f58ff84c748cd8a90968846c022685dcbd0d5eb8e8c7f16ed15ad74d,2,1,316,178,False,False
r3-pilot,62fc2a11f58ff84c748cd8a90968846c022685dcbd0d5eb8e8c7f16ed15ad74d,2,1,317,178,False,False
r3-pilot,62fc2a11f58ff84c748cd8a90968846c022685dcbd0d5eb8e8c7f16ed15ad74d,2,1,318,178,False,False
r3-pilot,62fc2a11f58ff84c748cd8a90968846c022685dcbd0d5eb8e8c7f16ed15ad74d,2,1,319,178,False,False
r3-pilot,62fc2a11f58ff84c748cd8a90968846c022685dcbd0d5eb8e8c7f16ed15ad74d,2,1,320,178,False,False
r3-pilot,62fc2a11f58ff84c748cd8a90968846c022685dcbd0d5eb8e8c7f16ed15ad74d,2,1,321,178,False,False
r3-pilot,62fc2a11f58ff84c748cd8a90968846c022685dcbd0d5eb8e8c7f16ed15ad74d,2,1,322,178,False,False
r3-pilot,62fc2a11f58ff84c748cd8a90968846c022685dcbd0d5eb8e8c7f16ed15ad74d,2,1,323,178,False,False
r3-pilot,62fc2a11f58ff84c748cd8a90968846c022685dcbd0d5eb8e8c7f16ed15ad74d,2,1,324,178,False,False
r3-pilot,62fc2a11f58ff84c748cd8a90968846c022685dcbd0d5eb8e8c7f16ed15ad74d,2,1,325,178,False,False
r3-pilot,62fc2a11f58ff84c748cd8a90968846c022685dcbd0d5eb8e8c7f16ed15ad74d,2,1,326,178,False,False
r3-pilot,62fc2a11f58ff84c748cd8a90968846c022685dcbd0d5eb8e8c7f16ed15ad74d,2,1,327,178,False,False
r3-pilot,62fc2a11f58ff84c748cd8a90968846c022685dcbd0d5eb8e8c7f16ed15ad74d,2,1,328,178,False,False
r3-pilot,62fc2a11f58ff84c748cd8a90968846c022685dcbd0d5eb8e8c7f16ed15ad74d,2,1,329,178,False,False
r3-pilot,62fc2a11f58ff84c748cd8a90968846c022685dcbd0d5eb8e8c7f16ed15ad74d,2,1,330,178,False,False
r3-pilot,62fc2a11f58ff84c748cd8a90968846c022685dcbd0d5eb8e8c7f16ed15ad74d,2,1,331,178,False,False
r3-pilot,62fc2a11f58ff84c748cd8a90968846c022685dcbd0d5eb8e8c7f16ed15ad74d,2,1,332,178,False,False
r3-pilot,62fc2a11f58ff84c748cd8a90968846c022685dcbd0d5eb8e8c7f16ed15ad74d,2,1,333,178,False,False
r3-pilot,62fc2a11f58ff84c748cd8a90968846c022685dcbd0d5eb8e8c7f16ed15ad74d,2,1,334,178,False,False
r3-pilot,62fc2a11f58ff84c748cd8a90968846c022685dcbd0d5eb8e8c7f16ed15ad74d,2,1,335,178,False,False
r3-pilot,62fc2a11f58ff84c748cd8a90968846c022685dcbd0d5eb8e8c7f16ed15ad74d,2,1,336,178,False,False
r3-pilot,62fc2a11f58ff84c748cd8a90968846c022685dcbd0d5eb8e8c7f16ed15ad74d,2,1,337,178,False,False
r3-pilot,62fc2a11f58ff84c748cd8a90968846c022685dcbd0d5eb8e8c7f16ed15ad74d,2,1,338,178,False,False
r3-pilot,62fc2a11f58ff84c748cd8a90968846c022685dcbd0d5eb8e8c7f16ed15ad74d,2,1,339,178,False,False
r3-pilot,62fc2a11f58ff84c748cd8a90968846c022685dcbd0d5eb8e8c7f16ed15ad74d,2,1,340,178,False,False
r3-pilot,62fc2a11f58ff84c748cd8a90968846c022685dcbd0d5eb8e8c7f16ed15ad74d,2,1,341,178,False,False
r3-pilot,62fc2a11f58ff84c748cd8a90968846c022685dcbd0d5eb8e8c7f16ed15ad74d,2,1,342,178,False,False
r3-pilot,62fc2a11f58ff84c748cd8a90968846c022685dcbd0d5eb8e8c7f16ed15ad74d,2,1,343,178,False,False
r3-pilot,62fc2a11f58ff84c748cd8a90968846c022685dcbd0d5eb8e8c7f16ed15ad74d,2,1,344,178,False,False
r3-pilot,62fc2a11f58ff84c748cd8a90968846c022685dcbd0d5eb8e8c7f16ed15ad74d,2,1,345,178,False,False
r3-pilot,62fc2a11f58ff84c748cd8a90968846c022685dcbd0d5eb8e8c7f16ed15ad74d,2,1,346,178,False,False
r3-pilot,62fc2a11f58ff84c748cd8a90968846c022685dcbd0d5eb8e8c7f16ed15ad74d,2,1,347,178,False,False
r3-pilot,62fc2a11f58ff84c748cd8a90968846c022685dcbd0d5eb8e8c7f16ed15ad74d,2,1,348,178,False,False
r3-pilot,62fc2a11f58ff84c748cd8a90968846c022685dcbd0d5eb8e8c7f16ed15ad74d,2,1,349,178,False,False
r3-pilot,62fc2a11f58ff84c748cd8a90968846c022685dcbd0d5eb8e8c7f16ed15ad74d,2,1,350,178,False,False
r3-pilot,62fc2a11f58ff84c748cd8a90968846c022685dcbd0d5eb8e8c7f16ed15ad74d,2,1,351,178,False,False
r3-pilot,62fc2a11f58ff84c748cd8a90968846c022685dcbd0d5eb8e8c7f16ed15ad74d,2,1,352,178,False,False
r3-pilot,62fc2a11f58ff84c748cd8a90968846c022685dcbd0d5eb8e8c7f16ed15ad74d,2,1,353,178,False,False
r3-pilot,62fc2a11f58ff84c748cd8a90968846c022685dcbd0d5eb8e8c7f16ed15ad74d,2,1,354,178,False,False
r3-pilot,62fc2a11f58ff84c748cd8a90968846c022685dcbd0d5eb8e8c7f16ed15ad74d,2,1,355,178,False,False
r3-pilot,62fc2a11f58ff84c748cd8a90968846c022685dcbd0d5eb8e8c7f16ed15ad74d,2,1,356,178,False,False
r3-pilot,62fc2a11f58ff84c748cd8a90968846c022685dcbd0d5eb8e8c7f16ed15ad74d,2,1,357,178,False,False
r3-pilot,62fc2a11f58ff84c748cd8a90968846c022685dcbd0d5eb8e8c7f16ed15ad74d,2,1,358,178,False,False
r3-pilot,62fc2a11f58ff84c748cd8a90968846c022685dcbd0d5eb8e8c7f16ed15ad74d,2,1,359,178,False,False
r3-pilot,62fc2a11f58ff84c748cd8a90968846c022685dcbd0d5eb8e8c7f16ed15ad74d,2,1,360,178,False,False
r3-pilot,62fc2a11f58ff84c748cd8a90968846c022685dcbd0d5eb8e8c7f16ed15ad74d,2,1,361,178,False,False
r3-pilot,62fc2a11f58ff84c748cd8a90968846c022685dcbd0d5eb8e8c7f16ed15ad74d,2,1,362,178,False,False
r3-pilot,62fc2a11f58ff84c748cd8a90968846c022685dcbd0d5eb8e8c7f16ed15ad74d,2,1,363,178,False,False
r3-pilot,62fc2a11f58ff84c748cd8a90968846c022685dcbd0d5eb8e8c7f16ed15ad74d,2,1,364,178,False,False
r3-pilot,62fc2a11f58ff84c748cd8a90968846c022685dcbd0d5eb8e8c7f16ed15ad74d,2,1,365,178,False,False
r3-pilot,62fc2a11f58ff84c748cd8a90968846c022685dcbd0d5eb8e8c7f16ed15ad74d,2,1,366,178,False,False
r3-pilot,62fc2a11f58ff84c748cd8a90968846c022685dcbd0d5eb8e8c7f16ed15ad74d,2,1,367,178,False,False
r3-pilot,62fc2a11f58ff84c748cd8a90968846c022685dcbd0d5eb8e8c7f16ed15ad74d,2,1,368,178,False,False
r3-pilot,62fc2a11f58ff84c748cd8a90968846c022685dcbd0d5eb8e8c7f16ed15ad74d,2,1,369,178,False,False
r3-pilot,62fc2a11f58ff84c748cd8a90968846c022685dcbd0d5eb8e8c7f16ed15ad74d,2,1,286,179,False,True
r3-pilot,62fc2a11f58ff84c748cd8a90968846c022685dcbd0d5eb8e8c7f16ed15ad74d,2,1,287,179,False,False
r3-pilot,62fc2a11f58ff84c748cd8a90968846c022685dcbd0d5eb8e8c7f16ed15ad74d,2,1,288,179,False,False
r3-pilot,62fc2a11f58ff84c748cd8a90968846c022685dcbd0d5eb8e8c7f16ed15ad74d,2,1,289,179,False,False
r3-pilot,62fc2a11f58ff84c748cd8a90968846c022685dcbd0d5eb8e8c7f16ed15ad74d,2,1,290,179,False,False
r3-pilot,62fc2a11f58ff84c748cd8a90968846c022685dcbd0d5eb8e8c7f16ed15ad74d,2,1,291,179,False,False
r3-pilot,62fc2a11f58ff84c748cd8a90968846c022685dcbd0d5eb8e8c7f16ed15ad74d,2,1,292,179,False,False
r3-pilot,62fc2a11f58ff84c748cd8a90968846c022685dcbd0d5eb8e8c7f16ed15ad74d,2,1,293,179,False,False
r3-pilot,62fc2a11f58ff84c748cd8a90968846c022685dcbd0d5eb8e8c7f16ed15ad74d,2,1,294,179,False,False
r3-pilot,62fc2a11f58ff84c748cd8a90968846c022685dcbd0d5eb8e8c7f16ed15ad74d,2,1,295,179,False,False
r3-pilot,62fc2a11f58ff84c748cd8a90968846c022685dcbd0d5eb8e8c7f16ed15ad74d,2,1,296,179,False,False
r3-pilot,62fc2a11f58ff84c748cd8a90968846c022685dcbd0d5eb8e8c7f16ed15ad74d,2,1,297,179,False,False
r3-pilot,62fc2a11f58ff84c748cd8a90968846c022685dcbd0d5eb8e8c7f16ed15ad74d,2,1,298,179,False,False
r3-pilot,62fc2a11f58ff84c748cd8a90968846c022685dcbd0d5eb8e8c7f16ed15ad74d,2,1,299,179,False,False
r3-pilot,62fc2a11f58ff84c748cd8a90968846c022685dcbd0d5eb8e8c7f16ed15ad74d,2,1,300,179,False,False
r3-pilot,62fc2a11f58ff84c748cd8a90968846c022685dcbd0d5eb8e8c7f16ed15ad74d,2,1,301,179,False,False
r3-pilot,62fc2a11f58ff84c748cd8a90968846c022685dcbd0d5eb8e8c7f16ed15ad74d,2,1,302,179,False,False
r3-pilot,62fc2a11f58ff84c748cd8a90968846c022685dcbd0d5eb8e8c7f16ed15ad74d,2,1,303,179,False,False
r3-pilot,62fc2a11f58ff84c748cd8a90968846c022685dcbd0d5eb8e8c7f16ed15ad74d,2,1,304,179,False,False
r3-pilot,62fc2a11f58ff84c748cd8a90968846c022685dcbd0d5eb8e8c7f16ed15ad74d,2,1,305,179,False,False
r3-pilot,62fc2a11f58ff84c748cd8a90968846c022685dcbd0d5eb8e8c7f16ed15ad74d,2,1,306,179,False,False
r3-pilot,62fc2a11f58ff84c748cd8a90968846c022685dcbd0d5eb8e8c7f16ed15ad74d,2,1,307,179,False,False
r3-pilot,62fc2a11f58ff84c748cd8a90968846c022685dcbd0d5eb8e8c7f16ed15ad74d,2,1,308,179,False,False
r3-pilot,62fc2a11f58ff84c748cd8a90968846c022685dcbd0d5eb8e8c7f16ed15ad74d,2,1,309,179,False,False
r3-pilot,62fc2a11f58ff84c748cd8a90968846c022685dcbd0d5eb8e8c7f16ed15ad74d,2,1,310,179,False,False
r3-pilot,62fc2a11f58ff84c748cd8a90968846c022685dcbd0d5eb8e8c7f16ed15ad74d,2,1,311,179,False,False
r3-pilot,62fc2a11f58ff84c748cd8a90968846c022685dcbd0d5eb8e8c7f16ed15ad74d,2,1,312,179,False,False
r3-pilot,62fc2a11f58ff84c748cd8a90968846c022685dcbd0d5eb8e8c7f16ed15ad74d,2,1,313,179,False,False
r3-pilot,62fc2a11f58ff84c748cd8a90968846c022685dcbd0d5eb8e8c7f16ed15ad74d,2,1,314,179,False,False
r3-pilot,62fc2a11f58ff84c748cd8a90968846c022685dcbd0d5eb8e8c7f16ed15ad74d,2,1,315,179,False,False
r3-pilot,62fc2a11f58ff84c748cd8a90968846c022685dcbd0d5eb8e8c7f16ed15ad74d,2,1,316,179,False,False
r3-pilot,62fc2a11f58ff84c748cd8a90968846c022685dcbd0d5eb8e8c7f16ed15ad74d,2,1,317,179,False,False
r3-pilot,62fc2a11f58ff84c748cd8a90968846c022685dcbd0d5eb8e8c7f16ed15ad74d,2,1,318,179,False,False
r3-pilot,62fc2a11f58ff84c748cd8a90968846c022685dcbd0d5eb8e8c7f16ed15ad74d,2,1,319,179,False,False
r3-pilot,62fc2a11f58ff84c748cd8a90968846c022685dcbd0d5eb8e8c7f16ed15ad74d,2,1,320,179,False,False
r3-pilot,62fc2a11f58ff84c748cd8a90968846c022685dcbd0d5eb8e8c7f16ed15ad74d,2,1,321,179,False,False
r3-pilot,62fc2a11f58ff84c748cd8a90968846c022685dcbd0d5eb8e8c7f16ed15ad74d,2,1,322,179,False,False
r3-pilot,62fc2a11f58ff84c748cd8a90968846c022685dcbd0d5eb8e8c7f16ed15ad74d,2,1,323,179,False,False
r3-pilot,62fc2a11f58ff84c748cd8a90968846c022685dcbd0d5eb8e8c7f16ed15ad74d,2,1,324,179,False,False
r3-pilot,62fc2a11f58ff84c748cd8a90968846c022685dcbd0d5eb8e8c7f16ed15ad74d,2,1,325,179,False,False
r3-pilot,62fc2a11f58ff84c748cd8a90968846c022685dcbd0d5eb8e8c7f16ed15ad74d,2,1,326,179,False,False
r3-pilot,62fc2a11f58ff84c748cd8a90968846c022685dcbd0d5eb8e8c7f16ed15ad74d,2,1,327,179,False,False
r3-pilot,62fc2a11f58ff84c748cd8a90968846c022685dcbd0d5eb8e8c7f16ed15ad74d,2,1,328,179,False,False
r3-pilot,62fc2a11f58ff84c748cd8a90968846c022685dcbd0d5eb8e8c7f16ed15ad74d,2,1,329,179,False,False
r3-pilot,62fc2a11f58ff84c748cd8a90968846c022685dcbd0d5eb8e8c7f16ed15ad74d,2,1,330,179,False,False
r3-pilot,62fc2a11f58ff84c748cd8a90968846c022685dcbd0d5eb8e8c7f16ed15ad74d,2,1,331,179,False,False
r3-pilot,62fc2a11f58ff84c748cd8a90968846c022685dcbd0d5eb8e8c7f16ed15ad74d,2,1,332,179,False,False
r3-pilot,62fc2a11f58ff84c748cd8a90968846c022685dcbd0d5eb8e8c7f16ed15ad74d,2,1,333,179,False,False
r3-pilot,62fc2a11f58ff84c748cd8a90968846c022685dcbd0d5eb8e8c7f16ed15ad74d,2,1,334,179,False,False
r3-pilot,62fc2a11f58ff84c748cd8a90968846c022685dcbd0d5eb8e8c7f16ed15ad74d,2,1,335,179,False,False
r3-pilot,62fc2a11f58ff84c748cd8a90968846c022685dcbd0d5eb8e8c7f16ed15ad74d,2,1,336,179,False,False
r3-pilot,62fc2a11f58ff84c748cd8a90968846c022685dcbd0d5eb8e8c7f16ed15ad74d,2,1,337,179,False,False
r3-pilot,62fc2a11f58ff84c748cd8a90968846c022685dcbd0d5eb8e8c7f16ed15ad74d,2,1,338,179,False,False
r3-pilot,62fc2a11f58ff84c748cd8a90968846c022685dcbd0d5eb8e8c7f16ed15ad74d,2,1,339,179,False,False
r3-pilot,62fc2a11f58ff84c748cd8a90968846c022685dcbd0d5eb8e8c7f16ed15ad74d,2,1,340,179,False,False
r3-pilot,62fc2a11f58ff84c748cd8a90968846c022685dcbd0d5eb8e8c7f16ed15ad74d,2,1,341,179,False,False
r3-pilot,62fc2a11f58ff84c748cd8a90968846c022685dcbd0d5eb8e8c7f16ed15ad74d,2,1,342,179,False,False
r3-pilot,62fc2a11f58ff84c748cd8a90968846c022685dcbd0d5eb8e8c7f16ed15ad74d,2,1,343,179,False,False
r3-pilot,62fc2a11f58ff84c748cd8a90968846c022685dcbd0d5eb8e8c7f16ed15ad74d,2,1,344,179,False,False
r3-pilot,62fc2a11f58ff84c748cd8a90968846c022685dcbd0d5eb8e8c7f16ed15ad74d,2,1,345,179,False,False
r3-pilot,62fc2a11f58ff84c748cd8a90968846c022685dcbd0d5eb8e8c7f16ed15ad74d,2,1,346,179,False,False
r3-pilot,62fc2a11f58ff84c748cd8a90968846c022685dcbd0d5eb8e8c7f16ed15ad74d,2,1,347,179,False,False
r3-pilot,62fc2a11f58ff84c748cd8a90968846c022685dcbd0d5eb8e8c7f16ed15ad74d,2,1,348,179,False,False
r3-pilot,62fc2a11f58ff84c748cd8a90968846c022685dcbd0d5eb8e8c7f16ed15ad74d,2,1,349,179,False,False
r3-pilot,62fc2a11f58ff84c748cd8a90968846c022685dcbd0d5eb8e8c7f16ed15ad74d,2,1,350,179,False,False
r3-pilot,62fc2a11f58ff84c748cd8a90968846c022685dcbd0d5eb8e8c7f16ed15ad74d,2,1,351,179,False,False
r3-pilot,62fc2a11f58ff84c748cd8a90968846c022685dcbd0d5eb8e8c7f16ed15ad74d,2,1,352,179,False,False
r3-pilot,62fc2a11f58ff84c748cd8a90968846c022685dcbd0d5eb8e8c7f16ed15ad74d,2,1,353,179,False,False
r3-pilot,62fc2a11f58ff84c748cd8a90968846c022685dcbd0d5eb8e8c7f16ed15ad74d,2,1,354,179,False,False
r3-pilot,62fc2a11f58ff84c748cd8a90968846c022685dcbd0d5eb8e8c7f16ed15ad74d,2,1,355,179,False,False
r3-pilot,62fc2a11f58ff84c748cd8a90968846c022685dcbd0d5eb8e8c7f16ed15ad74d,2,1,356,179,False,False
r3-pilot,62fc2a11f58ff84c748cd8a90968846c022685dcbd0d5eb8e8c7f16ed15ad74d,2,1,357,179,False,False
r3-pilot,62fc2a11f58ff84c748cd8a90968846c022685dcbd0d5eb8e8c7f16ed15ad74d,2,1,358,179,False,False
r3-pilot,62fc2a11f58ff84c748cd8a90968846c022685dcbd0d5eb8e8c7f16ed15ad74d,2,1,359,179,False,False
r3-pilot,62fc2a11f58ff84c748cd8a90968846c022685dcbd0d5eb8e8c7f16ed15ad74d,2,1,360,179,False,False
r3-pilot,62fc2a11f58ff84c748cd8a90968846c022685dcbd0d5eb8e8c7f16ed15ad74d,2,1,361,179,False,False
r3-pilot,62fc2a11f58ff84c748cd8a90968846c022685dcbd0d5eb8e8c7f16ed15ad74d,2,1,362,179,False,False
r3-pilot,62fc2a11f58ff84c748cd8a90968846c022685dcbd0d5eb8e8c7f16ed15ad74d,2,1,363,179,False,False
r3-pilot,62fc2a11f58ff84c748cd8a90968846c022685dcbd0d5eb8e8c7f16ed15ad74d,2,1,364,179,False,False
r3-pilot,62fc2a11f58ff84c748cd8a90968846c022685dcbd0d5eb8e8c7f16ed15ad74d,2,1,365,179,False,False
r3-pilot,62fc2a11f58ff84c748cd8a90968846c022685dcbd0d5eb8e8c7f16ed15ad74d,2,1,366,179,False,False
r3-pilot,62fc2a11f58ff84c748cd8a90968846c022685dcbd0d5eb8e8c7f16ed15ad74d,2,1,367,179,False,False
r3-pilot,62fc2a11f58ff84c748cd8a90968846c022685dcbd0d5eb8e8c7f16ed15ad74d,2,1,368,179,False,False
r3-pilot,62fc2a11f58ff84c748cd8a90968846c022685dcbd0d5eb8e8c7f16ed15ad74d,2,1,286,180,False,True
r3-pilot,62fc2a11f58ff84c748cd8a90968846c022685dcbd0d5eb8e8c7f16ed15ad74d,2,1,287,180,False,False
r3-pilot,62fc2a11f58ff84c748cd8a90968846c022685dcbd0d5eb8e8c7f16ed15ad74d,2,1,288,180,False,False
r3-pilot,62fc2a11f58ff84c748cd8a90968846c022685dcbd0d5eb8e8c7f16ed15ad74d,2,1,289,180,False,False
r3-pilot,62fc2a11f58ff84c748cd8a90968846c022685dcbd0d5eb8e8c7f16ed15ad74d,2,1,290,180,False,False
r3-pilot,62fc2a11f58ff84c748cd8a90968846c022685dcbd0d5eb8e8c7f16ed15ad74d,2,1,291,180,False,False
r3-pilot,62fc2a11f58ff84c748cd8a90968846c022685dcbd0d5eb8e8c7f16ed15ad74d,2,1,292,180,False,False
r3-pilot,62fc2a11f58ff84c748cd8a90968846c022685dcbd0d5eb8e8c7f16ed15ad74d,2,1,293,180,False,False
r3-pilot,62fc2a11f58ff84c748cd8a90968846c022685dcbd0d5eb8e8c7f16ed15ad74d,2,1,294,180,False,False
r3-pilot,62fc2a11f58ff84c748cd8a90968846c022685dcbd0d5eb8e8c7f16ed15ad74d,2,1,295,180,False,False
r3-pilot,62fc2a11f58ff84c748cd8a90968846c022685dcbd0d5eb8e8c7f16ed15ad74d,2,1,296,180,False,False
r3-pilot,62fc2a11f58ff84c748cd8a90968846c022685dcbd0d5eb8e8c7f16ed15ad74d,2,1,297,180,False,False
r3-pilot,62fc2a11f58ff84c748cd8a90968846c022685dcbd0d5eb8e8c7f16ed15ad74d,2,1,298,180,False,False
r3-pilot,62fc2a11f58ff84c748cd8a90968846c022685dcbd0d5eb8e8c7f16ed15ad74d,2,1,299,180,False,False
r3-pilot,62fc2a11f58ff84c748cd8a90968846c022685dcbd0d5eb8e8c7f16ed15ad74d,2,1,300,180,False,False
r3-pilot,62fc2a11f58ff84c748cd8a90968846c022685dcbd0d5eb8e8c7f16ed15ad74d,2,1,301,180,False,False
r3-pilot,62fc2a11f58ff84c748cd8a90968846c022685dcbd0d5eb8e8c7f16ed15ad74d,2,1,302,180,False,False
r3-pilot,62fc2a11f58ff84c748cd8a90968846c022685dcbd0d5eb8e8c7f16ed15ad74d,2,1,303,180,False,False
r3-pilot,62fc2a11f58ff84c748cd8a90968846c022685dcbd0d5eb8e8c7f16ed15ad74d,2,1,304,180,False,False
r3-pilot,62fc2a11f58ff84c748cd8a90968846c022685dcbd0d5eb8e8c7f16ed15ad74d,2,1,305,180,False,False
r3-pilot,62fc2a11f58ff84c748cd8a90968846c022685dcbd0d5eb8e8c7f16ed15ad74d,2,1,306,180,False,False
r3-pilot,62fc2a11f58ff84c748cd8a90968846c022685dcbd0d5eb8e8c7f16ed15ad74d,2,1,307,180,False,False
r3-pilot,62fc2a11f58ff84c748cd8a90968846c022685dcbd0d5eb8e8c7f16ed15ad74d,2,1,308,180,False,False
r3-pilot,62fc2a11f58ff84c748cd8a90968846c022685dcbd0d5eb8e8c7f16ed15ad74d,2,1,309,180,False,False
r3-pilot,62fc2a11f58ff84c748cd8a90968846c022685dcbd0d5eb8e8c7f16ed15ad74d,2,1,310,180,False,False
r3-pilot,62fc2a11f58ff84c748cd8a90968846c022685dcbd0d5eb8e8c7f16ed15ad74d,2,1,311,180,False,False
r3-pilot,62fc2a11f58ff84c748cd8a90968846c022685dcbd0d5eb8e8c7f16ed15ad74d,2,1,312,180,False,False
r3-pilot,62fc2a11f58ff84c748cd8a90968846c022685dcbd0d5eb8e8c7f16ed15ad74d,2,1,313,180,False,False
r3-pilot,62fc2a11f58ff84c748cd8a90968846c022685dcbd0d5eb8e8c7f16ed15ad74d,2,1,314,180,False,False
r3-pilot,62fc2a11f58ff84c748cd8a90968846c022685dcbd0d5eb8e8c7f16ed15ad74d,2,1,315,180,False,False
r3-pilot,62fc2a11f58ff84c748cd8a90968846c022685dcbd0d5eb8e8c7f16ed15ad74d,2,1,316,180,False,False
r3-pilot,62fc2a11f58ff84c748cd8a90968846c022685dcbd0d5eb8e8c7f16ed15ad74d,2,1,317,180,False,False
r3-pilot,62fc2a11f58ff84c748cd8a90968846c022685dcbd0d5eb8e8c7f16ed15ad74d,2,1,318,180,False,False
r3-pilot,62fc2a11f58ff84c748cd8a90968846c022685dcbd0d5eb8e8c7f16ed15ad74d,2,1,319,180,False,False
r3-pilot,62fc2a11f58ff84c748cd8a90968846c022685dcbd0d5eb8e8c7f16ed15ad74d,2,1,320,180,False,False
r3-pilot,62fc2a11f58ff84c748cd8a90968846c022685dcbd0d5eb8e8c7f16ed15ad74d,2,1,321,180,False,False
r3-pilot,62fc2a11f58ff84c748cd8a90968846c022685dcbd0d5eb8e8c7f16ed15ad74d,2,1,322,180,False,False
r3-pilot,62fc2a11f58ff84c748cd8a90968846c022685dcbd0d5eb8e8c7f16ed15ad74d,2,1,323,180,False,False
r3-pilot,62fc2a11f58ff84c748cd8a90968846c022685dcbd0d5eb8e8c7f16ed15ad74d,2,1,324,180,False,False
r3-pilot,62fc2a11f58ff84c748cd8a90968846c022685dcbd0d5eb8e8c7f16ed15ad74d,2,1,325,180,False,False
r3-pilot,62fc2a11f58ff84c748cd8a90968846c022685dcbd0d5eb8e8c7f16ed15ad74d,2,1,326,180,False,False
r3-pilot,62fc2a11f58ff84c748cd8a90968846c022685dcbd0d5eb8e8c7f16ed15ad74d,2,1,327,180,False,False
r3-pilot,62fc2a11f58ff84c748cd8a90968846c022685dcbd0d5eb8e8c7f16ed15ad74d,2,1,328,180,False,False
r3-pilot,62fc2a11f58ff84c748cd8a90968846c022685dcbd0d5eb8e8c7f16ed15ad74d,2,1,329,180,False,False
r3-pilot,62fc2a11f58ff84c748cd8a90968846c022685dcbd0d5eb8e8c7f16ed15ad74d,2,1,330,180,False,False
r3-pilot,62fc2a11f58ff84c748cd8a90968846c022685dcbd0d5eb8e8c7f16ed15ad74d,2,1,331,180,False,False
r3-pilot,62fc2a11f58ff84c748cd8a90968846c022685dcbd0d5eb8e8c7f16ed15ad74d,2,1,332,180,False,False
r3-pilot,62fc2a11f58ff84c748cd8a90968846c022685dcbd0d5eb8e8c7f16ed15ad74d,2,1,333,180,False,False
r3-pilot,62fc2a11f58ff84c748cd8a90968846c022685dcbd0d5eb8e8c7f16ed15ad74d,2,1,334,180,False,False
r3-pilot,62fc2a11f58ff84c748cd8a90968846c022685dcbd0d5eb8e8c7f16ed15ad74d,2,1,335,180,False,False
r3-pilot,62fc2a11f58ff84c748cd8a90968846c022685dcbd0d5eb8e8c7f16ed15ad74d,2,1,336,180,False,False
r3-pilot,62fc2a11f58ff84c748cd8a90968846c022685dcbd0d5eb8e8c7f16ed15ad74d,2,1,337,180,False,False
r3-pilot,62fc2a11f58ff84c748cd8a90968846c022685dcbd0d5eb8e8c7f16ed15ad74d,2,1,338,180,False,False
r3-pilot,62fc2a11f58ff84c748cd8a90968846c022685dcbd0d5eb8e8c7f16ed15ad74d,2,1,339,180,False,False
r3-pilot,62fc2a11f58ff84c748cd8a90968846c022685dcbd0d5eb8e8c7f16ed15ad74d,2,1,340,180,False,False
r3-pilot,62fc2a11f58ff84c748cd8a90968846c022685dcbd0d5eb8e8c7f16ed15ad74d,2,1,341,180,False,False
r3-pilot,62fc2a11f58ff84c748cd8a90968846c022685dcbd0d5eb8e8c7f16ed15ad74d,2,1,342,180,False,False
r3-pilot,62fc2a11f58ff84c748cd8a90968846c022685dcbd0d5eb8e8c7f16ed15ad74d,2,1,343,180,False,False
r3-pilot,62fc2a11f58ff84c748cd8a90968846c022685dcbd0d5eb8e8c7f16ed15ad74d,2,1,344,180,False,False
r3-pilot,62fc2a11f58ff84c748cd8a90968846c022685dcbd0d5eb8e8c7f16ed15ad74d,2,1,345,180,False,False
r3-pilot,62fc2a11f58ff84c748cd8a90968846c022685dcbd0d5eb8e8c7f16ed15ad74d,2,1,346,180,False,False
r3-pilot,62fc2a11f58ff84c748cd8a90968846c022685dcbd0d5eb8e8c7f16ed15ad74d,2,1,347,180,False,False
r3-pilot,62fc2a11f58ff84c748cd8a90968846c022685dcbd0d5eb8e8c7f16ed15ad74d,2,1,348,180,False,False
r3-pilot,62fc2a11f58ff84c748cd8a90968846c022685dcbd0d5eb8e8c7f16ed15ad74d,2,1,349,180,False,False
r3-pilot,62fc2a11f58ff84c748cd8a90968846c022685dcbd0d5eb8e8c7f16ed15ad74d,2,1,350,180,False,False
r3-pilot,62fc2a11f58ff84c748cd8a90968846c022685dcbd0d5eb8e8c7f16ed15ad74d,2,1,351,180,False,False
r3-pilot,62fc2a11f58ff84c748cd8a90968846c022685dcbd0d5eb8e8c7f16ed15ad74d,2,1,352,180,False,False
r3-pilot,62fc2a11f58ff84c748cd8a90968846c022685dcbd0d5eb8e8c7f16ed15ad74d,2,1,353,180,False,False
r3-pilot,62fc2a11f58ff84c748cd8a90968846c022685dcbd0d5eb8e8c7f16ed15ad74d,2,1,354,180,False,False
r3-pilot,62fc2a11f58ff84c748cd8a90968846c022685dcbd0d5eb8e8c7f16ed15ad74d,2,1,355,180,False,False
r3-pilot,62fc2a11f58ff84c748cd8a90968846c022685dcbd0d5eb8e8c7f16ed15ad74d,2,1,356,180,False,False
r3-pilot,62fc2a11f58ff84c748cd8a90968846c022685dcbd0d5eb8e8c7f16ed15ad74d,2,1,357,180,False,False
r3-pilot,62fc2a11f58ff84c748cd8a90968846c022685dcbd0d5eb8e8c7f16ed15ad74d,2,1,358,180,False,False
r3-pilot,62fc2a11f58ff84c748cd8a90968846c022685dcbd0d5eb8e8c7f16ed15ad74d,2,1,359,180,False,False
r3-pilot,62fc2a11f58ff84c748cd8a90968846c022685dcbd0d5eb8e8c7f16ed15ad74d,2,1,360,180,False,False
r3-pilot,62fc2a11f58ff84c748cd8a90968846c022685dcbd0d5eb8e8c7f16ed15ad74d,2,1,361,180,False,False
r3-pilot,62fc2a11f58ff84c748cd8a90968846c022685dcbd0d5eb8e8c7f16ed15ad74d,2,1,362,180,False,False
r3-pilot,62fc2a11f58ff84c748cd8a90968846c022685dcbd0d5eb8e8c7f16ed15ad74d,2,1,363,180,False,False
r3-pilot,62fc2a11f58ff84c748cd8a90968846c022685dcbd0d5eb8e8c7f16ed15ad74d,2,1,364,180,False,False
r3-pilot,62fc2a11f58ff84c748cd8a90968846c022685dcbd0d5eb8e8c7f16ed15ad74d,2,1,365,180,False,False
r3-pilot,62fc2a11f58ff84c748cd8a90968846c022685dcbd0d5eb8e8c7f16ed15ad74d,2,1,366,180,False,False
r3-pilot,62fc2a11f58ff84c748cd8a90968846c022685dcbd0d5eb8e8c7f16ed15ad74d,2,1,367,180,False,False
r3-pilot,62fc2a11f58ff84c748cd8a90968846c022685dcbd0d5eb8e8c7f16ed15ad74d,2,1,368,180,False,False
r3-pilot,62fc2a11f58ff84c748cd8a90968846c022685dcbd0d5eb8e8c7f16ed15ad74d,2,1,369,180,False,False
r3-pilot,62fc2a11f58ff84c748cd8a90968846c022685dcbd0d5eb8e8c7f16ed15ad74d,2,1,286,181,False,True
r3-pilot,62fc2a11f58ff84c748cd8a90968846c022685dcbd0d5eb8e8c7f16ed15ad74d,2,1,287,181,False,False
r3-pilot,62fc2a11f58ff84c748cd8a90968846c022685dcbd0d5eb8e8c7f16ed15ad74d,2,1,288,181,False,False
r3-pilot,62fc2a11f58ff84c748cd8a90968846c022685dcbd0d5eb8e8c7f16ed15ad74d,2,1,289,181,False,False
r3-pilot,62fc2a11f58ff84c748cd8a90968846c022685dcbd0d5eb8e8c7f16ed15ad74d,2,1,290,181,False,False
r3-pilot,62fc2a11f58ff84c748cd8a90968846c022685dcbd0d5eb8e8c7f16ed15ad74d,2,1,291,181,False,False
r3-pilot,62fc2a11f58ff84c748cd8a90968846c022685dcbd0d5eb8e8c7f16ed15ad74d,2,1,292,181,False,False
r3-pilot,62fc2a11f58ff84c748cd8a90968846c022685dcbd0d5eb8e8c7f16ed15ad74d,2,1,293,181,False,False
r3-pilot,62fc2a11f58ff84c748cd8a90968846c022685dcbd0d5eb8e8c7f16ed15ad74d,2,1,294,181,False,False
r3-pilot,62fc2a11f58ff84c748cd8a90968846c022685dcbd0d5eb8e8c7f16ed15ad74d,2,1,295,181,False,False
r3-pilot,62fc2a11f58ff84c748cd8a90968846c022685dcbd0d5eb8e8c7f16ed15ad74d,2,1,296,181,False,False
r3-pilot,62fc2a11f58ff84c748cd8a90968846c022685dcbd0d5eb8e8c7f16ed15ad74d,2,1,297,181,False,False
r3-pilot,62fc2a11f58ff84c748cd8a90968846c022685dcbd0d5eb8e8c7f16ed15ad74d,2,1,298,181,False,False
r3-pilot,62fc2a11f58ff84c748cd8a90968846c022685dcbd0d5eb8e8c7f16ed15ad74d,2,1,299,181,False,False
r3-pilot,62fc2a11f58ff84c748cd8a90968846c022685dcbd0d5eb8e8c7f16ed15ad74d,2,1,300,181,False,False
r3-pilot,62fc2a11f58ff84c748cd8a90968846c022685dcbd0d5eb8e8c7f16ed15ad74d,2,1,301,181,False,False
r3-pilot,62fc2a11f58ff84c748cd8a90968846c022685dcbd0d5eb8e8c7f16ed15ad74d,2,1,302,181,False,False
r3-pilot,62fc2a11f58ff84c748cd8a90968846c022685dcbd0d5eb8e8c7f16ed15ad74d,2,1,303,181,False,False
r3-pilot,62fc2a11f58ff84c748cd8a90968846c022685dcbd0d5eb8e8c7f16ed15ad74d,2,1,304,181,False,False
r3-pilot,62fc2a11f58ff84c748cd8a90968846c022685dcbd0d5eb8e8c7f16ed15ad74d,2,1,305,181,False,False
r3-pilot,62fc2a11f58ff84c748cd8a90968846c022685dcbd0d5eb8e8c7f16ed15ad74d,2,1,306,181,False,False
r3-pilot,62fc2a11f58ff84c748cd8a90968846c022685dcbd0d5eb8e8c7f16ed15ad74d,2,1,307,181,False,False
r3-pilot,62fc2a11f58ff84c748cd8a90968846c022685dcbd0d5eb8e8c7f16ed15ad74d,2,1,308,181,False,False
r3-pilot,62fc2a11f58ff84c748cd8a90968846c022685dcbd0d5eb8e8c7f16ed15ad74d,2,1,309,181,False,False
r3-pilot,62fc2a11f58ff84c748cd8a90968846c022685dcbd0d5eb8e8c7f16ed15ad74d,2,1,310,181,False,False
r3-pilot,62fc2a11f58ff84c748cd8a90968846c022685dcbd0d5eb8e8c7f16ed15ad74d,2,1,311,181,False,False
r3-pilot,62fc2a11f58ff84c748cd8a90968846c022685dcbd0d5eb8e8c7f16ed15ad74d,2,1,312,181,False,False
r3-pilot,62fc2a11f58ff84c748cd8a90968846c022685dcbd0d5eb8e8c7f16ed15ad74d,2,1,313,181,False,False
r3-pilot,62fc2a11f58ff84c748cd8a90968846c022685dcbd0d5eb8e8c7f16ed15ad74d,2,1,314,181,False,False
r3-pilot,62fc2a11f58ff84c748cd8a90968846c022685dcbd0d5eb8e8c7f16ed15ad74d,2,1,315,181,False,False
r3-pilot,62fc2a11f58ff84c748cd8a90968846c022685dcbd0d5eb8e8c7f16ed15ad74d,2,1,316,181,False,False
r3-pilot,62fc2a11f58ff84c748cd8a90968846c022685dcbd0d5eb8e8c7f16ed15ad74d,2,1,317,181,False,False
r3-pilot,62fc2a11f58ff84c748cd8a90968846c022685dcbd0d5eb8e8c7f16ed15ad74d,2,1,318,181,False,False
r3-pilot,62fc2a11f58ff84c748cd8a90968846c022685dcbd0d5eb8e8c7f16ed15ad74d,2,1,319,181,False,False
r3-pilot,62fc2a11f58ff84c748cd8a90968846c022685dcbd0d5eb8e8c7f16ed15ad74d,2,1,320,181,False,False
r3-pilot,62fc2a11f58ff84c748cd8a90968846c022685dcbd0d5eb8e8c7f16ed15ad74d,2,1,321,181,False,False
r3-pilot,62fc2a11f58ff84c748cd8a90968846c022685dcbd0d5eb8e8c7f16ed15ad74d,2,1,322,181,False,False
r3-pilot,62fc2a11f58ff84c748cd8a90968846c022685dcbd0d5eb8e8c7f16ed15ad74d,2,1,323,181,False,False
r3-pilot,62fc2a11f58ff84c748cd8a90968846c022685dcbd0d5eb8e8c7f16ed15ad74d,2,1,324,181,False,False
r3-pilot,62fc2a11f58ff84c748cd8a90968846c022685dcbd0d5eb8e8c7f16ed15ad74d,2,1,325,181,False,False
r3-pilot,62fc2a11f58ff84c748cd8a90968846c022685dcbd0d5eb8e8c7f16ed15ad74d,2,1,326,181,False,False
r3-pilot,62fc2a11f58ff84c748cd8a90968846c022685dcbd0d5eb8e8c7f16ed15ad74d,2,1,327,181,False,False
r3-pilot,62fc2a11f58ff84c748cd8a90968846c022685dcbd0d5eb8e8c7f16ed15ad74d,2,1,328,181,False,False
r3-pilot,62fc2a11f58ff84c748cd8a90968846c022685dcbd0d5eb8e8c7f16ed15ad74d,2,1,329,181,False,False
r3-pilot,62fc2a11f58ff84c748cd8a90968846c022685dcbd0d5eb8e8c7f16ed15ad74d,2,1,330,181,False,False
r3-pilot,62fc2a11f58ff84c748cd8a90968846c022685dcbd0d5eb8e8c7f16ed15ad74d,2,1,331,181,False,False
r3-pilot,62fc2a11f58ff84c748cd8a90968846c022685dcbd0d5eb8e8c7f16ed15ad74d,2,1,332,181,False,False
r3-pilot,62fc2a11f58ff84c748cd8a90968846c022685dcbd0d5eb8e8c7f16ed15ad74d,2,1,333,181,False,False
r3-pilot,62fc2a11f58ff84c748cd8a90968846c022685dcbd0d5eb8e8c7f16ed15ad74d,2,1,334,181,False,False
r3-pilot,62fc2a11f58ff84c748cd8a90968846c022685dcbd0d5eb8e8c7f16ed15ad74d,2,1,335,181,False,False
r3-pilot,62fc2a11f58ff84c748cd8a90968846c022685dcbd0d5eb8e8c7f16ed15ad74d,2,1,336,181,False,False
r3-pilot,62fc2a11f58ff84c748cd8a90968846c022685dcbd0d5eb8e8c7f16ed15ad74d,2,1,337,181,False,False
r3-pilot,62fc2a11f58ff84c748cd8a90968846c022685dcbd0d5eb8e8c7f16ed15ad74d,2,1,338,181,False,False
r3-pilot,62fc2a11f58ff84c748cd8a90968846c022685dcbd0d5eb8e8c7f16ed15ad74d,2,1,339,181,False,False
r3-pilot,62fc2a11f58ff84c748cd8a90968846c022685dcbd0d5eb8e8c7f16ed15ad74d,2,1,340,181,False,False
r3-pilot,62fc2a11f58ff84c748cd8a90968846c022685dcbd0d5eb8e8c7f16ed15ad74d,2,1,341,181,False,False
r3-pilot,62fc2a11f58ff84c748cd8a90968846c022685dcbd0d5eb8e8c7f16ed15ad74d,2,1,342,181,False,False
r3-pilot,62fc2a11f58ff84c748cd8a90968846c022685dcbd0d5eb8e8c7f16ed15ad74d,2,1,343,181,False,False
r3-pilot,62fc2a11f58ff84c748cd8a90968846c022685dcbd0d5eb8e8c7f16ed15ad74d,2,1,344,181,False,False
r3-pilot,62fc2a11f58ff84c748cd8a90968846c022685dcbd0d5eb8e8c7f16ed15ad74d,2,1,345,181,False,False
r3-pilot,62fc2a11f58ff84c748cd8a90968846c022685dcbd0d5eb8e8c7f16ed15ad74d,2,1,346,181,False,False
r3-pilot,62fc2a11f58ff84c748cd8a90968846c022685dcbd0d5eb8e8c7f16ed15ad74d,2,1,347,181,False,False
r3-pilot,62fc2a11f58ff84c748cd8a90968846c022685dcbd0d5eb8e8c7f16ed15ad74d,2,1,348,181,False,False
r3-pilot,62fc2a11f58ff84c748cd8a90968846c022685dcbd0d5eb8e8c7f16ed15ad74d,2,1,349,181,False,False
r3-pilot,62fc2a11f58ff84c748cd8a90968846c022685dcbd0d5eb8e8c7f16ed15ad74d,2,1,350,181,False,False
r3-pilot,62fc2a11f58ff84c748cd8a90968846c022685dcbd0d5eb8e8c7f16ed15ad74d,2,1,351,181,False,False
r3-pilot,62fc2a11f58ff84c748cd8a90968846c022685dcbd0d5eb8e8c7f16ed15ad74d,2,1,352,181,False,False
r3-pilot,62fc2a11f58ff84c748cd8a90968846c022685dcbd0d5eb8e8c7f16ed15ad74d,2,1,353,181,False,False
r3-pilot,62fc2a11f58ff84c748cd8a90968846c022685dcbd0d5eb8e8c7f16ed15ad74d,2,1,354,181,False,False
r3-pilot,62fc2a11f58ff84c748cd8a90968846c022685dcbd0d5eb8e8c7f16ed15ad74d,2,1,355,181,False,False
r3-pilot,62fc2a11f58ff84c748cd8a90968846c022685dcbd0d5eb8e8c7f16ed15ad74d,2,1,356,181,False,False
r3-pilot,62fc2a11f58ff84c748cd8a90968846c022685dcbd0d5eb8e8c7f16ed15ad74d,2,1,357,181,False,False
r3-pilot,62fc2a11f58ff84c748cd8a90968846c022685dcbd0d5eb8e8c7f16ed15ad74d,2,1,358,181,False,False
r3-pilot,62fc2a11f58ff84c748cd8a90968846c022685dcbd0d5eb8e8c7f16ed15ad74d,2,1,359,181,False,False
r3-pilot,62fc2a11f58ff84c748cd8a90968846c022685dcbd0d5eb8e8c7f16ed15ad74d,2,1,360,181,False,False
r3-pilot,62fc2a11f58ff84c748cd8a90968846c022685dcbd0d5eb8e8c7f16ed15ad74d,2,1,361,181,False,False
r3-pilot,62fc2a11f58ff84c748cd8a90968846c022685dcbd0d5eb8e8c7f16ed15ad74d,2,1,362,181,False,False
r3-pilot,62fc2a11f58ff84c748cd8a90968846c022685dcbd0d5eb8e8c7f16ed15ad74d,2,1,363,181,False,False
r3-pilot,62fc2a11f58ff84c748cd8a90968846c022685dcbd0d5eb8e8c7f16ed15ad74d,2,1,364,181,False,False
r3-pilot,62fc2a11f58ff84c748cd8a90968846c022685dcbd0d5eb8e8c7f16ed15ad74d,2,1,365,181,False,False
r3-pilot,62fc2a11f58ff84c748cd8a90968846c022685dcbd0d5eb8e8c7f16ed15ad74d,2,1,366,181,False,False
r3-pilot,62fc2a11f58ff84c748cd8a90968846c022685dcbd0d5eb8e8c7f16ed15ad74d,2,1,367,181,False,False
r3-pilot,62fc2a11f58ff84c748cd8a90968846c022685dcbd0d5eb8e8c7f16ed15ad74d,2,1,368,181,False,False
r3-pilot,62fc2a11f58ff84c748cd8a90968846c022685dcbd0d5eb8e8c7f16ed15ad74d,2,1,286,182,False,True
r3-pilot,62fc2a11f58ff84c748cd8a90968846c022685dcbd0d5eb8e8c7f16ed15ad74d,2,1,287,182,False,False
r3-pilot,62fc2a11f58ff84c748cd8a90968846c022685dcbd0d5eb8e8c7f16ed15ad74d,2,1,288,182,False,False
r3-pilot,62fc2a11f58ff84c748cd8a90968846c022685dcbd0d5eb8e8c7f16ed15ad74d,2,1,289,182,False,False
r3-pilot,62fc2a11f58ff84c748cd8a90968846c022685dcbd0d5eb8e8c7f16ed15ad74d,2,1,290,182,False,False
r3-pilot,62fc2a11f58ff84c748cd8a90968846c022685dcbd0d5eb8e8c7f16ed15ad74d,2,1,291,182,False,False
r3-pilot,62fc2a11f58ff84c748cd8a90968846c022685dcbd0d5eb8e8c7f16ed15ad74d,2,1,292,182,False,False
r3-pilot,62fc2a11f58ff84c748cd8a90968846c022685dcbd0d5eb8e8c7f16ed15ad74d,2,1,293,182,False,False
r3-pilot,62fc2a11f58ff84c748cd8a90968846c022685dcbd0d5eb8e8c7f16ed15ad74d,2,1,294,182,False,False
r3-pilot,62fc2a11f58ff84c748cd8a90968846c022685dcbd0d5eb8e8c7f16ed15ad74d,2,1,295,182,False,False
r3-pilot,62fc2a11f58ff84c748cd8a90968846c022685dcbd0d5eb8e8c7f16ed15ad74d,2,1,296,182,False,False
r3-pilot,62fc2a11f58ff84c748cd8a90968846c022685dcbd0d5eb8e8c7f16ed15ad74d,2,1,297,182,False,False
r3-pilot,62fc2a11f58ff84c748cd8a90968846c022685dcbd0d5eb8e8c7f16ed15ad74d,2,1,298,182,False,False
r3-pilot,62fc2a11f58ff84c748cd8a90968846c022685dcbd0d5eb8e8c7f16ed15ad74d,2,1,299,182,False,False
r3-pilot,62fc2a11f58ff84c748cd8a90968846c022685dcbd0d5eb8e8c7f16ed15ad74d,2,1,300,182,False,False
r3-pilot,62fc2a11f58ff84c748cd8a90968846c022685dcbd0d5eb8e8c7f16ed15ad74d,2,1,301,182,False,False
r3-pilot,62fc2a11f58ff84c748cd8a90968846c022685dcbd0d5eb8e8c7f16ed15ad74d,2,1,302,182,False,False
r3-pilot,62fc2a11f58ff84c748cd8a90968846c022685dcbd0d5eb8e8c7f16ed15ad74d,2,1,303,182,False,False
r3-pilot,62fc2a11f58ff84c748cd8a90968846c022685dcbd0d5eb8e8c7f16ed15ad74d,2,1,304,182,False,False
r3-pilot,62fc2a11f58ff84c748cd8a90968846c022685dcbd0d5eb8e8c7f16ed15ad74d,2,1,305,182,False,False
r3-pilot,62fc2a11f58ff84c748cd8a90968846c022685dcbd0d5eb8e8c7f16ed15ad74d,2,1,306,182,False,False
r3-pilot,62fc2a11f58ff84c748cd8a90968846c022685dcbd0d5eb8e8c7f16ed15ad74d,2,1,307,182,False,False
r3-pilot,62fc2a11f58ff84c748cd8a90968846c022685dcbd0d5eb8e8c7f16ed15ad74d,2,1,308,182,False,False
r3-pilot,62fc2a11f58ff84c748cd8a90968846c022685dcbd0d5eb8e8c7f16ed15ad74d,2,1,309,182,False,False
r3-pilot,62fc2a11f58ff84c748cd8a90968846c022685dcbd0d5eb8e8c7f16ed15ad74d,2,1,310,182,False,False
r3-pilot,62fc2a11f58ff84c748cd8a90968846c022685dcbd0d5eb8e8c7f16ed15ad74d,2,1,311,182,False,False
r3-pilot,62fc2a11f58ff84c748cd8a90968846c022685dcbd0d5eb8e8c7f16ed15ad74d,2,1,312,182,False,False
r3-pilot,62fc2a11f58ff84c748cd8a90968846c022685dcbd0d5eb8e8c7f16ed15ad74d,2,1,313,182,False,False
r3-pilot,62fc2a11f58ff84c748cd8a90968846c022685dcbd0d5eb8e8c7f16ed15ad74d,2,1,314,182,False,False
r3-pilot,62fc2a11f58ff84c748cd8a90968846c022685dcbd0d5eb8e8c7f16ed15ad74d,2,1,315,182,False,False
r3-pilot,62fc2a11f58ff84c748cd8a90968846c022685dcbd0d5eb8e8c7f16ed15ad74d,2,1,316,182,False,False
r3-pilot,62fc2a11f58ff84c748cd8a90968846c022685dcbd0d5eb8e8c7f16ed15ad74d,2,1,317,182,False,False
r3-pilot,62fc2a11f58ff84c748cd8a90968846c022685dcbd0d5eb8e8c7f16ed15ad74d,2,1,318,182,False,False
r3-pilot,62fc2a11f58ff84c748cd8a90968846c022685dcbd0d5eb8e8c7f16ed15ad74d,2,1,319,182,False,False
r3-pilot,62fc2a11f58ff84c748cd8a90968846c022685dcbd0d5eb8e8c7f16ed15ad74d,2,1,320,182,False,False
r3-pilot,62fc2a11f58ff84c748cd8a90968846c022685dcbd0d5eb8e8c7f16ed15ad74d,2,1,321,182,False,False
r3-pilot,62fc2a11f58ff84c748cd8a90968846c022685dcbd0d5eb8e8c7f16ed15ad74d,2,1,322,182,False,False
r3-pilot,62fc2a11f58ff84c748cd8a90968846c022685dcbd0d5eb8e8c7f16ed15ad74d,2,1,323,182,False,False
r3-pilot,62fc2a11f58ff84c748cd8a90968846c022685dcbd0d5eb8e8c7f16ed15ad74d,2,1,324,182,False,False
r3-pilot,62fc2a11f58ff84c748cd8a90968846c022685dcbd0d5eb8e8c7f16ed15ad74d,2,1,325,182,False,False
r3-pilot,62fc2a11f58ff84c748cd8a90968846c022685dcbd0d5eb8e8c7f16ed15ad74d,2,1,326,182,False,False
r3-pilot,62fc2a11f58ff84c748cd8a90968846c022685dcbd0d5eb8e8c7f16ed15ad74d,2,1,327,182,False,False
r3-pilot,62fc2a11f58ff84c748cd8a90968846c022685dcbd0d5eb8e8c7f16ed15ad74d,2,1,328,182,False,False
r3-pilot,62fc2a11f58ff84c748cd8a90968846c022685dcbd0d5eb8e8c7f16ed15ad74d,2,1,329,182,False,False
r3-pilot,62fc2a11f58ff84c748cd8a90968846c022685dcbd0d5eb8e8c7f16ed15ad74d,2,1,330,182,False,False
r3-pilot,62fc2a11f58ff84c748cd8a90968846c022685dcbd0d5eb8e8c7f16ed15ad74d,2,1,331,182,False,False
r3-pilot,62fc2a11f58ff84c748cd8a90968846c022685dcbd0d5eb8e8c7f16ed15ad74d,2,1,332,182,False,False
r3-pilot,62fc2a11f58ff84c748cd8a90968846c022685dcbd0d5eb8e8c7f16ed15ad74d,2,1,333,182,False,False
r3-pilot,62fc2a11f58ff84c748cd8a90968846c022685dcbd0d5eb8e8c7f16ed15ad74d,2,1,334,182,False,False
r3-pilot,62fc2a11f58ff84c748cd8a90968846c022685dcbd0d5eb8e8c7f16ed15ad74d,2,1,335,182,False,False
r3-pilot,62fc2a11f58ff84c748cd8a90968846c022685dcbd0d5eb8e8c7f16ed15ad74d,2,1,336,182,False,False
r3-pilot,62fc2a11f58ff84c748cd8a90968846c022685dcbd0d5eb8e8c7f16ed15ad74d,2,1,337,182,False,False
r3-pilot,62fc2a11f58ff84c748cd8a90968846c022685dcbd0d5eb8e8c7f16ed15ad74d,2,1,338,182,False,False
r3-pilot,62fc2a11f58ff84c748cd8a90968846c022685dcbd0d5eb8e8c7f16ed15ad74d,2,1,339,182,False,False
r3-pilot,62fc2a11f58ff84c748cd8a90968846c022685dcbd0d5eb8e8c7f16ed15ad74d,2,1,340,182,False,False
r3-pilot,62fc2a11f58ff84c748cd8a90968846c022685dcbd0d5eb8e8c7f16ed15ad74d,2,1,341,182,False,False
r3-pilot,62fc2a11f58ff84c748cd8a90968846c022685dcbd0d5eb8e8c7f16ed15ad74d,2,1,342,182,False,False
r3-pilot,62fc2a11f58ff84c748cd8a90968846c022685dcbd0d5eb8e8c7f16ed15ad74d,2,1,343,182,False,False
r3-pilot,62fc2a11f58ff84c748cd8a90968846c022685dcbd0d5eb8e8c7f16ed15ad74d,2,1,344,182,False,False
r3-pilot,62fc2a11f58ff84c748cd8a90968846c022685dcbd0d5eb8e8c7f16ed15ad74d,2,1,345,182,False,False
r3-pilot,62fc2a11f58ff84c748cd8a90968846c022685dcbd0d5eb8e8c7f16ed15ad74d,2,1,346,182,False,False
r3-pilot,62fc2a11f58ff84c748cd8a90968846c022685dcbd0d5eb8e8c7f16ed15ad74d,2,1,347,182,False,False
r3-pilot,62fc2a11f58ff84c748cd8a90968846c022685dcbd0d5eb8e8c7f16ed15ad74d,2,1,348,182,False,False
r3-pilot,62fc2a11f58ff84c748cd8a90968846c022685dcbd0d5eb8e8c7f16ed15ad74d,2,1,349,182,False,False
r3-pilot,62fc2a11f58ff84c748cd8a90968846c022685dcbd0d5eb8e8c7f16ed15ad74d,2,1,350,182,False,False
r3-pilot,62fc2a11f58ff84c748cd8a90968846c022685dcbd0d5eb8e8c7f16ed15ad74d,2,1,351,182,False,False
r3-pilot,62fc2a11f58ff84c748cd8a90968846c022685dcbd0d5eb8e8c7f16ed15ad74d,2,1,352,182,False,False
r3-pilot,62fc2a11f58ff84c748cd8a90968846c022685dcbd0d5eb8e8c7f16ed15ad74d,2,1,353,182,False,False
r3-pilot,62fc2a11f58ff84c748cd8a90968846c022685dcbd0d5eb8e8c7f16ed15ad74d,2,1,354,182,False,False
r3-pilot,62fc2a11f58ff84c748cd8a90968846c022685dcbd0d5eb8e8c7f16ed15ad74d,2,1,355,182,False,False
r3-pilot,62fc2a11f58ff84c748cd8a90968846c022685dcbd0d5eb8e8c7f16ed15ad74d,2,1,356,182,False,False
r3-pilot,62fc2a11f58ff84c748cd8a90968846c022685dcbd0d5eb8e8c7f16ed15ad74d,2,1,357,182,False,False
r3-pilot,62fc2a11f58ff84c748cd8a90968846c022685dcbd0d5eb8e8c7f16ed15ad74d,2,1,358,182,False,False
r3-pilot,62fc2a11f58ff84c748cd8a90968846c022685dcbd0d5eb8e8c7f16ed15ad74d,2,1,359,182,False,False
r3-pilot,62fc2a11f58ff84c748cd8a90968846c022685dcbd0d5eb8e8c7f16ed15ad74d,2,1,360,182,False,False
r3-pilot,62fc2a11f58ff84c748cd8a90968846c022685dcbd0d5eb8e8c7f16ed15ad74d,2,1,361,182,False,False
r3-pilot,62fc2a11f58ff84c748cd8a90968846c022685dcbd0d5eb8e8c7f16ed15ad74d,2,1,362,182,False,False
r3-pilot,62fc2a11f58ff84c748cd8a90968846c022685dcbd0d5eb8e8c7f16ed15ad74d,2,1,363,182,False,False
r3-pilot,62fc2a11f58ff84c748cd8a90968846c022685dcbd0d5eb8e8c7f16ed15ad74d,2,1,364,182,False,False
r3-pilot,62fc2a11f58ff84c748cd8a90968846c022685dcbd0d5eb8e8c7f16ed15ad74d,2,1,365,182,False,False
r3-pilot,62fc2a11f58ff84c748cd8a90968846c022685dcbd0d5eb8e8c7f16ed15ad74d,2,1,366,182,False,False
r3-pilot,62fc2a11f58ff84c748cd8a90968846c022685dcbd0d5eb8e8c7f16ed15ad74d,2,1,367,182,False,False
r3-pilot,62fc2a11f58ff84c748cd8a90968846c022685dcbd0d5eb8e8c7f16ed15ad74d,2,1,368,182,False,False
r3-pilot,62fc2a11f58ff84c748cd8a90968846c022685dcbd0d5eb8e8c7f16ed15ad74d,2,1,286,183,False,True
r3-pilot,62fc2a11f58ff84c748cd8a90968846c022685dcbd0d5eb8e8c7f16ed15ad74d,2,1,287,183,False,False
r3-pilot,62fc2a11f58ff84c748cd8a90968846c022685dcbd0d5eb8e8c7f16ed15ad74d,2,1,288,183,False,False
r3-pilot,62fc2a11f58ff84c748cd8a90968846c022685dcbd0d5eb8e8c7f16ed15ad74d,2,1,289,183,False,False
r3-pilot,62fc2a11f58ff84c748cd8a90968846c022685dcbd0d5eb8e8c7f16ed15ad74d,2,1,290,183,False,False
r3-pilot,62fc2a11f58ff84c748cd8a90968846c022685dcbd0d5eb8e8c7f16ed15ad74d,2,1,291,183,False,False
r3-pilot,62fc2a11f58ff84c748cd8a90968846c022685dcbd0d5eb8e8c7f16ed15ad74d,2,1,292,183,False,False
r3-pilot,62fc2a11f58ff84c748cd8a90968846c022685dcbd0d5eb8e8c7f16ed15ad74d,2,1,293,183,False,False
r3-pilot,62fc2a11f58ff84c748cd8a90968846c022685dcbd0d5eb8e8c7f16ed15ad74d,2,1,294,183,False,False
r3-pilot,62fc2a11f58ff84c748cd8a90968846c022685dcbd0d5eb8e8c7f16ed15ad74d,2,1,295,183,False,False
r3-pilot,62fc2a11f58ff84c748cd8a90968846c022685dcbd0d5eb8e8c7f16ed15ad74d,2,1,296,183,False,False
r3-pilot,62fc2a11f58ff84c748cd8a90968846c022685dcbd0d5eb8e8c7f16ed15ad74d,2,1,297,183,False,False
r3-pilot,62fc2a11f58ff84c748cd8a90968846c022685dcbd0d5eb8e8c7f16ed15ad74d,2,1,298,183,False,False
r3-pilot,62fc2a11f58ff84c748cd8a90968846c022685dcbd0d5eb8e8c7f16ed15ad74d,2,1,299,183,False,False
r3-pilot,62fc2a11f58ff84c748cd8a90968846c022685dcbd0d5eb8e8c7f16ed15ad74d,2,1,300,183,False,False
r3-pilot,62fc2a11f58ff84c748cd8a90968846c022685dcbd0d5eb8e8c7f16ed15ad74d,2,1,301,183,False,False
r3-pilot,62fc2a11f58ff84c748cd8a90968846c022685dcbd0d5eb8e8c7f16ed15ad74d,2,1,302,183,False,False
r3-pilot,62fc2a11f58ff84c748cd8a90968846c022685dcbd0d5eb8e8c7f16ed15ad74d,2,1,303,183,False,False
r3-pilot,62fc2a11f58ff84c748cd8a90968846c022685dcbd0d5eb8e8c7f16ed15ad74d,2,1,304,183,False,False
r3-pilot,62fc2a11f58ff84c748cd8a90968846c022685dcbd0d5eb8e8c7f16ed15ad74d,2,1,305,183,False,False
r3-pilot,62fc2a11f58ff84c748cd8a90968846c022685dcbd0d5eb8e8c7f16ed15ad74d,2,1,306,183,False,False
r3-pilot,62fc2a11f58ff84c748cd8a90968846c022685dcbd0d5eb8e8c7f16ed15ad74d,2,1,307,183,False,False
r3-pilot,62fc2a11f58ff84c748cd8a90968846c022685dcbd0d5eb8e8c7f16ed15ad74d,2,1,308,183,False,False
r3-pilot,62fc2a11f58ff84c748cd8a90968846c022685dcbd0d5eb8e8c7f16ed15ad74d,2,1,309,183,False,False
r3-pilot,62fc2a11f58ff84c748cd8a90968846c022685dcbd0d5eb8e8c7f16ed15ad74d,2,1,310,183,False,False
r3-pilot,62fc2a11f58ff84c748cd8a90968846c022685dcbd0d5eb8e8c7f16ed15ad74d,2,1,311,183,False,False
r3-pilot,62fc2a11f58ff84c748cd8a90968846c022685dcbd0d5eb8e8c7f16ed15ad74d,2,1,312,183,False,False
r3-pilot,62fc2a11f58ff84c748cd8a90968846c022685dcbd0d5eb8e8c7f16ed15ad74d,2,1,313,183,False,False
r3-pilot,62fc2a11f58ff84c748cd8a90968846c022685dcbd0d5eb8e8c7f16ed15ad74d,2,1,314,183,False,False
r3-pilot,62fc2a11f58ff84c748cd8a90968846c022685dcbd0d5eb8e8c7f16ed15ad74d,2,1,315,183,False,False
r3-pilot,62fc2a11f58ff84c748cd8a90968846c022685dcbd0d5eb8e8c7f16ed15ad74d,2,1,316,183,False,False
r3-pilot,62fc2a11f58ff84c748cd8a90968846c022685dcbd0d5eb8e8c7f16ed15ad74d,2,1,317,183,False,False
r3-pilot,62fc2a11f58ff84c748cd8a90968846c022685dcbd0d5eb8e8c7f16ed15ad74d,2,1,318,183,False,False
r3-pilot,62fc2a11f58ff84c748cd8a90968846c022685dcbd0d5eb8e8c7f16ed15ad74d,2,1,319,183,False,False
r3-pilot,62fc2a11f58ff84c748cd8a90968846c022685dcbd0d5eb8e8c7f16ed15ad74d,2,1,320,183,False,False
r3-pilot,62fc2a11f58ff84c748cd8a90968846c022685dcbd0d5eb8e8c7f16ed15ad74d,2,1,321,183,False,False
r3-pilot,62fc2a11f58ff84c748cd8a90968846c022685dcbd0d5eb8e8c7f16ed15ad74d,2,1,322,183,False,False
r3-pilot,62fc2a11f58ff84c748cd8a90968846c022685dcbd0d5eb8e8c7f16ed15ad74d,2,1,323,183,False,False
r3-pilot,62fc2a11f58ff84c748cd8a90968846c022685dcbd0d5eb8e8c7f16ed15ad74d,2,1,324,183,False,False
r3-pilot,62fc2a11f58ff84c748cd8a90968846c022685dcbd0d5eb8e8c7f16ed15ad74d,2,1,325,183,False,False
r3-pilot,62fc2a11f58ff84c748cd8a90968846c022685dcbd0d5eb8e8c7f16ed15ad74d,2,1,326,183,False,False
r3-pilot,62fc2a11f58ff84c748cd8a90968846c022685dcbd0d5eb8e8c7f16ed15ad74d,2,1,327,183,False,False
r3-pilot,62fc2a11f58ff84c748cd8a90968846c022685dcbd0d5eb8e8c7f16ed15ad74d,2,1,328,183,False,False
r3-pilot,62fc2a11f58ff84c748cd8a90968846c022685dcbd0d5eb8e8c7f16ed15ad74d,2,1,329,183,False,False
r3-pilot,62fc2a11f58ff84c748cd8a90968846c022685dcbd0d5eb8e8c7f16ed15ad74d,2,1,330,183,False,False
r3-pilot,62fc2a11f58ff84c748cd8a90968846c022685dcbd0d5eb8e8c7f16ed15ad74d,2,1,331,183,False,False
r3-pilot,62fc2a11f58ff84c748cd8a90968846c022685dcbd0d5eb8e8c7f16ed15ad74d,2,1,332,183,False,False
r3-pilot,62fc2a11f58ff84c748cd8a90968846c022685dcbd0d5eb8e8c7f16ed15ad74d,2,1,333,183,False,False
r3-pilot,62fc2a11f58ff84c748cd8a90968846c022685dcbd0d5eb8e8c7f16ed15ad74d,2,1,334,183,False,False
r3-pilot,62fc2a11f58ff84c748cd8a90968846c022685dcbd0d5eb8e8c7f16ed15ad74d,2,1,335,183,False,False
r3-pilot,62fc2a11f58ff84c748cd8a90968846c022685dcbd0d5eb8e8c7f16ed15ad74d,2,1,336,183,False,False
r3-pilot,62fc2a11f58ff84c748cd8a90968846c022685dcbd0d5eb8e8c7f16ed15ad74d,2,1,337,183,False,False
r3-pilot,62fc2a11f58ff84c748cd8a90968846c022685dcbd0d5eb8e8c7f16ed15ad74d,2,1,338,183,False,False
r3-pilot,62fc2a11f58ff84c748cd8a90968846c022685dcbd0d5eb8e8c7f16ed15ad74d,2,1,339,183,False,False
r3-pilot,62fc2a11f58ff84c748cd8a90968846c022685dcbd0d5eb8e8c7f16ed15ad74d,2,1,340,183,False,False
r3-pilot,62fc2a11f58ff84c748cd8a90968846c022685dcbd0d5eb8e8c7f16ed15ad74d,2,1,341,183,False,False
r3-pilot,62fc2a11f58ff84c748cd8a90968846c022685dcbd0d5eb8e8c7f16ed15ad74d,2,1,342,183,False,False
r3-pilot,62fc2a11f58ff84c748cd8a90968846c022685dcbd0d5eb8e8c7f16ed15ad74d,2,1,343,183,False,False
r3-pilot,62fc2a11f58ff84c748cd8a90968846c022685dcbd0d5eb8e8c7f16ed15ad74d,2,1,344,183,False,False
r3-pilot,62fc2a11f58ff84c748cd8a90968846c022685dcbd0d5eb8e8c7f16ed15ad74d,2,1,345,183,False,False
r3-pilot,62fc2a11f58ff84c748cd8a90968846c022685dcbd0d5eb8e8c7f16ed15ad74d,2,1,346,183,False,False
r3-pilot,62fc2a11f58ff84c748cd8a90968846c022685dcbd0d5eb8e8c7f16ed15ad74d,2,1,347,183,False,False
r3-pilot,62fc2a11f58ff84c748cd8a90968846c022685dcbd0d5eb8e8c7f16ed15ad74d,2,1,348,183,False,False
r3-pilot,62fc2a11f58ff84c748cd8a90968846c022685dcbd0d5eb8e8c7f16ed15ad74d,2,1,349,183,False,False
r3-pilot,62fc2a11f58ff84c748cd8a90968846c022685dcbd0d5eb8e8c7f16ed15ad74d,2,1,350,183,False,False
r3-pilot,62fc2a11f58ff84c748cd8a90968846c022685dcbd0d5eb8e8c7f16ed15ad74d,2,1,351,183,False,False
r3-pilot,62fc2a11f58ff84c748cd8a90968846c022685dcbd0d5eb8e8c7f16ed15ad74d,2,1,352,183,False,False
r3-pilot,62fc2a11f58ff84c748cd8a90968846c022685dcbd0d5eb8e8c7f16ed15ad74d,2,1,353,183,False,False
r3-pilot,62fc2a11f58ff84c748cd8a90968846c022685dcbd0d5eb8e8c7f16ed15ad74d,2,1,354,183,False,False
r3-pilot,62fc2a11f58ff84c748cd8a90968846c022685dcbd0d5eb8e8c7f16ed15ad74d,2,1,355,183,False,False
r3-pilot,62fc2a11f58ff84c748cd8a90968846c022685dcbd0d5eb8e8c7f16ed15ad74d,2,1,356,183,False,False
r3-pilot,62fc2a11f58ff84c748cd8a90968846c022685dcbd0d5eb8e8c7f16ed15ad74d,2,1,357,183,False,False
r3-pilot,62fc2a11f58ff84c748cd8a90968846c022685dcbd0d5eb8e8c7f16ed15ad74d,2,1,358,183,False,False
r3-pilot,62fc2a11f58ff84c748cd8a90968846c022685dcbd0d5eb8e8c7f16ed15ad74d,2,1,359,183,False,False
r3-pilot,62fc2a11f58ff84c748cd8a90968846c022685dcbd0d5eb8e8c7f16ed15ad74d,2,1,360,183,False,False
r3-pilot,62fc2a11f58ff84c748cd8a90968846c022685dcbd0d5eb8e8c7f16ed15ad74d,2,1,361,183,False,False
r3-pilot,62fc2a11f58ff84c748cd8a90968846c022685dcbd0d5eb8e8c7f16ed15ad74d,2,1,362,183,False,False
r3-pilot,62fc2a11f58ff84c748cd8a90968846c022685dcbd0d5eb8e8c7f16ed15ad74d,2,1,363,183,False,False
r3-pilot,62fc2a11f58ff84c748cd8a90968846c022685dcbd0d5eb8e8c7f16ed15ad74d,2,1,364,183,False,False
r3-pilot,62fc2a11f58ff84c748cd8a90968846c022685dcbd0d5eb8e8c7f16ed15ad74d,2,1,365,183,False,False
r3-pilot,62fc2a11f58ff84c748cd8a90968846c022685dcbd0d5eb8e8c7f16ed15ad74d,2,1,366,183,False,False
r3-pilot,62fc2a11f58ff84c748cd8a90968846c022685dcbd0d5eb8e8c7f16ed15ad74d,2,1,367,183,False,False
r3-pilot,62fc2a11f58ff84c748cd8a90968846c022685dcbd0d5eb8e8c7f16ed15ad74d,2,1,286,184,False,True
r3-pilot,62fc2a11f58ff84c748cd8a90968846c022685dcbd0d5eb8e8c7f16ed15ad74d,2,1,287,184,False,False
r3-pilot,62fc2a11f58ff84c748cd8a90968846c022685dcbd0d5eb8e8c7f16ed15ad74d,2,1,288,184,False,False
r3-pilot,62fc2a11f58ff84c748cd8a90968846c022685dcbd0d5eb8e8c7f16ed15ad74d,2,1,289,184,False,False
r3-pilot,62fc2a11f58ff84c748cd8a90968846c022685dcbd0d5eb8e8c7f16ed15ad74d,2,1,290,184,False,False
r3-pilot,62fc2a11f58ff84c748cd8a90968846c022685dcbd0d5eb8e8c7f16ed15ad74d,2,1,291,184,False,False
r3-pilot,62fc2a11f58ff84c748cd8a90968846c022685dcbd0d5eb8e8c7f16ed15ad74d,2,1,292,184,False,False
r3-pilot,62fc2a11f58ff84c748cd8a90968846c022685dcbd0d5eb8e8c7f16ed15ad74d,2,1,293,184,False,False
r3-pilot,62fc2a11f58ff84c748cd8a90968846c022685dcbd0d5eb8e8c7f16ed15ad74d,2,1,294,184,False,False
r3-pilot,62fc2a11f58ff84c748cd8a90968846c022685dcbd0d5eb8e8c7f16ed15ad74d,2,1,295,184,False,False
r3-pilot,62fc2a11f58ff84c748cd8a90968846c022685dcbd0d5eb8e8c7f16ed15ad74d,2,1,296,184,False,False
r3-pilot,62fc2a11f58ff84c748cd8a90968846c022685dcbd0d5eb8e8c7f16ed15ad74d,2,1,297,184,False,False
r3-pilot,62fc2a11f58ff84c748cd8a90968846c022685dcbd0d5eb8e8c7f16ed15ad74d,2,1,298,184,False,False
r3-pilot,62fc2a11f58ff84c748cd8a90968846c022685dcbd0d5eb8e8c7f16ed15ad74d,2,1,299,184,False,False
r3-pilot,62fc2a11f58ff84c748cd8a90968846c022685dcbd0d5eb8e8c7f16ed15ad74d,2,1,300,184,False,False
r3-pilot,62fc2a11f58ff84c748cd8a90968846c022685dcbd0d5eb8e8c7f16ed15ad74d,2,1,301,184,False,False
r3-pilot,62fc2a11f58ff84c748cd8a90968846c022685dcbd0d5eb8e8c7f16ed15ad74d,2,1,302,184,False,False
r3-pilot,62fc2a11f58ff84c748cd8a90968846c022685dcbd0d5eb8e8c7f16ed15ad74d,2,1,303,184,False,False
r3-pilot,62fc2a11f58ff84c748cd8a90968846c022685dcbd0d5eb8e8c7f16ed15ad74d,2,1,304,184,False,False
r3-pilot,62fc2a11f58ff84c748cd8a90968846c022685dcbd0d5eb8e8c7f16ed15ad74d,2,1,305,184,False,False
r3-pilot,62fc2a11f58ff84c748cd8a90968846c022685dcbd0d5eb8e8c7f16ed15ad74d,2,1,306,184,False,False
r3-pilot,62fc2a11f58ff84c748cd8a90968846c022685dcbd0d5eb8e8c7f16ed15ad74d,2,1,307,184,False,False
r3-pilot,62fc2a11f58ff84c748cd8a90968846c022685dcbd0d5eb8e8c7f16ed15ad74d,2,1,308,184,False,False
r3-pilot,62fc2a11f58ff84c748cd8a90968846c022685dcbd0d5eb8e8c7f16ed15ad74d,2,1,309,184,False,False
r3-pilot,62fc2a11f58ff84c748cd8a90968846c022685dcbd0d5eb8e8c7f16ed15ad74d,2,1,310,184,False,False
r3-pilot,62fc2a11f58ff84c748cd8a90968846c022685dcbd0d5eb8e8c7f16ed15ad74d,2,1,311,184,False,False
r3-pilot,62fc2a11f58ff84c748cd8a90968846c022685dcbd0d5eb8e8c7f16ed15ad74d,2,1,312,184,False,False
r3-pilot,62fc2a11f58ff84c748cd8a90968846c022685dcbd0d5eb8e8c7f16ed15ad74d,2,1,313,184,False,False
r3-pilot,62fc2a11f58ff84c748cd8a90968846c022685dcbd0d5eb8e8c7f16ed15ad74d,2,1,314,184,False,False
r3-pilot,62fc2a11f58ff84c748cd8a90968846c022685dcbd0d5eb8e8c7f16ed15ad74d,2,1,315,184,False,False
r3-pilot,62fc2a11f58ff84c748cd8a90968846c022685dcbd0d5eb8e8c7f16ed15ad74d,2,1,316,184,False,False
r3-pilot,62fc2a11f58ff84c748cd8a90968846c022685dcbd0d5eb8e8c7f16ed15ad74d,2,1,317,184,False,False
r3-pilot,62fc2a11f58ff84c748cd8a90968846c022685dcbd0d5eb8e8c7f16ed15ad74d,2,1,318,184,False,False
r3-pilot,62fc2a11f58ff84c748cd8a90968846c022685dcbd0d5eb8e8c7f16ed15ad74d,2,1,319,184,False,False
r3-pilot,62fc2a11f58ff84c748cd8a90968846c022685dcbd0d5eb8e8c7f16ed15ad74d,2,1,320,184,False,False
r3-pilot,62fc2a11f58ff84c748cd8a90968846c022685dcbd0d5eb8e8c7f16ed15ad74d,2,1,321,184,False,False
r3-pilot,62fc2a11f58ff84c748cd8a90968846c022685dcbd0d5eb8e8c7f16ed15ad74d,2,1,322,184,False,False
r3-pilot,62fc2a11f58ff84c748cd8a90968846c022685dcbd0d5eb8e8c7f16ed15ad74d,2,1,323,184,False,False
r3-pilot,62fc2a11f58ff84c748cd8a90968846c022685dcbd0d5eb8e8c7f16ed15ad74d,2,1,324,184,False,False
r3-pilot,62fc2a11f58ff84c748cd8a90968846c022685dcbd0d5eb8e8c7f16ed15ad74d,2,1,325,184,False,False
r3-pilot,62fc2a11f58ff84c748cd8a90968846c022685dcbd0d5eb8e8c7f16ed15ad74d,2,1,326,184,False,False
r3-pilot,62fc2a11f58ff84c748cd8a90968846c022685dcbd0d5eb8e8c7f16ed15ad74d,2,1,327,184,False,False
r3-pilot,62fc2a11f58ff84c748cd8a90968846c022685dcbd0d5eb8e8c7f16ed15ad74d,2,1,328,184,False,False
r3-pilot,62fc2a11f58ff84c748cd8a90968846c022685dcbd0d5eb8e8c7f16ed15ad74d,2,1,329,184,False,False
r3-pilot,62fc2a11f58ff84c748cd8a90968846c022685dcbd0d5eb8e8c7f16ed15ad74d,2,1,330,184,False,False
r3-pilot,62fc2a11f58ff84c748cd8a90968846c022685dcbd0d5eb8e8c7f16ed15ad74d,2,1,331,184,False,False
r3-pilot,62fc2a11f58ff84c748cd8a90968846c022685dcbd0d5eb8e8c7f16ed15ad74d,2,1,332,184,False,False
r3-pilot,62fc2a11f58ff84c748cd8a90968846c022685dcbd0d5eb8e8c7f16ed15ad74d,2,1,333,184,False,False
r3-pilot,62fc2a11f58ff84c748cd8a90968846c022685dcbd0d5eb8e8c7f16ed15ad74d,2,1,334,184,False,False
r3-pilot,62fc2a11f58ff84c748cd8a90968846c022685dcbd0d5eb8e8c7f16ed15ad74d,2,1,335,184,False,False
r3-pilot,62fc2a11f58ff84c748cd8a90968846c022685dcbd0d5eb8e8c7f16ed15ad74d,2,1,336,184,False,False
r3-pilot,62fc2a11f58ff84c748cd8a90968846c022685dcbd0d5eb8e8c7f16ed15ad74d,2,1,337,184,False,False
r3-pilot,62fc2a11f58ff84c748cd8a90968846c022685dcbd0d5eb8e8c7f16ed15ad74d,2,1,338,184,False,False
r3-pilot,62fc2a11f58ff84c748cd8a90968846c022685dcbd0d5eb8e8c7f16ed15ad74d,2,1,339,184,False,False
r3-pilot,62fc2a11f58ff84c748cd8a90968846c022685dcbd0d5eb8e8c7f16ed15ad74d,2,1,340,184,False,False
r3-pilot,62fc2a11f58ff84c748cd8a90968846c022685dcbd0d5eb8e8c7f16ed15ad74d,2,1,341,184,False,False
r3-pilot,62fc2a11f58ff84c748cd8a90968846c022685dcbd0d5eb8e8c7f16ed15ad74d,2,1,342,184,False,False
r3-pilot,62fc2a11f58ff84c748cd8a90968846c022685dcbd0d5eb8e8c7f16ed15ad74d,2,1,343,184,False,False
r3-pilot,62fc2a11f58ff84c748cd8a90968846c022685dcbd0d5eb8e8c7f16ed15ad74d,2,1,344,184,False,False
r3-pilot,62fc2a11f58ff84c748cd8a90968846c022685dcbd0d5eb8e8c7f16ed15ad74d,2,1,345,184,False,False
r3-pilot,62fc2a11f58ff84c748cd8a90968846c022685dcbd0d5eb8e8c7f16ed15ad74d,2,1,346,184,False,False
r3-pilot,62fc2a11f58ff84c748cd8a90968846c022685dcbd0d5eb8e8c7f16ed15ad74d,2,1,347,184,False,False
r3-pilot,62fc2a11f58ff84c748cd8a90968846c022685dcbd0d5eb8e8c7f16ed15ad74d,2,1,348,184,False,False
r3-pilot,62fc2a11f58ff84c748cd8a90968846c022685dcbd0d5eb8e8c7f16ed15ad74d,2,1,349,184,False,False
r3-pilot,62fc2a11f58ff84c748cd8a90968846c022685dcbd0d5eb8e8c7f16ed15ad74d,2,1,350,184,False,False
r3-pilot,62fc2a11f58ff84c748cd8a90968846c022685dcbd0d5eb8e8c7f16ed15ad74d,2,1,351,184,False,False
r3-pilot,62fc2a11f58ff84c748cd8a90968846c022685dcbd0d5eb8e8c7f16ed15ad74d,2,1,352,184,False,False
r3-pilot,62fc2a11f58ff84c748cd8a90968846c022685dcbd0d5eb8e8c7f16ed15ad74d,2,1,353,184,False,False
r3-pilot,62fc2a11f58ff84c748cd8a90968846c022685dcbd0d5eb8e8c7f16ed15ad74d,2,1,354,184,False,False
r3-pilot,62fc2a11f58ff84c748cd8a90968846c022685dcbd0d5eb8e8c7f16ed15ad74d,2,1,355,184,False,False
r3-pilot,62fc2a11f58ff84c748cd8a90968846c022685dcbd0d5eb8e8c7f16ed15ad74d,2,1,356,184,False,False
r3-pilot,62fc2a11f58ff84c748cd8a90968846c022685dcbd0d5eb8e8c7f16ed15ad74d,2,1,357,184,False,False
r3-pilot,62fc2a11f58ff84c748cd8a90968846c022685dcbd0d5eb8e8c7f16ed15ad74d,2,1,358,184,False,False
r3-pilot,62fc2a11f58ff84c748cd8a90968846c022685dcbd0d5eb8e8c7f16ed15ad74d,2,1,359,184,False,False
r3-pilot,62fc2a11f58ff84c748cd8a90968846c022685dcbd0d5eb8e8c7f16ed15ad74d,2,1,360,184,False,False
r3-pilot,62fc2a11f58ff84c748cd8a90968846c022685dcbd0d5eb8e8c7f16ed15ad74d,2,1,361,184,False,False
r3-pilot,62fc2a11f58ff84c748cd8a90968846c022685dcbd0d5eb8e8c7f16ed15ad74d,2,1,362,184,False,False
r3-pilot,62fc2a11f58ff84c748cd8a90968846c022685dcbd0d5eb8e8c7f16ed15ad74d,2,1,363,184,False,False
r3-pilot,62fc2a11f58ff84c748cd8a90968846c022685dcbd0d5eb8e8c7f16ed15ad74d,2,1,364,184,False,False
r3-pilot,62fc2a11f58ff84c748cd8a90968846c022685dcbd0d5eb8e8c7f16ed15ad74d,2,1,365,184,False,False
r3-pilot,62fc2a11f58ff84c748cd8a90968846c022685dcbd0d5eb8e8c7f16ed15ad74d,2,1,366,184,False,False
r3-pilot,62fc2a11f58ff84c748cd8a90968846c022685dcbd0d5eb8e8c7f16ed15ad74d,2,1,367,184,False,False
r3-pilot,62fc2a11f58ff84c748cd8a90968846c022685dcbd0d5eb8e8c7f16ed15ad74d,2,1,368,184,False,False
r3-pilot,62fc2a11f58ff84c748cd8a90968846c022685dcbd0d5eb8e8c7f16ed15ad74d,2,1,286,185,False,True
r3-pilot,62fc2a11f58ff84c748cd8a90968846c022685dcbd0d5eb8e8c7f16ed15ad74d,2,1,287,185,False,False
r3-pilot,62fc2a11f58ff84c748cd8a90968846c022685dcbd0d5eb8e8c7f16ed15ad74d,2,1,288,185,False,False
r3-pilot,62fc2a11f58ff84c748cd8a90968846c022685dcbd0d5eb8e8c7f16ed15ad74d,2,1,289,185,False,False
r3-pilot,62fc2a11f58ff84c748cd8a90968846c022685dcbd0d5eb8e8c7f16ed15ad74d,2,1,290,185,False,False
r3-pilot,62fc2a11f58ff84c748cd8a90968846c022685dcbd0d5eb8e8c7f16ed15ad74d,2,1,291,185,False,False
r3-pilot,62fc2a11f58ff84c748cd8a90968846c022685dcbd0d5eb8e8c7f16ed15ad74d,2,1,292,185,False,False
r3-pilot,62fc2a11f58ff84c748cd8a90968846c022685dcbd0d5eb8e8c7f16ed15ad74d,2,1,293,185,False,False
r3-pilot,62fc2a11f58ff84c748cd8a90968846c022685dcbd0d5eb8e8c7f16ed15ad74d,2,1,294,185,False,False
r3-pilot,62fc2a11f58ff84c748cd8a90968846c022685dcbd0d5eb8e8c7f16ed15ad74d,2,1,295,185,False,False
r3-pilot,62fc2a11f58ff84c748cd8a90968846c022685dcbd0d5eb8e8c7f16ed15ad74d,2,1,296,185,False,False
r3-pilot,62fc2a11f58ff84c748cd8a90968846c022685dcbd0d5eb8e8c7f16ed15ad74d,2,1,297,185,False,False
r3-pilot,62fc2a11f58ff84c748cd8a90968846c022685dcbd0d5eb8e8c7f16ed15ad74d,2,1,298,185,False,False
r3-pilot,62fc2a11f58ff84c748cd8a90968846c022685dcbd0d5eb8e8c7f16ed15ad74d,2,1,299,185,False,False
r3-pilot,62fc2a11f58ff84c748cd8a90968846c022685dcbd0d5eb8e8c7f16ed15ad74d,2,1,300,185,False,False
r3-pilot,62fc2a11f58ff84c748cd8a90968846c022685dcbd0d5eb8e8c7f16ed15ad74d,2,1,301,185,False,False
r3-pilot,62fc2a11f58ff84c748cd8a90968846c022685dcbd0d5eb8e8c7f16ed15ad74d,2,1,302,185,False,False
r3-pilot,62fc2a11f58ff84c748cd8a90968846c022685dcbd0d5eb8e8c7f16ed15ad74d,2,1,303,185,False,False
r3-pilot,62fc2a11f58ff84c748cd8a90968846c022685dcbd0d5eb8e8c7f16ed15ad74d,2,1,304,185,False,False
r3-pilot,62fc2a11f58ff84c748cd8a90968846c022685dcbd0d5eb8e8c7f16ed15ad74d,2,1,305,185,False,False
r3-pilot,62fc2a11f58ff84c748cd8a90968846c022685dcbd0d5eb8e8c7f16ed15ad74d,2,1,306,185,False,False
r3-pilot,62fc2a11f58ff84c748cd8a90968846c022685dcbd0d5eb8e8c7f16ed15ad74d,2,1,307,185,False,False
r3-pilot,62fc2a11f58ff84c748cd8a90968846c022685dcbd0d5eb8e8c7f16ed15ad74d,2,1,308,185,False,False
r3-pilot,62fc2a11f58ff84c748cd8a90968846c022685dcbd0d5eb8e8c7f16ed15ad74d,2,1,309,185,False,False
r3-pilot,62fc2a11f58ff84c748cd8a90968846c022685dcbd0d5eb8e8c7f16ed15ad74d,2,1,310,185,False,False
r3-pilot,62fc2a11f58ff84c748cd8a90968846c022685dcbd0d5eb8e8c7f16ed15ad74d,2,1,311,185,False,False
r3-pilot,62fc2a11f58ff84c748cd8a90968846c022685dcbd0d5eb8e8c7f16ed15ad74d,2,1,312,185,False,False
r3-pilot,62fc2a11f58ff84c748cd8a90968846c022685dcbd0d5eb8e8c7f16ed15ad74d,2,1,313,185,False,False
r3-pilot,62fc2a11f58ff84c748cd8a90968846c022685dcbd0d5eb8e8c7f16ed15ad74d,2,1,314,185,False,False
r3-pilot,62fc2a11f58ff84c748cd8a90968846c022685dcbd0d5eb8e8c7f16ed15ad74d,2,1,315,185,False,False
r3-pilot,62fc2a11f58ff84c748cd8a90968846c022685dcbd0d5eb8e8c7f16ed15ad74d,2,1,316,185,False,False
r3-pilot,62fc2a11f58ff84c748cd8a90968846c022685dcbd0d5eb8e8c7f16ed15ad74d,2,1,317,185,False,False
r3-pilot,62fc2a11f58ff84c748cd8a90968846c022685dcbd0d5eb8e8c7f16ed15ad74d,2,1,318,185,False,False
r3-pilot,62fc2a11f58ff84c748cd8a90968846c022685dcbd0d5eb8e8c7f16ed15ad74d,2,1,319,185,False,False
r3-pilot,62fc2a11f58ff84c748cd8a90968846c022685dcbd0d5eb8e8c7f16ed15ad74d,2,1,320,185,False,False
r3-pilot,62fc2a11f58ff84c748cd8a90968846c022685dcbd0d5eb8e8c7f16ed15ad74d,2,1,321,185,False,False
r3-pilot,62fc2a11f58ff84c748cd8a90968846c022685dcbd0d5eb8e8c7f16ed15ad74d,2,1,322,185,False,False
r3-pilot,62fc2a11f58ff84c748cd8a90968846c022685dcbd0d5eb8e8c7f16ed15ad74d,2,1,323,185,False,False
r3-pilot,62fc2a11f58ff84c748cd8a90968846c022685dcbd0d5eb8e8c7f16ed15ad74d,2,1,324,185,False,False
r3-pilot,62fc2a11f58ff84c748cd8a90968846c022685dcbd0d5eb8e8c7f16ed15ad74d,2,1,325,185,False,False
r3-pilot,62fc2a11f58ff84c748cd8a90968846c022685dcbd0d5eb8e8c7f16ed15ad74d,2,1,326,185,False,False
r3-pilot,62fc2a11f58ff84c748cd8a90968846c022685dcbd0d5eb8e8c7f16ed15ad74d,2,1,327,185,False,False
r3-pilot,62fc2a11f58ff84c748cd8a90968846c022685dcbd0d5eb8e8c7f16ed15ad74d,2,1,328,185,False,False
r3-pilot,62fc2a11f58ff84c748cd8a90968846c022685dcbd0d5eb8e8c7f16ed15ad74d,2,1,329,185,False,False
r3-pilot,62fc2a11f58ff84c748cd8a90968846c022685dcbd0d5eb8e8c7f16ed15ad74d,2,1,330,185,False,False
r3-pilot,62fc2a11f58ff84c748cd8a90968846c022685dcbd0d5eb8e8c7f16ed15ad74d,2,1,331,185,False,False
r3-pilot,62fc2a11f58ff84c748cd8a90968846c022685dcbd0d5eb8e8c7f16ed15ad74d,2,1,332,185,False,False
r3-pilot,62fc2a11f58ff84c748cd8a90968846c022685dcbd0d5eb8e8c7f16ed15ad74d,2,1,333,185,False,False
r3-pilot,62fc2a11f58ff84c748cd8a90968846c022685dcbd0d5eb8e8c7f16ed15ad74d,2,1,334,185,False,False
r3-pilot,62fc2a11f58ff84c748cd8a90968846c022685dcbd0d5eb8e8c7f16ed15ad74d,2,1,335,185,False,False
r3-pilot,62fc2a11f58ff84c748cd8a90968846c022685dcbd0d5eb8e8c7f16ed15ad74d,2,1,336,185,False,False
r3-pilot,62fc2a11f58ff84c748cd8a90968846c022685dcbd0d5eb8e8c7f16ed15ad74d,2,1,337,185,False,False
r3-pilot,62fc2a11f58ff84c748cd8a90968846c022685dcbd0d5eb8e8c7f16ed15ad74d,2,1,338,185,False,False
r3-pilot,62fc2a11f58ff84c748cd8a90968846c022685dcbd0d5eb8e8c7f16ed15ad74d,2,1,339,185,False,False
r3-pilot,62fc2a11f58ff84c748cd8a90968846c022685dcbd0d5eb8e8c7f16ed15ad74d,2,1,340,185,False,False
r3-pilot,62fc2a11f58ff84c748cd8a90968846c022685dcbd0d5eb8e8c7f16ed15ad74d,2,1,341,185,False,False
r3-pilot,62fc2a11f58ff84c748cd8a90968846c022685dcbd0d5eb8e8c7f16ed15ad74d,2,1,342,185,False,False
r3-pilot,62fc2a11f58ff84c748cd8a90968846c022685dcbd0d5eb8e8c7f16ed15ad74d,2,1,343,185,False,False
r3-pilot,62fc2a11f58ff84c748cd8a90968846c022685dcbd0d5eb8e8c7f16ed15ad74d,2,1,344,185,False,False
r3-pilot,62fc2a11f58ff84c748cd8a90968846c022685dcbd0d5eb8e8c7f16ed15ad74d,2,1,345,185,False,False
r3-pilot,62fc2a11f58ff84c748cd8a90968846c022685dcbd0d5eb8e8c7f16ed15ad74d,2,1,346,185,False,False
r3-pilot,62fc2a11f58ff84c748cd8a90968846c022685dcbd0d5eb8e8c7f16ed15ad74d,2,1,347,185,False,False
r3-pilot,62fc2a11f58ff84c748cd8a90968846c022685dcbd0d5eb8e8c7f16ed15ad74d,2,1,348,185,False,False
r3-pilot,62fc2a11f58ff84c748cd8a90968846c022685dcbd0d5eb8e8c7f16ed15ad74d,2,1,349,185,False,False
r3-pilot,62fc2a11f58ff84c748cd8a90968846c022685dcbd0d5eb8e8c7f16ed15ad74d,2,1,350,185,False,False
r3-pilot,62fc2a11f58ff84c748cd8a90968846c022685dcbd0d5eb8e8c7f16ed15ad74d,2,1,351,185,False,False
r3-pilot,62fc2a11f58ff84c748cd8a90968846c022685dcbd0d5eb8e8c7f16ed15ad74d,2,1,352,185,False,False
r3-pilot,62fc2a11f58ff84c748cd8a90968846c022685dcbd0d5eb8e8c7f16ed15ad74d,2,1,353,185,False,False
r3-pilot,62fc2a11f58ff84c748cd8a90968846c022685dcbd0d5eb8e8c7f16ed15ad74d,2,1,354,185,False,False
r3-pilot,62fc2a11f58ff84c748cd8a90968846c022685dcbd0d5eb8e8c7f16ed15ad74d,2,1,355,185,False,False
r3-pilot,62fc2a11f58ff84c748cd8a90968846c022685dcbd0d5eb8e8c7f16ed15ad74d,2,1,356,185,False,False
r3-pilot,62fc2a11f58ff84c748cd8a90968846c022685dcbd0d5eb8e8c7f16ed15ad74d,2,1,357,185,False,False
r3-pilot,62fc2a11f58ff84c748cd8a90968846c022685dcbd0d5eb8e8c7f16ed15ad74d,2,1,358,185,False,False
r3-pilot,62fc2a11f58ff84c748cd8a90968846c022685dcbd0d5eb8e8c7f16ed15ad74d,2,1,359,185,False,False
r3-pilot,62fc2a11f58ff84c748cd8a90968846c022685dcbd0d5eb8e8c7f16ed15ad74d,2,1,360,185,False,False
r3-pilot,62fc2a11f58ff84c748cd8a90968846c022685dcbd0d5eb8e8c7f16ed15ad74d,2,1,361,185,False,False
r3-pilot,62fc2a11f58ff84c748cd8a90968846c022685dcbd0d5eb8e8c7f16ed15ad74d,2,1,362,185,False,False
r3-pilot,62fc2a11f58ff84c748cd8a90968846c022685dcbd0d5eb8e8c7f16ed15ad74d,2,1,363,185,False,False
r3-pilot,62fc2a11f58ff84c748cd8a90968846c022685dcbd0d5eb8e8c7f16ed15ad74d,2,1,364,185,False,False
r3-pilot,62fc2a11f58ff84c748cd8a90968846c022685dcbd0d5eb8e8c7f16ed15ad74d,2,1,365,185,False,False
r3-pilot,62fc2a11f58ff84c748cd8a90968846c022685dcbd0d5eb8e8c7f16ed15ad74d,2,1,366,185,False,False
r3-pilot,62fc2a11f58ff84c748cd8a90968846c022685dcbd0d5eb8e8c7f16ed15ad74d,2,1,367,185,False,False
r3-pilot,62fc2a11f58ff84c748cd8a90968846c022685dcbd0d5eb8e8c7f16ed15ad74d,2,1,368,185,False,False
r3-pilot,62fc2a11f58ff84c748cd8a90968846c022685dcbd0d5eb8e8c7f16ed15ad74d,2,1,286,186,False,True
r3-pilot,62fc2a11f58ff84c748cd8a90968846c022685dcbd0d5eb8e8c7f16ed15ad74d,2,1,287,186,False,False
r3-pilot,62fc2a11f58ff84c748cd8a90968846c022685dcbd0d5eb8e8c7f16ed15ad74d,2,1,288,186,False,False
r3-pilot,62fc2a11f58ff84c748cd8a90968846c022685dcbd0d5eb8e8c7f16ed15ad74d,2,1,289,186,False,False
r3-pilot,62fc2a11f58ff84c748cd8a90968846c022685dcbd0d5eb8e8c7f16ed15ad74d,2,1,290,186,False,False
r3-pilot,62fc2a11f58ff84c748cd8a90968846c022685dcbd0d5eb8e8c7f16ed15ad74d,2,1,291,186,False,False
r3-pilot,62fc2a11f58ff84c748cd8a90968846c022685dcbd0d5eb8e8c7f16ed15ad74d,2,1,292,186,False,False
r3-pilot,62fc2a11f58ff84c748cd8a90968846c022685dcbd0d5eb8e8c7f16ed15ad74d,2,1,293,186,False,False
r3-pilot,62fc2a11f58ff84c748cd8a90968846c022685dcbd0d5eb8e8c7f16ed15ad74d,2,1,294,186,False,False
r3-pilot,62fc2a11f58ff84c748cd8a90968846c022685dcbd0d5eb8e8c7f16ed15ad74d,2,1,295,186,False,False
r3-pilot,62fc2a11f58ff84c748cd8a90968846c022685dcbd0d5eb8e8c7f16ed15ad74d,2,1,296,186,False,False
r3-pilot,62fc2a11f58ff84c748cd8a90968846c022685dcbd0d5eb8e8c7f16ed15ad74d,2,1,297,186,False,False
r3-pilot,62fc2a11f58ff84c748cd8a90968846c022685dcbd0d5eb8e8c7f16ed15ad74d,2,1,298,186,False,False
r3-pilot,62fc2a11f58ff84c748cd8a90968846c022685dcbd0d5eb8e8c7f16ed15ad74d,2,1,299,186,False,False
r3-pilot,62fc2a11f58ff84c748cd8a90968846c022685dcbd0d5eb8e8c7f16ed15ad74d,2,1,300,186,False,False
r3-pilot,62fc2a11f58ff84c748cd8a90968846c022685dcbd0d5eb8e8c7f16ed15ad74d,2,1,301,186,False,False
r3-pilot,62fc2a11f58ff84c748cd8a90968846c022685dcbd0d5eb8e8c7f16ed15ad74d,2,1,302,186,False,False
r3-pilot,62fc2a11f58ff84c748cd8a90968846c022685dcbd0d5eb8e8c7f16ed15ad74d,2,1,303,186,False,False
r3-pilot,62fc2a11f58ff84c748cd8a90968846c022685dcbd0d5eb8e8c7f16ed15ad74d,2,1,304,186,False,False
r3-pilot,62fc2a11f58ff84c748cd8a90968846c022685dcbd0d5eb8e8c7f16ed15ad74d,2,1,305,186,False,False
r3-pilot,62fc2a11f58ff84c748cd8a90968846c022685dcbd0d5eb8e8c7f16ed15ad74d,2,1,306,186,False,False
r3-pilot,62fc2a11f58ff84c748cd8a90968846c022685dcbd0d5eb8e8c7f16ed15ad74d,2,1,307,186,False,False
r3-pilot,62fc2a11f58ff84c748cd8a90968846c022685dcbd0d5eb8e8c7f16ed15ad74d,2,1,308,186,False,False
r3-pilot,62fc2a11f58ff84c748cd8a90968846c022685dcbd0d5eb8e8c7f16ed15ad74d,2,1,309,186,False,False
r3-pilot,62fc2a11f58ff84c748cd8a90968846c022685dcbd0d5eb8e8c7f16ed15ad74d,2,1,310,186,False,False
r3-pilot,62fc2a11f58ff84c748cd8a90968846c022685dcbd0d5eb8e8c7f16ed15ad74d,2,1,311,186,False,False
r3-pilot,62fc2a11f58ff84c748cd8a90968846c022685dcbd0d5eb8e8c7f16ed15ad74d,2,1,312,186,False,False
r3-pilot,62fc2a11f58ff84c748cd8a90968846c022685dcbd0d5eb8e8c7f16ed15ad74d,2,1,313,186,False,False
r3-pilot,62fc2a11f58ff84c748cd8a90968846c022685dcbd0d5eb8e8c7f16ed15ad74d,2,1,314,186,False,False
r3-pilot,62fc2a11f58ff84c748cd8a90968846c022685dcbd0d5eb8e8c7f16ed15ad74d,2,1,315,186,False,False
r3-pilot,62fc2a11f58ff84c748cd8a90968846c022685dcbd0d5eb8e8c7f16ed15ad74d,2,1,316,186,False,False
r3-pilot,62fc2a11f58ff84c748cd8a90968846c022685dcbd0d5eb8e8c7f16ed15ad74d,2,1,317,186,False,False
r3-pilot,62fc2a11f58ff84c748cd8a90968846c022685dcbd0d5eb8e8c7f16ed15ad74d,2,1,318,186,False,False
r3-pilot,62fc2a11f58ff84c748cd8a90968846c022685dcbd0d5eb8e8c7f16ed15ad74d,2,1,319,186,False,False
r3-pilot,62fc2a11f58ff84c748cd8a90968846c022685dcbd0d5eb8e8c7f16ed15ad74d,2,1,320,186,False,False
r3-pilot,62fc2a11f58ff84c748cd8a90968846c022685dcbd0d5eb8e8c7f16ed15ad74d,2,1,321,186,False,False
r3-pilot,62fc2a11f58ff84c748cd8a90968846c022685dcbd0d5eb8e8c7f16ed15ad74d,2,1,322,186,False,False
r3-pilot,62fc2a11f58ff84c748cd8a90968846c022685dcbd0d5eb8e8c7f16ed15ad74d,2,1,323,186,False,False
r3-pilot,62fc2a11f58ff84c748cd8a90968846c022685dcbd0d5eb8e8c7f16ed15ad74d,2,1,324,186,False,False
r3-pilot,62fc2a11f58ff84c748cd8a90968846c022685dcbd0d5eb8e8c7f16ed15ad74d,2,1,325,186,False,False
r3-pilot,62fc2a11f58ff84c748cd8a90968846c022685dcbd0d5eb8e8c7f16ed15ad74d,2,1,326,186,False,False
r3-pilot,62fc2a11f58ff84c748cd8a90968846c022685dcbd0d5eb8e8c7f16ed15ad74d,2,1,327,186,False,False
r3-pilot,62fc2a11f58ff84c748cd8a90968846c022685dcbd0d5eb8e8c7f16ed15ad74d,2,1,328,186,False,False
r3-pilot,62fc2a11f58ff84c748cd8a90968846c022685dcbd0d5eb8e8c7f16ed15ad74d,2,1,329,186,False,False
r3-pilot,62fc2a11f58ff84c748cd8a90968846c022685dcbd0d5eb8e8c7f16ed15ad74d,2,1,330,186,False,False
r3-pilot,62fc2a11f58ff84c748cd8a90968846c022685dcbd0d5eb8e8c7f16ed15ad74d,2,1,331,186,False,False
r3-pilot,62fc2a11f58ff84c748cd8a90968846c022685dcbd0d5eb8e8c7f16ed15ad74d,2,1,332,186,False,False
r3-pilot,62fc2a11f58ff84c748cd8a90968846c022685dcbd0d5eb8e8c7f16ed15ad74d,2,1,333,186,False,False
r3-pilot,62fc2a11f58ff84c748cd8a90968846c022685dcbd0d5eb8e8c7f16ed15ad74d,2,1,334,186,False,False
r3-pilot,62fc2a11f58ff84c748cd8a90968846c022685dcbd0d5eb8e8c7f16ed15ad74d,2,1,335,186,False,False
r3-pilot,62fc2a11f58ff84c748cd8a90968846c022685dcbd0d5eb8e8c7f16ed15ad74d,2,1,336,186,False,False
r3-pilot,62fc2a11f58ff84c748cd8a90968846c022685dcbd0d5eb8e8c7f16ed15ad74d,2,1,337,186,False,False
r3-pilot,62fc2a11f58ff84c748cd8a90968846c022685dcbd0d5eb8e8c7f16ed15ad74d,2,1,338,186,False,False
r3-pilot,62fc2a11f58ff84c748cd8a90968846c022685dcbd0d5eb8e8c7f16ed15ad74d,2,1,339,186,False,False
r3-pilot,62fc2a11f58ff84c748cd8a90968846c022685dcbd0d5eb8e8c7f16ed15ad74d,2,1,340,186,False,False
r3-pilot,62fc2a11f58ff84c748cd8a90968846c022685dcbd0d5eb8e8c7f16ed15ad74d,2,1,341,186,False,False
r3-pilot,62fc2a11f58ff84c748cd8a90968846c022685dcbd0d5eb8e8c7f16ed15ad74d,2,1,342,186,False,False
r3-pilot,62fc2a11f58ff84c748cd8a90968846c022685dcbd0d5eb8e8c7f16ed15ad74d,2,1,343,186,False,False
r3-pilot,62fc2a11f58ff84c748cd8a90968846c022685dcbd0d5eb8e8c7f16ed15ad74d,2,1,344,186,False,False
r3-pilot,62fc2a11f58ff84c748cd8a90968846c022685dcbd0d5eb8e8c7f16ed15ad74d,2,1,345,186,False,False
r3-pilot,62fc2a11f58ff84c748cd8a90968846c022685dcbd0d5eb8e8c7f16ed15ad74d,2,1,346,186,False,False
r3-pilot,62fc2a11f58ff84c748cd8a90968846c022685dcbd0d5eb8e8c7f16ed15ad74d,2,1,347,186,False,False
r3-pilot,62fc2a11f58ff84c748cd8a90968846c022685dcbd0d5eb8e8c7f16ed15ad74d,2,1,348,186,False,False
r3-pilot,62fc2a11f58ff84c748cd8a90968846c022685dcbd0d5eb8e8c7f16ed15ad74d,2,1,349,186,False,False
r3-pilot,62fc2a11f58ff84c748cd8a90968846c022685dcbd0d5eb8e8c7f16ed15ad74d,2,1,350,186,False,False
r3-pilot,62fc2a11f58ff84c748cd8a90968846c022685dcbd0d5eb8e8c7f16ed15ad74d,2,1,351,186,False,False
r3-pilot,62fc2a11f58ff84c748cd8a90968846c022685dcbd0d5eb8e8c7f16ed15ad74d,2,1,352,186,False,False
r3-pilot,62fc2a11f58ff84c748cd8a90968846c022685dcbd0d5eb8e8c7f16ed15ad74d,2,1,353,186,False,False
r3-pilot,62fc2a11f58ff84c748cd8a90968846c022685dcbd0d5eb8e8c7f16ed15ad74d,2,1,354,186,False,False
r3-pilot,62fc2a11f58ff84c748cd8a90968846c022685dcbd0d5eb8e8c7f16ed15ad74d,2,1,355,186,False,False
r3-pilot,62fc2a11f58ff84c748cd8a90968846c022685dcbd0d5eb8e8c7f16ed15ad74d,2,1,356,186,False,False
r3-pilot,62fc2a11f58ff84c748cd8a90968846c022685dcbd0d5eb8e8c7f16ed15ad74d,2,1,357,186,False,False
r3-pilot,62fc2a11f58ff84c748cd8a90968846c022685dcbd0d5eb8e8c7f16ed15ad74d,2,1,358,186,False,False
r3-pilot,62fc2a11f58ff84c748cd8a90968846c022685dcbd0d5eb8e8c7f16ed15ad74d,2,1,359,186,False,False
r3-pilot,62fc2a11f58ff84c748cd8a90968846c022685dcbd0d5eb8e8c7f16ed15ad74d,2,1,360,186,False,False
r3-pilot,62fc2a11f58ff84c748cd8a90968846c022685dcbd0d5eb8e8c7f16ed15ad74d,2,1,361,186,False,False
r3-pilot,62fc2a11f58ff84c748cd8a90968846c022685dcbd0d5eb8e8c7f16ed15ad74d,2,1,362,186,False,False
r3-pilot,62fc2a11f58ff84c748cd8a90968846c022685dcbd0d5eb8e8c7f16ed15ad74d,2,1,363,186,False,False
r3-pilot,62fc2a11f58ff84c748cd8a90968846c022685dcbd0d5eb8e8c7f16ed15ad74d,2,1,364,186,False,False
r3-pilot,62fc2a11f58ff84c748cd8a90968846c022685dcbd0d5eb8e8c7f16ed15ad74d,2,1,365,186,False,False
r3-pilot,62fc2a11f58ff84c748cd8a90968846c022685dcbd0d5eb8e8c7f16ed15ad74d,2,1,366,186,False,False
r3-pilot,62fc2a11f58ff84c748cd8a90968846c022685dcbd0d5eb8e8c7f16ed15ad74d,2,1,367,186,False,False
r3-pilot,62fc2a11f58ff84c748cd8a90968846c022685dcbd0d5eb8e8c7f16ed15ad74d,2,1,368,186,False,False
r3-pilot,62fc2a11f58ff84c748cd8a90968846c022685dcbd0d5eb8e8c7f16ed15ad74d,2,1,286,187,False,True
r3-pilot,62fc2a11f58ff84c748cd8a90968846c022685dcbd0d5eb8e8c7f16ed15ad74d,2,1,287,187,False,False
r3-pilot,62fc2a11f58ff84c748cd8a90968846c022685dcbd0d5eb8e8c7f16ed15ad74d,2,1,288,187,False,False
r3-pilot,62fc2a11f58ff84c748cd8a90968846c022685dcbd0d5eb8e8c7f16ed15ad74d,2,1,289,187,False,False
r3-pilot,62fc2a11f58ff84c748cd8a90968846c022685dcbd0d5eb8e8c7f16ed15ad74d,2,1,290,187,False,False
r3-pilot,62fc2a11f58ff84c748cd8a90968846c022685dcbd0d5eb8e8c7f16ed15ad74d,2,1,291,187,False,False
r3-pilot,62fc2a11f58ff84c748cd8a90968846c022685dcbd0d5eb8e8c7f16ed15ad74d,2,1,292,187,False,False
r3-pilot,62fc2a11f58ff84c748cd8a90968846c022685dcbd0d5eb8e8c7f16ed15ad74d,2,1,293,187,False,False
r3-pilot,62fc2a11f58ff84c748cd8a90968846c022685dcbd0d5eb8e8c7f16ed15ad74d,2,1,294,187,False,False
r3-pilot,62fc2a11f58ff84c748cd8a90968846c022685dcbd0d5eb8e8c7f16ed15ad74d,2,1,295,187,False,False
r3-pilot,62fc2a11f58ff84c748cd8a90968846c022685dcbd0d5eb8e8c7f16ed15ad74d,2,1,296,187,False,False
r3-pilot,62fc2a11f58ff84c748cd8a90968846c022685dcbd0d5eb8e8c7f16ed15ad74d,2,1,297,187,False,False
r3-pilot,62fc2a11f58ff84c748cd8a90968846c022685dcbd0d5eb8e8c7f16ed15ad74d,2,1,298,187,False,False
r3-pilot,62fc2a11f58ff84c748cd8a90968846c022685dcbd0d5eb8e8c7f16ed15ad74d,2,1,299,187,False,False
r3-pilot,62fc2a11f58ff84c748cd8a90968846c022685dcbd0d5eb8e8c7f16ed15ad74d,2,1,300,187,False,False
r3-pilot,62fc2a11f58ff84c748cd8a90968846c022685dcbd0d5eb8e8c7f16ed15ad74d,2,1,301,187,False,False
r3-pilot,62fc2a11f58ff84c748cd8a90968846c022685dcbd0d5eb8e8c7f16ed15ad74d,2,1,302,187,False,False
r3-pilot,62fc2a11f58ff84c748cd8a90968846c022685dcbd0d5eb8e8c7f16ed15ad74d,2,1,303,187,False,False
r3-pilot,62fc2a11f58ff84c748cd8a90968846c022685dcbd0d5eb8e8c7f16ed15ad74d,2,1,304,187,False,False
r3-pilot,62fc2a11f58ff84c748cd8a90968846c022685dcbd0d5eb8e8c7f16ed15ad74d,2,1,305,187,False,False
r3-pilot,62fc2a11f58ff84c748cd8a90968846c022685dcbd0d5eb8e8c7f16ed15ad74d,2,1,306,187,False,False
r3-pilot,62fc2a11f58ff84c748cd8a90968846c022685dcbd0d5eb8e8c7f16ed15ad74d,2,1,307,187,False,False
r3-pilot,62fc2a11f58ff84c748cd8a90968846c022685dcbd0d5eb8e8c7f16ed15ad74d,2,1,308,187,False,False
r3-pilot,62fc2a11f58ff84c748cd8a90968846c022685dcbd0d5eb8e8c7f16ed15ad74d,2,1,309,187,False,False
r3-pilot,62fc2a11f58ff84c748cd8a90968846c022685dcbd0d5eb8e8c7f16ed15ad74d,2,1,310,187,False,False
r3-pilot,62fc2a11f58ff84c748cd8a90968846c022685dcbd0d5eb8e8c7f16ed15ad74d,2,1,311,187,False,False
r3-pilot,62fc2a11f58ff84c748cd8a90968846c022685dcbd0d5eb8e8c7f16ed15ad74d,2,1,312,187,False,False
r3-pilot,62fc2a11f58ff84c748cd8a90968846c022685dcbd0d5eb8e8c7f16ed15ad74d,2,1,313,187,False,False
r3-pilot,62fc2a11f58ff84c748cd8a90968846c022685dcbd0d5eb8e8c7f16ed15ad74d,2,1,314,187,False,False
r3-pilot,62fc2a11f58ff84c748cd8a90968846c022685dcbd0d5eb8e8c7f16ed15ad74d,2,1,315,187,False,False
r3-pilot,62fc2a11f58ff84c748cd8a90968846c022685dcbd0d5eb8e8c7f16ed15ad74d,2,1,316,187,False,False
r3-pilot,62fc2a11f58ff84c748cd8a90968846c022685dcbd0d5eb8e8c7f16ed15ad74d,2,1,317,187,False,False
r3-pilot,62fc2a11f58ff84c748cd8a90968846c022685dcbd0d5eb8e8c7f16ed15ad74d,2,1,318,187,False,False
r3-pilot,62fc2a11f58ff84c748cd8a90968846c022685dcbd0d5eb8e8c7f16ed15ad74d,2,1,319,187,False,False
r3-pilot,62fc2a11f58ff84c748cd8a90968846c022685dcbd0d5eb8e8c7f16ed15ad74d,2,1,320,187,False,False
r3-pilot,62fc2a11f58ff84c748cd8a90968846c022685dcbd0d5eb8e8c7f16ed15ad74d,2,1,321,187,False,False
r3-pilot,62fc2a11f58ff84c748cd8a90968846c022685dcbd0d5eb8e8c7f16ed15ad74d,2,1,322,187,False,False
r3-pilot,62fc2a11f58ff84c748cd8a90968846c022685dcbd0d5eb8e8c7f16ed15ad74d,2,1,323,187,False,False
r3-pilot,62fc2a11f58ff84c748cd8a90968846c022685dcbd0d5eb8e8c7f16ed15ad74d,2,1,324,187,False,False
r3-pilot,62fc2a11f58ff84c748cd8a90968846c022685dcbd0d5eb8e8c7f16ed15ad74d,2,1,325,187,False,False
r3-pilot,62fc2a11f58ff84c748cd8a90968846c022685dcbd0d5eb8e8c7f16ed15ad74d,2,1,326,187,False,False
r3-pilot,62fc2a11f58ff84c748cd8a90968846c022685dcbd0d5eb8e8c7f16ed15ad74d,2,1,327,187,False,False
r3-pilot,62fc2a11f58ff84c748cd8a90968846c022685dcbd0d5eb8e8c7f16ed15ad74d,2,1,328,187,False,False
r3-pilot,62fc2a11f58ff84c748cd8a90968846c022685dcbd0d5eb8e8c7f16ed15ad74d,2,1,329,187,False,False
r3-pilot,62fc2a11f58ff84c748cd8a90968846c022685dcbd0d5eb8e8c7f16ed15ad74d,2,1,330,187,False,False
r3-pilot,62fc2a11f58ff84c748cd8a90968846c022685dcbd0d5eb8e8c7f16ed15ad74d,2,1,331,187,False,False
r3-pilot,62fc2a11f58ff84c748cd8a90968846c022685dcbd0d5eb8e8c7f16ed15ad74d,2,1,332,187,False,False
r3-pilot,62fc2a11f58ff84c748cd8a90968846c022685dcbd0d5eb8e8c7f16ed15ad74d,2,1,333,187,False,False
r3-pilot,62fc2a11f58ff84c748cd8a90968846c022685dcbd0d5eb8e8c7f16ed15ad74d,2,1,334,187,False,False
r3-pilot,62fc2a11f58ff84c748cd8a90968846c022685dcbd0d5eb8e8c7f16ed15ad74d,2,1,335,187,False,False
r3-pilot,62fc2a11f58ff84c748cd8a90968846c022685dcbd0d5eb8e8c7f16ed15ad74d,2,1,336,187,False,False
r3-pilot,62fc2a11f58ff84c748cd8a90968846c022685dcbd0d5eb8e8c7f16ed15ad74d,2,1,337,187,False,False
r3-pilot,62fc2a11f58ff84c748cd8a90968846c022685dcbd0d5eb8e8c7f16ed15ad74d,2,1,338,187,False,False
r3-pilot,62fc2a11f58ff84c748cd8a90968846c022685dcbd0d5eb8e8c7f16ed15ad74d,2,1,339,187,False,False
r3-pilot,62fc2a11f58ff84c748cd8a90968846c022685dcbd0d5eb8e8c7f16ed15ad74d,2,1,340,187,False,False
r3-pilot,62fc2a11f58ff84c748cd8a90968846c022685dcbd0d5eb8e8c7f16ed15ad74d,2,1,341,187,False,False
r3-pilot,62fc2a11f58ff84c748cd8a90968846c022685dcbd0d5eb8e8c7f16ed15ad74d,2,1,342,187,False,False
r3-pilot,62fc2a11f58ff84c748cd8a90968846c022685dcbd0d5eb8e8c7f16ed15ad74d,2,1,343,187,False,False
r3-pilot,62fc2a11f58ff84c748cd8a90968846c022685dcbd0d5eb8e8c7f16ed15ad74d,2,1,344,187,False,False
r3-pilot,62fc2a11f58ff84c748cd8a90968846c022685dcbd0d5eb8e8c7f16ed15ad74d,2,1,345,187,False,False
r3-pilot,62fc2a11f58ff84c748cd8a90968846c022685dcbd0d5eb8e8c7f16ed15ad74d,2,1,346,187,False,False
r3-pilot,62fc2a11f58ff84c748cd8a90968846c022685dcbd0d5eb8e8c7f16ed15ad74d,2,1,347,187,False,False
r3-pilot,62fc2a11f58ff84c748cd8a90968846c022685dcbd0d5eb8e8c7f16ed15ad74d,2,1,348,187,False,False
r3-pilot,62fc2a11f58ff84c748cd8a90968846c022685dcbd0d5eb8e8c7f16ed15ad74d,2,1,349,187,False,False
r3-pilot,62fc2a11f58ff84c748cd8a90968846c022685dcbd0d5eb8e8c7f16ed15ad74d,2,1,350,187,False,False
r3-pilot,62fc2a11f58ff84c748cd8a90968846c022685dcbd0d5eb8e8c7f16ed15ad74d,2,1,351,187,False,False
r3-pilot,62fc2a11f58ff84c748cd8a90968846c022685dcbd0d5eb8e8c7f16ed15ad74d,2,1,352,187,False,False
r3-pilot,62fc2a11f58ff84c748cd8a90968846c022685dcbd0d5eb8e8c7f16ed15ad74d,2,1,353,187,False,False
r3-pilot,62fc2a11f58ff84c748cd8a90968846c022685dcbd0d5eb8e8c7f16ed15ad74d,2,1,354,187,False,False
r3-pilot,62fc2a11f58ff84c748cd8a90968846c022685dcbd0d5eb8e8c7f16ed15ad74d,2,1,355,187,False,False
r3-pilot,62fc2a11f58ff84c748cd8a90968846c022685dcbd0d5eb8e8c7f16ed15ad74d,2,1,356,187,False,False
r3-pilot,62fc2a11f58ff84c748cd8a90968846c022685dcbd0d5eb8e8c7f16ed15ad74d,2,1,357,187,False,False
r3-pilot,62fc2a11f58ff84c748cd8a90968846c022685dcbd0d5eb8e8c7f16ed15ad74d,2,1,358,187,False,False
r3-pilot,62fc2a11f58ff84c748cd8a90968846c022685dcbd0d5eb8e8c7f16ed15ad74d,2,1,359,187,False,False
r3-pilot,62fc2a11f58ff84c748cd8a90968846c022685dcbd0d5eb8e8c7f16ed15ad74d,2,1,360,187,False,False
r3-pilot,62fc2a11f58ff84c748cd8a90968846c022685dcbd0d5eb8e8c7f16ed15ad74d,2,1,361,187,False,False
r3-pilot,62fc2a11f58ff84c748cd8a90968846c022685dcbd0d5eb8e8c7f16ed15ad74d,2,1,362,187,False,False
r3-pilot,62fc2a11f58ff84c748cd8a90968846c022685dcbd0d5eb8e8c7f16ed15ad74d,2,1,363,187,False,False
r3-pilot,62fc2a11f58ff84c748cd8a90968846c022685dcbd0d5eb8e8c7f16ed15ad74d,2,1,364,187,False,False
r3-pilot,62fc2a11f58ff84c748cd8a90968846c022685dcbd0d5eb8e8c7f16ed15ad74d,2,1,365,187,False,False
r3-pilot,62fc2a11f58ff84c748cd8a90968846c022685dcbd0d5eb8e8c7f16ed15ad74d,2,1,366,187,False,False
r3-pilot,62fc2a11f58ff84c748cd8a90968846c022685dcbd0d5eb8e8c7f16ed15ad74d,2,1,367,187,False,False
r3-pilot,62fc2a11f58ff84c748cd8a90968846c022685dcbd0d5eb8e8c7f16ed15ad74d,2,1,368,187,False,False
r3-pilot,62fc2a11f58ff84c748cd8a90968846c022685dcbd0d5eb8e8c7f16ed15ad74d,2,1,287,188,False,False
r3-pilot,62fc2a11f58ff84c748cd8a90968846c022685dcbd0d5eb8e8c7f16ed15ad74d,2,1,288,188,False,False
r3-pilot,62fc2a11f58ff84c748cd8a90968846c022685dcbd0d5eb8e8c7f16ed15ad74d,2,1,289,188,False,False
r3-pilot,62fc2a11f58ff84c748cd8a90968846c022685dcbd0d5eb8e8c7f16ed15ad74d,2,1,290,188,False,False
r3-pilot,62fc2a11f58ff84c748cd8a90968846c022685dcbd0d5eb8e8c7f16ed15ad74d,2,1,291,188,False,False
r3-pilot,62fc2a11f58ff84c748cd8a90968846c022685dcbd0d5eb8e8c7f16ed15ad74d,2,1,292,188,False,False
r3-pilot,62fc2a11f58ff84c748cd8a90968846c022685dcbd0d5eb8e8c7f16ed15ad74d,2,1,293,188,False,False
r3-pilot,62fc2a11f58ff84c748cd8a90968846c022685dcbd0d5eb8e8c7f16ed15ad74d,2,1,294,188,False,False
r3-pilot,62fc2a11f58ff84c748cd8a90968846c022685dcbd0d5eb8e8c7f16ed15ad74d,2,1,295,188,False,False
r3-pilot,62fc2a11f58ff84c748cd8a90968846c022685dcbd0d5eb8e8c7f16ed15ad74d,2,1,296,188,False,False
r3-pilot,62fc2a11f58ff84c748cd8a90968846c022685dcbd0d5eb8e8c7f16ed15ad74d,2,1,297,188,False,False
r3-pilot,62fc2a11f58ff84c748cd8a90968846c022685dcbd0d5eb8e8c7f16ed15ad74d,2,1,298,188,False,False
r3-pilot,62fc2a11f58ff84c748cd8a90968846c022685dcbd0d5eb8e8c7f16ed15ad74d,2,1,299,188,False,False
r3-pilot,62fc2a11f58ff84c748cd8a90968846c022685dcbd0d5eb8e8c7f16ed15ad74d,2,1,300,188,False,False
r3-pilot,62fc2a11f58ff84c748cd8a90968846c022685dcbd0d5eb8e8c7f16ed15ad74d,2,1,301,188,False,False
r3-pilot,62fc2a11f58ff84c748cd8a90968846c022685dcbd0d5eb8e8c7f16ed15ad74d,2,1,302,188,False,False
r3-pilot,62fc2a11f58ff84c748cd8a90968846c022685dcbd0d5eb8e8c7f16ed15ad74d,2,1,303,188,False,False
r3-pilot,62fc2a11f58ff84c748cd8a90968846c022685dcbd0d5eb8e8c7f16ed15ad74d,2,1,304,188,False,False
r3-pilot,62fc2a11f58ff84c748cd8a90968846c022685dcbd0d5eb8e8c7f16ed15ad74d,2,1,305,188,False,False
r3-pilot,62fc2a11f58ff84c748cd8a90968846c022685dcbd0d5eb8e8c7f16ed15ad74d,2,1,306,188,False,False
r3-pilot,62fc2a11f58ff84c748cd8a90968846c022685dcbd0d5eb8e8c7f16ed15ad74d,2,1,307,188,False,False
r3-pilot,62fc2a11f58ff84c748cd8a90968846c022685dcbd0d5eb8e8c7f16ed15ad74d,2,1,308,188,False,False
r3-pilot,62fc2a11f58ff84c748cd8a90968846c022685dcbd0d5eb8e8c7f16ed15ad74d,2,1,309,188,False,False
r3-pilot,62fc2a11f58ff84c748cd8a90968846c022685dcbd0d5eb8e8c7f16ed15ad74d,2,1,310,188,False,False
r3-pilot,62fc2a11f58ff84c748cd8a90968846c022685dcbd0d5eb8e8c7f16ed15ad74d,2,1,311,188,False,False
r3-pilot,62fc2a11f58ff84c748cd8a90968846c022685dcbd0d5eb8e8c7f16ed15ad74d,2,1,312,188,False,False
r3-pilot,62fc2a11f58ff84c748cd8a90968846c022685dcbd0d5eb8e8c7f16ed15ad74d,2,1,313,188,False,False
r3-pilot,62fc2a11f58ff84c748cd8a90968846c022685dcbd0d5eb8e8c7f16ed15ad74d,2,1,314,188,False,False
r3-pilot,62fc2a11f58ff84c748cd8a90968846c022685dcbd0d5eb8e8c7f16ed15ad74d,2,1,315,188,False,False
r3-pilot,62fc2a11f58ff84c748cd8a90968846c022685dcbd0d5eb8e8c7f16ed15ad74d,2,1,316,188,False,False
r3-pilot,62fc2a11f58ff84c748cd8a90968846c022685dcbd0d5eb8e8c7f16ed15ad74d,2,1,317,188,False,False
r3-pilot,62fc2a11f58ff84c748cd8a90968846c022685dcbd0d5eb8e8c7f16ed15ad74d,2,1,318,188,False,False
r3-pilot,62fc2a11f58ff84c748cd8a90968846c022685dcbd0d5eb8e8c7f16ed15ad74d,2,1,319,188,False,False
r3-pilot,62fc2a11f58ff84c748cd8a90968846c022685dcbd0d5eb8e8c7f16ed15ad74d,2,1,320,188,False,False
r3-pilot,62fc2a11f58ff84c748cd8a90968846c022685dcbd0d5eb8e8c7f16ed15ad74d,2,1,321,188,False,False
r3-pilot,62fc2a11f58ff84c748cd8a90968846c022685dcbd0d5eb8e8c7f16ed15ad74d,2,1,322,188,False,False
r3-pilot,62fc2a11f58ff84c748cd8a90968846c022685dcbd0d5eb8e8c7f16ed15ad74d,2,1,323,188,False,False
r3-pilot,62fc2a11f58ff84c748cd8a90968846c022685dcbd0d5eb8e8c7f16ed15ad74d,2,1,324,188,False,False
r3-pilot,62fc2a11f58ff84c748cd8a90968846c022685dcbd0d5eb8e8c7f16ed15ad74d,2,1,325,188,False,False
r3-pilot,62fc2a11f58ff84c748cd8a90968846c022685dcbd0d5eb8e8c7f16ed15ad74d,2,1,326,188,False,False
r3-pilot,62fc2a11f58ff84c748cd8a90968846c022685dcbd0d5eb8e8c7f16ed15ad74d,2,1,327,188,False,False
r3-pilot,62fc2a11f58ff84c748cd8a90968846c022685dcbd0d5eb8e8c7f16ed15ad74d,2,1,328,188,False,False
r3-pilot,62fc2a11f58ff84c748cd8a90968846c022685dcbd0d5eb8e8c7f16ed15ad74d,2,1,329,188,False,False
r3-pilot,62fc2a11f58ff84c748cd8a90968846c022685dcbd0d5eb8e8c7f16ed15ad74d,2,1,330,188,False,False
r3-pilot,62fc2a11f58ff84c748cd8a90968846c022685dcbd0d5eb8e8c7f16ed15ad74d,2,1,331,188,False,False
r3-pilot,62fc2a11f58ff84c748cd8a90968846c022685dcbd0d5eb8e8c7f16ed15ad74d,2,1,332,188,False,False
r3-pilot,62fc2a11f58ff84c748cd8a90968846c022685dcbd0d5eb8e8c7f16ed15ad74d,2,1,333,188,False,False
r3-pilot,62fc2a11f58ff84c748cd8a90968846c022685dcbd0d5eb8e8c7f16ed15ad74d,2,1,334,188,False,False
r3-pilot,62fc2a11f58ff84c748cd8a90968846c022685dcbd0d5eb8e8c7f16ed15ad74d,2,1,335,188,False,False
r3-pilot,62fc2a11f58ff84c748cd8a90968846c022685dcbd0d5eb8e8c7f16ed15ad74d,2,1,336,188,False,False
r3-pilot,62fc2a11f58ff84c748cd8a90968846c022685dcbd0d5eb8e8c7f16ed15ad74d,2,1,337,188,False,False
r3-pilot,62fc2a11f58ff84c748cd8a90968846c022685dcbd0d5eb8e8c7f16ed15ad74d,2,1,338,188,False,False
r3-pilot,62fc2a11f58ff84c748cd8a90968846c022685dcbd0d5eb8e8c7f16ed15ad74d,2,1,339,188,False,False
r3-pilot,62fc2a11f58ff84c748cd8a90968846c022685dcbd0d5eb8e8c7f16ed15ad74d,2,1,340,188,False,False
r3-pilot,62fc2a11f58ff84c748cd8a90968846c022685dcbd0d5eb8e8c7f16ed15ad74d,2,1,341,188,False,False
r3-pilot,62fc2a11f58ff84c748cd8a90968846c022685dcbd0d5eb8e8c7f16ed15ad74d,2,1,342,188,False,False
r3-pilot,62fc2a11f58ff84c748cd8a90968846c022685dcbd0d5eb8e8c7f16ed15ad74d,2,1,343,188,False,False
r3-pilot,62fc2a11f58ff84c748cd8a90968846c022685dcbd0d5eb8e8c7f16ed15ad74d,2,1,344,188,False,False
r3-pilot,62fc2a11f58ff84c748cd8a90968846c022685dcbd0d5eb8e8c7f16ed15ad74d,2,1,345,188,False,False
r3-pilot,62fc2a11f58ff84c748cd8a90968846c022685dcbd0d5eb8e8c7f16ed15ad74d,2,1,346,188,False,False
r3-pilot,62fc2a11f58ff84c748cd8a90968846c022685dcbd0d5eb8e8c7f16ed15ad74d,2,1,347,188,False,False
r3-pilot,62fc2a11f58ff84c748cd8a90968846c022685dcbd0d5eb8e8c7f16ed15ad74d,2,1,348,188,False,False
r3-pilot,62fc2a11f58ff84c748cd8a90968846c022685dcbd0d5eb8e8c7f16ed15ad74d,2,1,349,188,False,False
r3-pilot,62fc2a11f58ff84c748cd8a90968846c022685dcbd0d5eb8e8c7f16ed15ad74d,2,1,350,188,False,False
r3-pilot,62fc2a11f58ff84c748cd8a90968846c022685dcbd0d5eb8e8c7f16ed15ad74d,2,1,351,188,False,False
r3-pilot,62fc2a11f58ff84c748cd8a90968846c022685dcbd0d5eb8e8c7f16ed15ad74d,2,1,352,188,False,False
r3-pilot,62fc2a11f58ff84c748cd8a90968846c022685dcbd0d5eb8e8c7f16ed15ad74d,2,1,353,188,False,False
r3-pilot,62fc2a11f58ff84c748cd8a90968846c022685dcbd0d5eb8e8c7f16ed15ad74d,2,1,354,188,False,False
r3-pilot,62fc2a11f58ff84c748cd8a90968846c022685dcbd0d5eb8e8c7f16ed15ad74d,2,1,355,188,False,False
r3-pilot,62fc2a11f58ff84c748cd8a90968846c022685dcbd0d5eb8e8c7f16ed15ad74d,2,1,356,188,False,False
r3-pilot,62fc2a11f58ff84c748cd8a90968846c022685dcbd0d5eb8e8c7f16ed15ad74d,2,1,357,188,False,False
r3-pilot,62fc2a11f58ff84c748cd8a90968846c022685dcbd0d5eb8e8c7f16ed15ad74d,2,1,358,188,False,False
r3-pilot,62fc2a11f58ff84c748cd8a90968846c022685dcbd0d5eb8e8c7f16ed15ad74d,2,1,359,188,False,False
r3-pilot,62fc2a11f58ff84c748cd8a90968846c022685dcbd0d5eb8e8c7f16ed15ad74d,2,1,360,188,False,False
r3-pilot,62fc2a11f58ff84c748cd8a90968846c022685dcbd0d5eb8e8c7f16ed15ad74d,2,1,361,188,False,False
r3-pilot,62fc2a11f58ff84c748cd8a90968846c022685dcbd0d5eb8e8c7f16ed15ad74d,2,1,362,188,False,False
r3-pilot,62fc2a11f58ff84c748cd8a90968846c022685dcbd0d5eb8e8c7f16ed15ad74d,2,1,363,188,False,False
r3-pilot,62fc2a11f58ff84c748cd8a90968846c022685dcbd0d5eb8e8c7f16ed15ad74d,2,1,364,188,False,False
r3-pilot,62fc2a11f58ff84c748cd8a90968846c022685dcbd0d5eb8e8c7f16ed15ad74d,2,1,365,188,False,False
r3-pilot,62fc2a11f58ff84c748cd8a90968846c022685dcbd0d5eb8e8c7f16ed15ad74d,2,1,366,188,False,False
r3-pilot,62fc2a11f58ff84c748cd8a90968846c022685dcbd0d5eb8e8c7f16ed15ad74d,2,1,367,188,False,False
r3-pilot,62fc2a11f58ff84c748cd8a90968846c022685dcbd0d5eb8e8c7f16ed15ad74d,2,1,368,188,False,False
r3-pilot,62fc2a11f58ff84c748cd8a90968846c022685dcbd0d5eb8e8c7f16ed15ad74d,2,1,369,188,False,False
r3-pilot,62fc2a11f58ff84c748cd8a90968846c022685dcbd0d5eb8e8c7f16ed15ad74d,2,1,287,189,False,False
r3-pilot,62fc2a11f58ff84c748cd8a90968846c022685dcbd0d5eb8e8c7f16ed15ad74d,2,1,288,189,False,False
r3-pilot,62fc2a11f58ff84c748cd8a90968846c022685dcbd0d5eb8e8c7f16ed15ad74d,2,1,289,189,False,False
r3-pilot,62fc2a11f58ff84c748cd8a90968846c022685dcbd0d5eb8e8c7f16ed15ad74d,2,1,290,189,False,False
r3-pilot,62fc2a11f58ff84c748cd8a90968846c022685dcbd0d5eb8e8c7f16ed15ad74d,2,1,291,189,False,False
r3-pilot,62fc2a11f58ff84c748cd8a90968846c022685dcbd0d5eb8e8c7f16ed15ad74d,2,1,292,189,False,False
r3-pilot,62fc2a11f58ff84c748cd8a90968846c022685dcbd0d5eb8e8c7f16ed15ad74d,2,1,293,189,False,False
r3-pilot,62fc2a11f58ff84c748cd8a90968846c022685dcbd0d5eb8e8c7f16ed15ad74d,2,1,294,189,False,False
r3-pilot,62fc2a11f58ff84c748cd8a90968846c022685dcbd0d5eb8e8c7f16ed15ad74d,2,1,295,189,False,False
r3-pilot,62fc2a11f58ff84c748cd8a90968846c022685dcbd0d5eb8e8c7f16ed15ad74d,2,1,296,189,False,False
r3-pilot,62fc2a11f58ff84c748cd8a90968846c022685dcbd0d5eb8e8c7f16ed15ad74d,2,1,297,189,False,False
r3-pilot,62fc2a11f58ff84c748cd8a90968846c022685dcbd0d5eb8e8c7f16ed15ad74d,2,1,298,189,False,False
r3-pilot,62fc2a11f58ff84c748cd8a90968846c022685dcbd0d5eb8e8c7f16ed15ad74d,2,1,299,189,False,False
r3-pilot,62fc2a11f58ff84c748cd8a90968846c022685dcbd0d5eb8e8c7f16ed15ad74d,2,1,300,189,False,False
r3-pilot,62fc2a11f58ff84c748cd8a90968846c022685dcbd0d5eb8e8c7f16ed15ad74d,2,1,301,189,False,False
r3-pilot,62fc2a11f58ff84c748cd8a90968846c022685dcbd0d5eb8e8c7f16ed15ad74d,2,1,302,189,False,False
r3-pilot,62fc2a11f58ff84c748cd8a90968846c022685dcbd0d5eb8e8c7f16ed15ad74d,2,1,303,189,False,False
r3-pilot,62fc2a11f58ff84c748cd8a90968846c022685dcbd0d5eb8e8c7f16ed15ad74d,2,1,304,189,False,False
r3-pilot,62fc2a11f58ff84c748cd8a90968846c022685dcbd0d5eb8e8c7f16ed15ad74d,2,1,305,189,False,False
r3-pilot,62fc2a11f58ff84c748cd8a90968846c022685dcbd0d5eb8e8c7f16ed15ad74d,2,1,306,189,False,False
r3-pilot,62fc2a11f58ff84c748cd8a90968846c022685dcbd0d5eb8e8c7f16ed15ad74d,2,1,307,189,False,False
r3-pilot,62fc2a11f58ff84c748cd8a90968846c022685dcbd0d5eb8e8c7f16ed15ad74d,2,1,308,189,False,False
r3-pilot,62fc2a11f58ff84c748cd8a90968846c022685dcbd0d5eb8e8c7f16ed15ad74d,2,1,309,189,False,False
r3-pilot,62fc2a11f58ff84c748cd8a90968846c022685dcbd0d5eb8e8c7f16ed15ad74d,2,1,310,189,False,False
r3-pilot,62fc2a11f58ff84c748cd8a90968846c022685dcbd0d5eb8e8c7f16ed15ad74d,2,1,311,189,False,False
r3-pilot,62fc2a11f58ff84c748cd8a90968846c022685dcbd0d5eb8e8c7f16ed15ad74d,2,1,312,189,False,False
r3-pilot,62fc2a11f58ff84c748cd8a90968846c022685dcbd0d5eb8e8c7f16ed15ad74d,2,1,313,189,False,False
r3-pilot,62fc2a11f58ff84c748cd8a90968846c022685dcbd0d5eb8e8c7f16ed15ad74d,2,1,314,189,False,False
r3-pilot,62fc2a11f58ff84c748cd8a90968846c022685dcbd0d5eb8e8c7f16ed15ad74d,2,1,315,189,False,False
r3-pilot,62fc2a11f58ff84c748cd8a90968846c022685dcbd0d5eb8e8c7f16ed15ad74d,2,1,316,189,False,False
r3-pilot,62fc2a11f58ff84c748cd8a90968846c022685dcbd0d5eb8e8c7f16ed15ad74d,2,1,317,189,False,False
r3-pilot,62fc2a11f58ff84c748cd8a90968846c022685dcbd0d5eb8e8c7f16ed15ad74d,2,1,318,189,False,False
r3-pilot,62fc2a11f58ff84c748cd8a90968846c022685dcbd0d5eb8e8c7f16ed15ad74d,2,1,319,189,False,False
r3-pilot,62fc2a11f58ff84c748cd8a90968846c022685dcbd0d5eb8e8c7f16ed15ad74d,2,1,320,189,False,False
r3-pilot,62fc2a11f58ff84c748cd8a90968846c022685dcbd0d5eb8e8c7f16ed15ad74d,2,1,321,189,False,False
r3-pilot,62fc2a11f58ff84c748cd8a90968846c022685dcbd0d5eb8e8c7f16ed15ad74d,2,1,322,189,False,False
r3-pilot,62fc2a11f58ff84c748cd8a90968846c022685dcbd0d5eb8e8c7f16ed15ad74d,2,1,323,189,False,False
r3-pilot,62fc2a11f58ff84c748cd8a90968846c022685dcbd0d5eb8e8c7f16ed15ad74d,2,1,324,189,False,False
r3-pilot,62fc2a11f58ff84c748cd8a90968846c022685dcbd0d5eb8e8c7f16ed15ad74d,2,1,325,189,False,False
r3-pilot,62fc2a11f58ff84c748cd8a90968846c022685dcbd0d5eb8e8c7f16ed15ad74d,2,1,326,189,False,False
r3-pilot,62fc2a11f58ff84c748cd8a90968846c022685dcbd0d5eb8e8c7f16ed15ad74d,2,1,327,189,False,False
r3-pilot,62fc2a11f58ff84c748cd8a90968846c022685dcbd0d5eb8e8c7f16ed15ad74d,2,1,328,189,False,False
r3-pilot,62fc2a11f58ff84c748cd8a90968846c022685dcbd0d5eb8e8c7f16ed15ad74d,2,1,329,189,False,False
r3-pilot,62fc2a11f58ff84c748cd8a90968846c022685dcbd0d5eb8e8c7f16ed15ad74d,2,1,330,189,False,False
r3-pilot,62fc2a11f58ff84c748cd8a90968846c022685dcbd0d5eb8e8c7f16ed15ad74d,2,1,331,189,False,False
r3-pilot,62fc2a11f58ff84c748cd8a90968846c022685dcbd0d5eb8e8c7f16ed15ad74d,2,1,332,189,False,False
r3-pilot,62fc2a11f58ff84c748cd8a90968846c022685dcbd0d5eb8e8c7f16ed15ad74d,2,1,333,189,False,False
r3-pilot,62fc2a11f58ff84c748cd8a90968846c022685dcbd0d5eb8e8c7f16ed15ad74d,2,1,334,189,False,False
r3-pilot,62fc2a11f58ff84c748cd8a90968846c022685dcbd0d5eb8e8c7f16ed15ad74d,2,1,335,189,False,False
r3-pilot,62fc2a11f58ff84c748cd8a90968846c022685dcbd0d5eb8e8c7f16ed15ad74d,2,1,336,189,False,False
r3-pilot,62fc2a11f58ff84c748cd8a90968846c022685dcbd0d5eb8e8c7f16ed15ad74d,2,1,337,189,False,False
r3-pilot,62fc2a11f58ff84c748cd8a90968846c022685dcbd0d5eb8e8c7f16ed15ad74d,2,1,338,189,False,False
r3-pilot,62fc2a11f58ff84c748cd8a90968846c022685dcbd0d5eb8e8c7f16ed15ad74d,2,1,339,189,False,False
r3-pilot,62fc2a11f58ff84c748cd8a90968846c022685dcbd0d5eb8e8c7f16ed15ad74d,2,1,340,189,False,False
r3-pilot,62fc2a11f58ff84c748cd8a90968846c022685dcbd0d5eb8e8c7f16ed15ad74d,2,1,341,189,False,False
r3-pilot,62fc2a11f58ff84c748cd8a90968846c022685dcbd0d5eb8e8c7f16ed15ad74d,2,1,342,189,False,False
r3-pilot,62fc2a11f58ff84c748cd8a90968846c022685dcbd0d5eb8e8c7f16ed15ad74d,2,1,343,189,False,False
r3-pilot,62fc2a11f58ff84c748cd8a90968846c022685dcbd0d5eb8e8c7f16ed15ad74d,2,1,344,189,False,False
r3-pilot,62fc2a11f58ff84c748cd8a90968846c022685dcbd0d5eb8e8c7f16ed15ad74d,2,1,345,189,False,False
r3-pilot,62fc2a11f58ff84c748cd8a90968846c022685dcbd0d5eb8e8c7f16ed15ad74d,2,1,346,189,False,False
r3-pilot,62fc2a11f58ff84c748cd8a90968846c022685dcbd0d5eb8e8c7f16ed15ad74d,2,1,347,189,False,False
r3-pilot,62fc2a11f58ff84c748cd8a90968846c022685dcbd0d5eb8e8c7f16ed15ad74d,2,1,348,189,False,False
r3-pilot,62fc2a11f58ff84c748cd8a90968846c022685dcbd0d5eb8e8c7f16ed15ad74d,2,1,349,189,False,False
r3-pilot,62fc2a11f58ff84c748cd8a90968846c022685dcbd0d5eb8e8c7f16ed15ad74d,2,1,350,189,False,False
r3-pilot,62fc2a11f58ff84c748cd8a90968846c022685dcbd0d5eb8e8c7f16ed15ad74d,2,1,351,189,False,False
r3-pilot,62fc2a11f58ff84c748cd8a90968846c022685dcbd0d5eb8e8c7f16ed15ad74d,2,1,352,189,False,False
r3-pilot,62fc2a11f58ff84c748cd8a90968846c022685dcbd0d5eb8e8c7f16ed15ad74d,2,1,353,189,False,False
r3-pilot,62fc2a11f58ff84c748cd8a90968846c022685dcbd0d5eb8e8c7f16ed15ad74d,2,1,354,189,False,False
r3-pilot,62fc2a11f58ff84c748cd8a90968846c022685dcbd0d5eb8e8c7f16ed15ad74d,2,1,355,189,False,False
r3-pilot,62fc2a11f58ff84c748cd8a90968846c022685dcbd0d5eb8e8c7f16ed15ad74d,2,1,356,189,False,False
r3-pilot,62fc2a11f58ff84c748cd8a90968846c022685dcbd0d5eb8e8c7f16ed15ad74d,2,1,357,189,False,False
r3-pilot,62fc2a11f58ff84c748cd8a90968846c022685dcbd0d5eb8e8c7f16ed15ad74d,2,1,358,189,False,False
r3-pilot,62fc2a11f58ff84c748cd8a90968846c022685dcbd0d5eb8e8c7f16ed15ad74d,2,1,359,189,False,False
r3-pilot,62fc2a11f58ff84c748cd8a90968846c022685dcbd0d5eb8e8c7f16ed15ad74d,2,1,360,189,False,False
r3-pilot,62fc2a11f58ff84c748cd8a90968846c022685dcbd0d5eb8e8c7f16ed15ad74d,2,1,361,189,False,False
r3-pilot,62fc2a11f58ff84c748cd8a90968846c022685dcbd0d5eb8e8c7f16ed15ad74d,2,1,362,189,False,False
r3-pilot,62fc2a11f58ff84c748cd8a90968846c022685dcbd0d5eb8e8c7f16ed15ad74d,2,1,363,189,False,False
r3-pilot,62fc2a11f58ff84c748cd8a90968846c022685dcbd0d5eb8e8c7f16ed15ad74d,2,1,364,189,False,False
r3-pilot,62fc2a11f58ff84c748cd8a90968846c022685dcbd0d5eb8e8c7f16ed15ad74d,2,1,365,189,False,False
r3-pilot,62fc2a11f58ff84c748cd8a90968846c022685dcbd0d5eb8e8c7f16ed15ad74d,2,1,366,189,False,False
r3-pilot,62fc2a11f58ff84c748cd8a90968846c022685dcbd0d5eb8e8c7f16ed15ad74d,2,1,367,189,False,False
r3-pilot,62fc2a11f58ff84c748cd8a90968846c022685dcbd0d5eb8e8c7f16ed15ad74d,2,1,368,189,False,False
r3-pilot,62fc2a11f58ff84c748cd8a90968846c022685dcbd0d5eb8e8c7f16ed15ad74d,2,1,369,189,False,False
r3-pilot,62fc2a11f58ff84c748cd8a90968846c022685dcbd0d5eb8e8c7f16ed15ad74d,2,1,288,190,False,False
r3-pilot,62fc2a11f58ff84c748cd8a90968846c022685dcbd0d5eb8e8c7f16ed15ad74d,2,1,289,190,False,False
r3-pilot,62fc2a11f58ff84c748cd8a90968846c022685dcbd0d5eb8e8c7f16ed15ad74d,2,1,290,190,False,False
r3-pilot,62fc2a11f58ff84c748cd8a90968846c022685dcbd0d5eb8e8c7f16ed15ad74d,2,1,291,190,False,False
r3-pilot,62fc2a11f58ff84c748cd8a90968846c022685dcbd0d5eb8e8c7f16ed15ad74d,2,1,292,190,False,False
r3-pilot,62fc2a11f58ff84c748cd8a90968846c022685dcbd0d5eb8e8c7f16ed15ad74d,2,1,293,190,False,False
r3-pilot,62fc2a11f58ff84c748cd8a90968846c022685dcbd0d5eb8e8c7f16ed15ad74d,2,1,294,190,False,False
r3-pilot,62fc2a11f58ff84c748cd8a90968846c022685dcbd0d5eb8e8c7f16ed15ad74d,2,1,295,190,False,False
r3-pilot,62fc2a11f58ff84c748cd8a90968846c022685dcbd0d5eb8e8c7f16ed15ad74d,2,1,296,190,False,False
r3-pilot,62fc2a11f58ff84c748cd8a90968846c022685dcbd0d5eb8e8c7f16ed15ad74d,2,1,297,190,False,False
r3-pilot,62fc2a11f58ff84c748cd8a90968846c022685dcbd0d5eb8e8c7f16ed15ad74d,2,1,298,190,False,False
r3-pilot,62fc2a11f58ff84c748cd8a90968846c022685dcbd0d5eb8e8c7f16ed15ad74d,2,1,299,190,False,False
r3-pilot,62fc2a11f58ff84c748cd8a90968846c022685dcbd0d5eb8e8c7f16ed15ad74d,2,1,300,190,False,False
r3-pilot,62fc2a11f58ff84c748cd8a90968846c022685dcbd0d5eb8e8c7f16ed15ad74d,2,1,301,190,False,False
r3-pilot,62fc2a11f58ff84c748cd8a90968846c022685dcbd0d5eb8e8c7f16ed15ad74d,2,1,302,190,False,False
r3-pilot,62fc2a11f58ff84c748cd8a90968846c022685dcbd0d5eb8e8c7f16ed15ad74d,2,1,303,190,False,False
r3-pilot,62fc2a11f58ff84c748cd8a90968846c022685dcbd0d5eb8e8c7f16ed15ad74d,2,1,304,190,False,False
r3-pilot,62fc2a11f58ff84c748cd8a90968846c022685dcbd0d5eb8e8c7f16ed15ad74d,2,1,305,190,False,False
r3-pilot,62fc2a11f58ff84c748cd8a90968846c022685dcbd0d5eb8e8c7f16ed15ad74d,2,1,306,190,False,False
r3-pilot,62fc2a11f58ff84c748cd8a90968846c022685dcbd0d5eb8e8c7f16ed15ad74d,2,1,307,190,False,False
r3-pilot,62fc2a11f58ff84c748cd8a90968846c022685dcbd0d5eb8e8c7f16ed15ad74d,2,1,308,190,False,False
r3-pilot,62fc2a11f58ff84c748cd8a90968846c022685dcbd0d5eb8e8c7f16ed15ad74d,2,1,309,190,False,False
r3-pilot,62fc2a11f58ff84c748cd8a90968846c022685dcbd0d5eb8e8c7f16ed15ad74d,2,1,310,190,False,False
r3-pilot,62fc2a11f58ff84c748cd8a90968846c022685dcbd0d5eb8e8c7f16ed15ad74d,2,1,311,190,False,False
r3-pilot,62fc2a11f58ff84c748cd8a90968846c022685dcbd0d5eb8e8c7f16ed15ad74d,2,1,312,190,False,False
r3-pilot,62fc2a11f58ff84c748cd8a90968846c022685dcbd0d5eb8e8c7f16ed15ad74d,2,1,313,190,False,False
r3-pilot,62fc2a11f58ff84c748cd8a90968846c022685dcbd0d5eb8e8c7f16ed15ad74d,2,1,314,190,False,False
r3-pilot,62fc2a11f58ff84c748cd8a90968846c022685dcbd0d5eb8e8c7f16ed15ad74d,2,1,315,190,False,False
r3-pilot,62fc2a11f58ff84c748cd8a90968846c022685dcbd0d5eb8e8c7f16ed15ad74d,2,1,316,190,False,False
r3-pilot,62fc2a11f58ff84c748cd8a90968846c022685dcbd0d5eb8e8c7f16ed15ad74d,2,1,317,190,False,False
r3-pilot,62fc2a11f58ff84c748cd8a90968846c022685dcbd0d5eb8e8c7f16ed15ad74d,2,1,318,190,False,False
r3-pilot,62fc2a11f58ff84c748cd8a90968846c022685dcbd0d5eb8e8c7f16ed15ad74d,2,1,319,190,False,False
r3-pilot,62fc2a11f58ff84c748cd8a90968846c022685dcbd0d5eb8e8c7f16ed15ad74d,2,1,320,190,False,False
r3-pilot,62fc2a11f58ff84c748cd8a90968846c022685dcbd0d5eb8e8c7f16ed15ad74d,2,1,321,190,False,False
r3-pilot,62fc2a11f58ff84c748cd8a90968846c022685dcbd0d5eb8e8c7f16ed15ad74d,2,1,322,190,False,False
r3-pilot,62fc2a11f58ff84c748cd8a90968846c022685dcbd0d5eb8e8c7f16ed15ad74d,2,1,323,190,False,False
r3-pilot,62fc2a11f58ff84c748cd8a90968846c022685dcbd0d5eb8e8c7f16ed15ad74d,2,1,324,190,False,False
r3-pilot,62fc2a11f58ff84c748cd8a90968846c022685dcbd0d5eb8e8c7f16ed15ad74d,2,1,325,190,False,False
r3-pilot,62fc2a11f58ff84c748cd8a90968846c022685dcbd0d5eb8e8c7f16ed15ad74d,2,1,326,190,False,False
r3-pilot,62fc2a11f58ff84c748cd8a90968846c022685dcbd0d5eb8e8c7f16ed15ad74d,2,1,327,190,False,False
r3-pilot,62fc2a11f58ff84c748cd8a90968846c022685dcbd0d5eb8e8c7f16ed15ad74d,2,1,328,190,False,False
r3-pilot,62fc2a11f58ff84c748cd8a90968846c022685dcbd0d5eb8e8c7f16ed15ad74d,2,1,329,190,False,False
r3-pilot,62fc2a11f58ff84c748cd8a90968846c022685dcbd0d5eb8e8c7f16ed15ad74d,2,1,330,190,False,False
r3-pilot,62fc2a11f58ff84c748cd8a90968846c022685dcbd0d5eb8e8c7f16ed15ad74d,2,1,331,190,False,False
r3-pilot,62fc2a11f58ff84c748cd8a90968846c022685dcbd0d5eb8e8c7f16ed15ad74d,2,1,332,190,False,False
r3-pilot,62fc2a11f58ff84c748cd8a90968846c022685dcbd0d5eb8e8c7f16ed15ad74d,2,1,333,190,False,False
r3-pilot,62fc2a11f58ff84c748cd8a90968846c022685dcbd0d5eb8e8c7f16ed15ad74d,2,1,334,190,False,False
r3-pilot,62fc2a11f58ff84c748cd8a90968846c022685dcbd0d5eb8e8c7f16ed15ad74d,2,1,335,190,False,False
r3-pilot,62fc2a11f58ff84c748cd8a90968846c022685dcbd0d5eb8e8c7f16ed15ad74d,2,1,336,190,False,False
r3-pilot,62fc2a11f58ff84c748cd8a90968846c022685dcbd0d5eb8e8c7f16ed15ad74d,2,1,337,190,False,False
r3-pilot,62fc2a11f58ff84c748cd8a90968846c022685dcbd0d5eb8e8c7f16ed15ad74d,2,1,338,190,False,False
r3-pilot,62fc2a11f58ff84c748cd8a90968846c022685dcbd0d5eb8e8c7f16ed15ad74d,2,1,339,190,False,False
r3-pilot,62fc2a11f58ff84c748cd8a90968846c022685dcbd0d5eb8e8c7f16ed15ad74d,2,1,340,190,False,False
r3-pilot,62fc2a11f58ff84c748cd8a90968846c022685dcbd0d5eb8e8c7f16ed15ad74d,2,1,341,190,False,False
r3-pilot,62fc2a11f58ff84c748cd8a90968846c022685dcbd0d5eb8e8c7f16ed15ad74d,2,1,342,190,False,False
r3-pilot,62fc2a11f58ff84c748cd8a90968846c022685dcbd0d5eb8e8c7f16ed15ad74d,2,1,343,190,False,False
r3-pilot,62fc2a11f58ff84c748cd8a90968846c022685dcbd0d5eb8e8c7f16ed15ad74d,2,1,344,190,False,False
r3-pilot,62fc2a11f58ff84c748cd8a90968846c022685dcbd0d5eb8e8c7f16ed15ad74d,2,1,345,190,False,False
r3-pilot,62fc2a11f58ff84c748cd8a90968846c022685dcbd0d5eb8e8c7f16ed15ad74d,2,1,346,190,False,False
r3-pilot,62fc2a11f58ff84c748cd8a90968846c022685dcbd0d5eb8e8c7f16ed15ad74d,2,1,347,190,False,False
r3-pilot,62fc2a11f58ff84c748cd8a90968846c022685dcbd0d5eb8e8c7f16ed15ad74d,2,1,348,190,False,False
r3-pilot,62fc2a11f58ff84c748cd8a90968846c022685dcbd0d5eb8e8c7f16ed15ad74d,2,1,349,190,False,False
r3-pilot,62fc2a11f58ff84c748cd8a90968846c022685dcbd0d5eb8e8c7f16ed15ad74d,2,1,350,190,False,False
r3-pilot,62fc2a11f58ff84c748cd8a90968846c022685dcbd0d5eb8e8c7f16ed15ad74d,2,1,351,190,False,False
r3-pilot,62fc2a11f58ff84c748cd8a90968846c022685dcbd0d5eb8e8c7f16ed15ad74d,2,1,352,190,False,False
r3-pilot,62fc2a11f58ff84c748cd8a90968846c022685dcbd0d5eb8e8c7f16ed15ad74d,2,1,353,190,False,False
r3-pilot,62fc2a11f58ff84c748cd8a90968846c022685dcbd0d5eb8e8c7f16ed15ad74d,2,1,354,190,False,False
r3-pilot,62fc2a11f58ff84c748cd8a90968846c022685dcbd0d5eb8e8c7f16ed15ad74d,2,1,355,190,False,False
r3-pilot,62fc2a11f58ff84c748cd8a90968846c022685dcbd0d5eb8e8c7f16ed15ad74d,2,1,356,190,False,False
r3-pilot,62fc2a11f58ff84c748cd8a90968846c022685dcbd0d5eb8e8c7f16ed15ad74d,2,1,357,190,False,False
r3-pilot,62fc2a11f58ff84c748cd8a90968846c022685dcbd0d5eb8e8c7f16ed15ad74d,2,1,358,190,False,False
r3-pilot,62fc2a11f58ff84c748cd8a90968846c022685dcbd0d5eb8e8c7f16ed15ad74d,2,1,359,190,False,False
r3-pilot,62fc2a11f58ff84c748cd8a90968846c022685dcbd0d5eb8e8c7f16ed15ad74d,2,1,360,190,False,False
r3-pilot,62fc2a11f58ff84c748cd8a90968846c022685dcbd0d5eb8e8c7f16ed15ad74d,2,1,361,190,False,False
r3-pilot,62fc2a11f58ff84c748cd8a90968846c022685dcbd0d5eb8e8c7f16ed15ad74d,2,1,362,190,False,False
r3-pilot,62fc2a11f58ff84c748cd8a90968846c022685dcbd0d5eb8e8c7f16ed15ad74d,2,1,363,190,False,False
r3-pilot,62fc2a11f58ff84c748cd8a90968846c022685dcbd0d5eb8e8c7f16ed15ad74d,2,1,364,190,False,False
r3-pilot,62fc2a11f58ff84c748cd8a90968846c022685dcbd0d5eb8e8c7f16ed15ad74d,2,1,365,190,False,False
r3-pilot,62fc2a11f58ff84c748cd8a90968846c022685dcbd0d5eb8e8c7f16ed15ad74d,2,1,366,190,False,False
r3-pilot,62fc2a11f58ff84c748cd8a90968846c022685dcbd0d5eb8e8c7f16ed15ad74d,2,1,367,190,False,False
r3-pilot,62fc2a11f58ff84c748cd8a90968846c022685dcbd0d5eb8e8c7f16ed15ad74d,2,1,368,190,False,False
r3-pilot,62fc2a11f58ff84c748cd8a90968846c022685dcbd0d5eb8e8c7f16ed15ad74d,2,1,369,190,False,False
r3-pilot,62fc2a11f58ff84c748cd8a90968846c022685dcbd0d5eb8e8c7f16ed15ad74d,2,1,287,191,False,False
r3-pilot,62fc2a11f58ff84c748cd8a90968846c022685dcbd0d5eb8e8c7f16ed15ad74d,2,1,288,191,False,False
r3-pilot,62fc2a11f58ff84c748cd8a90968846c022685dcbd0d5eb8e8c7f16ed15ad74d,2,1,289,191,False,False
r3-pilot,62fc2a11f58ff84c748cd8a90968846c022685dcbd0d5eb8e8c7f16ed15ad74d,2,1,290,191,False,False
r3-pilot,62fc2a11f58ff84c748cd8a90968846c022685dcbd0d5eb8e8c7f16ed15ad74d,2,1,291,191,False,False
r3-pilot,62fc2a11f58ff84c748cd8a90968846c022685dcbd0d5eb8e8c7f16ed15ad74d,2,1,292,191,False,False
r3-pilot,62fc2a11f58ff84c748cd8a90968846c022685dcbd0d5eb8e8c7f16ed15ad74d,2,1,293,191,False,False
r3-pilot,62fc2a11f58ff84c748cd8a90968846c022685dcbd0d5eb8e8c7f16ed15ad74d,2,1,294,191,False,False
r3-pilot,62fc2a11f58ff84c748cd8a90968846c022685dcbd0d5eb8e8c7f16ed15ad74d,2,1,295,191,False,False
r3-pilot,62fc2a11f58ff84c748cd8a90968846c022685dcbd0d5eb8e8c7f16ed15ad74d,2,1,296,191,False,False
r3-pilot,62fc2a11f58ff84c748cd8a90968846c022685dcbd0d5eb8e8c7f16ed15ad74d,2,1,297,191,False,False
r3-pilot,62fc2a11f58ff84c748cd8a90968846c022685dcbd0d5eb8e8c7f16ed15ad74d,2,1,298,191,False,False
r3-pilot,62fc2a11f58ff84c748cd8a90968846c022685dcbd0d5eb8e8c7f16ed15ad74d,2,1,299,191,False,False
r3-pilot,62fc2a11f58ff84c748cd8a90968846c022685dcbd0d5eb8e8c7f16ed15ad74d,2,1,300,191,False,False
r3-pilot,62fc2a11f58ff84c748cd8a90968846c022685dcbd0d5eb8e8c7f16ed15ad74d,2,1,301,191,False,False
r3-pilot,62fc2a11f58ff84c748cd8a90968846c022685dcbd0d5eb8e8c7f16ed15ad74d,2,1,302,191,False,False
r3-pilot,62fc2a11f58ff84c748cd8a90968846c022685dcbd0d5eb8e8c7f16ed15ad74d,2,1,303,191,False,False
r3-pilot,62fc2a11f58ff84c748cd8a90968846c022685dcbd0d5eb8e8c7f16ed15ad74d,2,1,304,191,False,False
r3-pilot,62fc2a11f58ff84c748cd8a90968846c022685dcbd0d5eb8e8c7f16ed15ad74d,2,1,305,191,False,False
r3-pilot,62fc2a11f58ff84c748cd8a90968846c022685dcbd0d5eb8e8c7f16ed15ad74d,2,1,306,191,False,False
r3-pilot,62fc2a11f58ff84c748cd8a90968846c022685dcbd0d5eb8e8c7f16ed15ad74d,2,1,307,191,False,False
r3-pilot,62fc2a11f58ff84c748cd8a90968846c022685dcbd0d5eb8e8c7f16ed15ad74d,2,1,308,191,False,False
r3-pilot,62fc2a11f58ff84c748cd8a90968846c022685dcbd0d5eb8e8c7f16ed15ad74d,2,1,309,191,False,False
r3-pilot,62fc2a11f58ff84c748cd8a90968846c022685dcbd0d5eb8e8c7f16ed15ad74d,2,1,310,191,False,False
r3-pilot,62fc2a11f58ff84c748cd8a90968846c022685dcbd0d5eb8e8c7f16ed15ad74d,2,1,311,191,False,False
r3-pilot,62fc2a11f58ff84c748cd8a90968846c022685dcbd0d5eb8e8c7f16ed15ad74d,2,1,312,191,False,False
r3-pilot,62fc2a11f58ff84c748cd8a90968846c022685dcbd0d5eb8e8c7f16ed15ad74d,2,1,313,191,False,False
r3-pilot,62fc2a11f58ff84c748cd8a90968846c022685dcbd0d5eb8e8c7f16ed15ad74d,2,1,314,191,False,False
r3-pilot,62fc2a11f58ff84c748cd8a90968846c022685dcbd0d5eb8e8c7f16ed15ad74d,2,1,315,191,False,False
r3-pilot,62fc2a11f58ff84c748cd8a90968846c022685dcbd0d5eb8e8c7f16ed15ad74d,2,1,316,191,False,False
r3-pilot,62fc2a11f58ff84c748cd8a90968846c022685dcbd0d5eb8e8c7f16ed15ad74d,2,1,317,191,False,False
r3-pilot,62fc2a11f58ff84c748cd8a90968846c022685dcbd0d5eb8e8c7f16ed15ad74d,2,1,318,191,False,False
r3-pilot,62fc2a11f58ff84c748cd8a90968846c022685dcbd0d5eb8e8c7f16ed15ad74d,2,1,319,191,False,False
r3-pilot,62fc2a11f58ff84c748cd8a90968846c022685dcbd0d5eb8e8c7f16ed15ad74d,2,1,320,191,False,False
r3-pilot,62fc2a11f58ff84c748cd8a90968846c022685dcbd0d5eb8e8c7f16ed15ad74d,2,1,321,191,False,False
r3-pilot,62fc2a11f58ff84c748cd8a90968846c022685dcbd0d5eb8e8c7f16ed15ad74d,2,1,322,191,False,False
r3-pilot,62fc2a11f58ff84c748cd8a90968846c022685dcbd0d5eb8e8c7f16ed15ad74d,2,1,323,191,False,False
r3-pilot,62fc2a11f58ff84c748cd8a90968846c022685dcbd0d5eb8e8c7f16ed15ad74d,2,1,324,191,False,False
r3-pilot,62fc2a11f58ff84c748cd8a90968846c022685dcbd0d5eb8e8c7f16ed15ad74d,2,1,325,191,False,False
r3-pilot,62fc2a11f58ff84c748cd8a90968846c022685dcbd0d5eb8e8c7f16ed15ad74d,2,1,326,191,False,False
r3-pilot,62fc2a11f58ff84c748cd8a90968846c022685dcbd0d5eb8e8c7f16ed15ad74d,2,1,327,191,False,False
r3-pilot,62fc2a11f58ff84c748cd8a90968846c022685dcbd0d5eb8e8c7f16ed15ad74d,2,1,328,191,False,False
r3-pilot,62fc2a11f58ff84c748cd8a90968846c022685dcbd0d5eb8e8c7f16ed15ad74d,2,1,329,191,False,False
r3-pilot,62fc2a11f58ff84c748cd8a90968846c022685dcbd0d5eb8e8c7f16ed15ad74d,2,1,330,191,False,False
r3-pilot,62fc2a11f58ff84c748cd8a90968846c022685dcbd0d5eb8e8c7f16ed15ad74d,2,1,331,191,False,False
r3-pilot,62fc2a11f58ff84c748cd8a90968846c022685dcbd0d5eb8e8c7f16ed15ad74d,2,1,332,191,False,False
r3-pilot,62fc2a11f58ff84c748cd8a90968846c022685dcbd0d5eb8e8c7f16ed15ad74d,2,1,333,191,False,False
r3-pilot,62fc2a11f58ff84c748cd8a90968846c022685dcbd0d5eb8e8c7f16ed15ad74d,2,1,334,191,False,False
r3-pilot,62fc2a11f58ff84c748cd8a90968846c022685dcbd0d5eb8e8c7f16ed15ad74d,2,1,335,191,False,False
r3-pilot,62fc2a11f58ff84c748cd8a90968846c022685dcbd0d5eb8e8c7f16ed15ad74d,2,1,336,191,False,False
r3-pilot,62fc2a11f58ff84c748cd8a90968846c022685dcbd0d5eb8e8c7f16ed15ad74d,2,1,337,191,False,False
r3-pilot,62fc2a11f58ff84c748cd8a90968846c022685dcbd0d5eb8e8c7f16ed15ad74d,2,1,338,191,False,False
r3-pilot,62fc2a11f58ff84c748cd8a90968846c022685dcbd0d5eb8e8c7f16ed15ad74d,2,1,339,191,False,False
r3-pilot,62fc2a11f58ff84c748cd8a90968846c022685dcbd0d5eb8e8c7f16ed15ad74d,2,1,340,191,False,False
r3-pilot,62fc2a11f58ff84c748cd8a90968846c022685dcbd0d5eb8e8c7f16ed15ad74d,2,1,341,191,False,False
r3-pilot,62fc2a11f58ff84c748cd8a90968846c022685dcbd0d5eb8e8c7f16ed15ad74d,2,1,342,191,False,False
r3-pilot,62fc2a11f58ff84c748cd8a90968846c022685dcbd0d5eb8e8c7f16ed15ad74d,2,1,343,191,False,False
r3-pilot,62fc2a11f58ff84c748cd8a90968846c022685dcbd0d5eb8e8c7f16ed15ad74d,2,1,344,191,False,False
r3-pilot,62fc2a11f58ff84c748cd8a90968846c022685dcbd0d5eb8e8c7f16ed15ad74d,2,1,345,191,False,False
r3-pilot,62fc2a11f58ff84c748cd8a90968846c022685dcbd0d5eb8e8c7f16ed15ad74d,2,1,346,191,False,False
r3-pilot,62fc2a11f58ff84c748cd8a90968846c022685dcbd0d5eb8e8c7f16ed15ad74d,2,1,347,191,False,False
r3-pilot,62fc2a11f58ff84c748cd8a90968846c022685dcbd0d5eb8e8c7f16ed15ad74d,2,1,348,191,False,False
r3-pilot,62fc2a11f58ff84c748cd8a90968846c022685dcbd0d5eb8e8c7f16ed15ad74d,2,1,349,191,False,False
r3-pilot,62fc2a11f58ff84c748cd8a90968846c022685dcbd0d5eb8e8c7f16ed15ad74d,2,1,350,191,False,False
r3-pilot,62fc2a11f58ff84c748cd8a90968846c022685dcbd0d5eb8e8c7f16ed15ad74d,2,1,351,191,False,False
r3-pilot,62fc2a11f58ff84c748cd8a90968846c022685dcbd0d5eb8e8c7f16ed15ad74d,2,1,352,191,False,False
r3-pilot,62fc2a11f58ff84c748cd8a90968846c022685dcbd0d5eb8e8c7f16ed15ad74d,2,1,353,191,False,False
r3-pilot,62fc2a11f58ff84c748cd8a90968846c022685dcbd0d5eb8e8c7f16ed15ad74d,2,1,354,191,False,False
r3-pilot,62fc2a11f58ff84c748cd8a90968846c022685dcbd0d5eb8e8c7f16ed15ad74d,2,1,355,191,False,False
r3-pilot,62fc2a11f58ff84c748cd8a90968846c022685dcbd0d5eb8e8c7f16ed15ad74d,2,1,356,191,False,False
r3-pilot,62fc2a11f58ff84c748cd8a90968846c022685dcbd0d5eb8e8c7f16ed15ad74d,2,1,357,191,False,False
r3-pilot,62fc2a11f58ff84c748cd8a90968846c022685dcbd0d5eb8e8c7f16ed15ad74d,2,1,358,191,False,False
r3-pilot,62fc2a11f58ff84c748cd8a90968846c022685dcbd0d5eb8e8c7f16ed15ad74d,2,1,359,191,False,False
r3-pilot,62fc2a11f58ff84c748cd8a90968846c022685dcbd0d5eb8e8c7f16ed15ad74d,2,1,360,191,False,False
r3-pilot,62fc2a11f58ff84c748cd8a90968846c022685dcbd0d5eb8e8c7f16ed15ad74d,2,1,361,191,False,False
r3-pilot,62fc2a11f58ff84c748cd8a90968846c022685dcbd0d5eb8e8c7f16ed15ad74d,2,1,362,191,False,False
r3-pilot,62fc2a11f58ff84c748cd8a90968846c022685dcbd0d5eb8e8c7f16ed15ad74d,2,1,363,191,False,False
r3-pilot,62fc2a11f58ff84c748cd8a90968846c022685dcbd0d5eb8e8c7f16ed15ad74d,2,1,364,191,False,False
r3-pilot,62fc2a11f58ff84c748cd8a90968846c022685dcbd0d5eb8e8c7f16ed15ad74d,2,1,365,191,False,False
r3-pilot,62fc2a11f58ff84c748cd8a90968846c022685dcbd0d5eb8e8c7f16ed15ad74d,2,1,366,191,False,False
r3-pilot,62fc2a11f58ff84c748cd8a90968846c022685dcbd0d5eb8e8c7f16ed15ad74d,2,1,367,191,False,False
r3-pilot,62fc2a11f58ff84c748cd8a90968846c022685dcbd0d5eb8e8c7f16ed15ad74d,2,1,368,191,False,False
r3-pilot,62fc2a11f58ff84c748cd8a90968846c022685dcbd0d5eb8e8c7f16ed15ad74d,2,1,369,191,False,False
r3-pilot,62fc2a11f58ff84c748cd8a90968846c022685dcbd0d5eb8e8c7f16ed15ad74d,2,1,287,192,False,False
r3-pilot,62fc2a11f58ff84c748cd8a90968846c022685dcbd0d5eb8e8c7f16ed15ad74d,2,1,288,192,False,False
r3-pilot,62fc2a11f58ff84c748cd8a90968846c022685dcbd0d5eb8e8c7f16ed15ad74d,2,1,289,192,False,False
r3-pilot,62fc2a11f58ff84c748cd8a90968846c022685dcbd0d5eb8e8c7f16ed15ad74d,2,1,290,192,False,False
r3-pilot,62fc2a11f58ff84c748cd8a90968846c022685dcbd0d5eb8e8c7f16ed15ad74d,2,1,291,192,False,False
r3-pilot,62fc2a11f58ff84c748cd8a90968846c022685dcbd0d5eb8e8c7f16ed15ad74d,2,1,292,192,False,False
r3-pilot,62fc2a11f58ff84c748cd8a90968846c022685dcbd0d5eb8e8c7f16ed15ad74d,2,1,293,192,False,False
r3-pilot,62fc2a11f58ff84c748cd8a90968846c022685dcbd0d5eb8e8c7f16ed15ad74d,2,1,294,192,False,False
r3-pilot,62fc2a11f58ff84c748cd8a90968846c022685dcbd0d5eb8e8c7f16ed15ad74d,2,1,295,192,False,False
r3-pilot,62fc2a11f58ff84c748cd8a90968846c022685dcbd0d5eb8e8c7f16ed15ad74d,2,1,296,192,False,False
r3-pilot,62fc2a11f58ff84c748cd8a90968846c022685dcbd0d5eb8e8c7f16ed15ad74d,2,1,297,192,False,False
r3-pilot,62fc2a11f58ff84c748cd8a90968846c022685dcbd0d5eb8e8c7f16ed15ad74d,2,1,298,192,False,False
r3-pilot,62fc2a11f58ff84c748cd8a90968846c022685dcbd0d5eb8e8c7f16ed15ad74d,2,1,299,192,False,False
r3-pilot,62fc2a11f58ff84c748cd8a90968846c022685dcbd0d5eb8e8c7f16ed15ad74d,2,1,300,192,False,False
r3-pilot,62fc2a11f58ff84c748cd8a90968846c022685dcbd0d5eb8e8c7f16ed15ad74d,2,1,301,192,False,False
r3-pilot,62fc2a11f58ff84c748cd8a90968846c022685dcbd0d5eb8e8c7f16ed15ad74d,2,1,302,192,False,False
r3-pilot,62fc2a11f58ff84c748cd8a90968846c022685dcbd0d5eb8e8c7f16ed15ad74d,2,1,303,192,False,False
r3-pilot,62fc2a11f58ff84c748cd8a90968846c022685dcbd0d5eb8e8c7f16ed15ad74d,2,1,304,192,False,False
r3-pilot,62fc2a11f58ff84c748cd8a90968846c022685dcbd0d5eb8e8c7f16ed15ad74d,2,1,305,192,False,False
r3-pilot,62fc2a11f58ff84c748cd8a90968846c022685dcbd0d5eb8e8c7f16ed15ad74d,2,1,306,192,False,False
r3-pilot,62fc2a11f58ff84c748cd8a90968846c022685dcbd0d5eb8e8c7f16ed15ad74d,2,1,307,192,False,False
r3-pilot,62fc2a11f58ff84c748cd8a90968846c022685dcbd0d5eb8e8c7f16ed15ad74d,2,1,308,192,False,False
r3-pilot,62fc2a11f58ff84c748cd8a90968846c022685dcbd0d5eb8e8c7f16ed15ad74d,2,1,309,192,False,False
r3-pilot,62fc2a11f58ff84c748cd8a90968846c022685dcbd0d5eb8e8c7f16ed15ad74d,2,1,310,192,False,False
r3-pilot,62fc2a11f58ff84c748cd8a90968846c022685dcbd0d5eb8e8c7f16ed15ad74d,2,1,311,192,False,False
r3-pilot,62fc2a11f58ff84c748cd8a90968846c022685dcbd0d5eb8e8c7f16ed15ad74d,2,1,312,192,False,False
r3-pilot,62fc2a11f58ff84c748cd8a90968846c022685dcbd0d5eb8e8c7f16ed15ad74d,2,1,313,192,False,False
r3-pilot,62fc2a11f58ff84c748cd8a90968846c022685dcbd0d5eb8e8c7f16ed15ad74d,2,1,314,192,False,False
r3-pilot,62fc2a11f58ff84c748cd8a90968846c022685dcbd0d5eb8e8c7f16ed15ad74d,2,1,315,192,False,False
r3-pilot,62fc2a11f58ff84c748cd8a90968846c022685dcbd0d5eb8e8c7f16ed15ad74d,2,1,316,192,False,False
r3-pilot,62fc2a11f58ff84c748cd8a90968846c022685dcbd0d5eb8e8c7f16ed15ad74d,2,1,317,192,False,False
r3-pilot,62fc2a11f58ff84c748cd8a90968846c022685dcbd0d5eb8e8c7f16ed15ad74d,2,1,318,192,False,False
r3-pilot,62fc2a11f58ff84c748cd8a90968846c022685dcbd0d5eb8e8c7f16ed15ad74d,2,1,319,192,False,False
r3-pilot,62fc2a11f58ff84c748cd8a90968846c022685dcbd0d5eb8e8c7f16ed15ad74d,2,1,320,192,False,False
r3-pilot,62fc2a11f58ff84c748cd8a90968846c022685dcbd0d5eb8e8c7f16ed15ad74d,2,1,321,192,False,False
r3-pilot,62fc2a11f58ff84c748cd8a90968846c022685dcbd0d5eb8e8c7f16ed15ad74d,2,1,322,192,False,False
r3-pilot,62fc2a11f58ff84c748cd8a90968846c022685dcbd0d5eb8e8c7f16ed15ad74d,2,1,323,192,False,False
r3-pilot,62fc2a11f58ff84c748cd8a90968846c022685dcbd0d5eb8e8c7f16ed15ad74d,2,1,324,192,False,False
r3-pilot,62fc2a11f58ff84c748cd8a90968846c022685dcbd0d5eb8e8c7f16ed15ad74d,2,1,325,192,False,False
r3-pilot,62fc2a11f58ff84c748cd8a90968846c022685dcbd0d5eb8e8c7f16ed15ad74d,2,1,326,192,False,False
r3-pilot,62fc2a11f58ff84c748cd8a90968846c022685dcbd0d5eb8e8c7f16ed15ad74d,2,1,327,192,False,False
r3-pilot,62fc2a11f58ff84c748cd8a90968846c022685dcbd0d5eb8e8c7f16ed15ad74d,2,1,328,192,False,False
r3-pilot,62fc2a11f58ff84c748cd8a90968846c022685dcbd0d5eb8e8c7f16ed15ad74d,2,1,329,192,False,False
r3-pilot,62fc2a11f58ff84c748cd8a90968846c022685dcbd0d5eb8e8c7f16ed15ad74d,2,1,330,192,False,False
r3-pilot,62fc2a11f58ff84c748cd8a90968846c022685dcbd0d5eb8e8c7f16ed15ad74d,2,1,331,192,False,False
r3-pilot,62fc2a11f58ff84c748cd8a90968846c022685dcbd0d5eb8e8c7f16ed15ad74d,2,1,332,192,False,False
r3-pilot,62fc2a11f58ff84c748cd8a90968846c022685dcbd0d5eb8e8c7f16ed15ad74d,2,1,333,192,False,False
r3-pilot,62fc2a11f58ff84c748cd8a90968846c022685dcbd0d5eb8e8c7f16ed15ad74d,2,1,334,192,False,False
r3-pilot,62fc2a11f58ff84c748cd8a90968846c022685dcbd0d5eb8e8c7f16ed15ad74d,2,1,335,192,False,False
r3-pilot,62fc2a11f58ff84c748cd8a90968846c022685dcbd0d5eb8e8c7f16ed15ad74d,2,1,336,192,False,False
r3-pilot,62fc2a11f58ff84c748cd8a90968846c022685dcbd0d5eb8e8c7f16ed15ad74d,2,1,337,192,False,False
r3-pilot,62fc2a11f58ff84c748cd8a90968846c022685dcbd0d5eb8e8c7f16ed15ad74d,2,1,338,192,False,False
r3-pilot,62fc2a11f58ff84c748cd8a90968846c022685dcbd0d5eb8e8c7f16ed15ad74d,2,1,339,192,False,False
r3-pilot,62fc2a11f58ff84c748cd8a90968846c022685dcbd0d5eb8e8c7f16ed15ad74d,2,1,340,192,False,False
r3-pilot,62fc2a11f58ff84c748cd8a90968846c022685dcbd0d5eb8e8c7f16ed15ad74d,2,1,341,192,False,False
r3-pilot,62fc2a11f58ff84c748cd8a90968846c022685dcbd0d5eb8e8c7f16ed15ad74d,2,1,342,192,False,False
r3-pilot,62fc2a11f58ff84c748cd8a90968846c022685dcbd0d5eb8e8c7f16ed15ad74d,2,1,343,192,False,False
r3-pilot,62fc2a11f58ff84c748cd8a90968846c022685dcbd0d5eb8e8c7f16ed15ad74d,2,1,344,192,False,False
r3-pilot,62fc2a11f58ff84c748cd8a90968846c022685dcbd0d5eb8e8c7f16ed15ad74d,2,1,345,192,False,False
r3-pilot,62fc2a11f58ff84c748cd8a90968846c022685dcbd0d5eb8e8c7f16ed15ad74d,2,1,346,192,False,False
r3-pilot,62fc2a11f58ff84c748cd8a90968846c022685dcbd0d5eb8e8c7f16ed15ad74d,2,1,347,192,False,False
r3-pilot,62fc2a11f58ff84c748cd8a90968846c022685dcbd0d5eb8e8c7f16ed15ad74d,2,1,348,192,False,False
r3-pilot,62fc2a11f58ff84c748cd8a90968846c022685dcbd0d5eb8e8c7f16ed15ad74d,2,1,349,192,False,False
r3-pilot,62fc2a11f58ff84c748cd8a90968846c022685dcbd0d5eb8e8c7f16ed15ad74d,2,1,350,192,False,False
r3-pilot,62fc2a11f58ff84c748cd8a90968846c022685dcbd0d5eb8e8c7f16ed15ad74d,2,1,351,192,False,False
r3-pilot,62fc2a11f58ff84c748cd8a90968846c022685dcbd0d5eb8e8c7f16ed15ad74d,2,1,352,192,False,False
r3-pilot,62fc2a11f58ff84c748cd8a90968846c022685dcbd0d5eb8e8c7f16ed15ad74d,2,1,353,192,False,False
r3-pilot,62fc2a11f58ff84c748cd8a90968846c022685dcbd0d5eb8e8c7f16ed15ad74d,2,1,354,192,False,False
r3-pilot,62fc2a11f58ff84c748cd8a90968846c022685dcbd0d5eb8e8c7f16ed15ad74d,2,1,355,192,False,False
r3-pilot,62fc2a11f58ff84c748cd8a90968846c022685dcbd0d5eb8e8c7f16ed15ad74d,2,1,356,192,False,False
r3-pilot,62fc2a11f58ff84c748cd8a90968846c022685dcbd0d5eb8e8c7f16ed15ad74d,2,1,357,192,False,False
r3-pilot,62fc2a11f58ff84c748cd8a90968846c022685dcbd0d5eb8e8c7f16ed15ad74d,2,1,358,192,False,False
r3-pilot,62fc2a11f58ff84c748cd8a90968846c022685dcbd0d5eb8e8c7f16ed15ad74d,2,1,359,192,False,False
r3-pilot,62fc2a11f58ff84c748cd8a90968846c022685dcbd0d5eb8e8c7f16ed15ad74d,2,1,360,192,False,False
r3-pilot,62fc2a11f58ff84c748cd8a90968846c022685dcbd0d5eb8e8c7f16ed15ad74d,2,1,361,192,False,False
r3-pilot,62fc2a11f58ff84c748cd8a90968846c022685dcbd0d5eb8e8c7f16ed15ad74d,2,1,362,192,False,False
r3-pilot,62fc2a11f58ff84c748cd8a90968846c022685dcbd0d5eb8e8c7f16ed15ad74d,2,1,363,192,False,False
r3-pilot,62fc2a11f58ff84c748cd8a90968846c022685dcbd0d5eb8e8c7f16ed15ad74d,2,1,364,192,False,False
r3-pilot,62fc2a11f58ff84c748cd8a90968846c022685dcbd0d5eb8e8c7f16ed15ad74d,2,1,365,192,False,False
r3-pilot,62fc2a11f58ff84c748cd8a90968846c022685dcbd0d5eb8e8c7f16ed15ad74d,2,1,366,192,False,False
r3-pilot,62fc2a11f58ff84c748cd8a90968846c022685dcbd0d5eb8e8c7f16ed15ad74d,2,1,367,192,False,False
r3-pilot,62fc2a11f58ff84c748cd8a90968846c022685dcbd0d5eb8e8c7f16ed15ad74d,2,1,368,192,False,False
r3-pilot,62fc2a11f58ff84c748cd8a90968846c022685dcbd0d5eb8e8c7f16ed15ad74d,2,1,369,192,False,False
r3-pilot,62fc2a11f58ff84c748cd8a90968846c022685dcbd0d5eb8e8c7f16ed15ad74d,2,1,286,193,False,True
r3-pilot,62fc2a11f58ff84c748cd8a90968846c022685dcbd0d5eb8e8c7f16ed15ad74d,2,1,287,193,False,False
r3-pilot,62fc2a11f58ff84c748cd8a90968846c022685dcbd0d5eb8e8c7f16ed15ad74d,2,1,288,193,False,False
r3-pilot,62fc2a11f58ff84c748cd8a90968846c022685dcbd0d5eb8e8c7f16ed15ad74d,2,1,289,193,False,False
r3-pilot,62fc2a11f58ff84c748cd8a90968846c022685dcbd0d5eb8e8c7f16ed15ad74d,2,1,290,193,False,False
r3-pilot,62fc2a11f58ff84c748cd8a90968846c022685dcbd0d5eb8e8c7f16ed15ad74d,2,1,291,193,False,False
r3-pilot,62fc2a11f58ff84c748cd8a90968846c022685dcbd0d5eb8e8c7f16ed15ad74d,2,1,292,193,False,False
r3-pilot,62fc2a11f58ff84c748cd8a90968846c022685dcbd0d5eb8e8c7f16ed15ad74d,2,1,293,193,False,False
r3-pilot,62fc2a11f58ff84c748cd8a90968846c022685dcbd0d5eb8e8c7f16ed15ad74d,2,1,294,193,False,False
r3-pilot,62fc2a11f58ff84c748cd8a90968846c022685dcbd0d5eb8e8c7f16ed15ad74d,2,1,295,193,False,False
r3-pilot,62fc2a11f58ff84c748cd8a90968846c022685dcbd0d5eb8e8c7f16ed15ad74d,2,1,296,193,False,False
r3-pilot,62fc2a11f58ff84c748cd8a90968846c022685dcbd0d5eb8e8c7f16ed15ad74d,2,1,297,193,False,False
r3-pilot,62fc2a11f58ff84c748cd8a90968846c022685dcbd0d5eb8e8c7f16ed15ad74d,2,1,298,193,False,False
r3-pilot,62fc2a11f58ff84c748cd8a90968846c022685dcbd0d5eb8e8c7f16ed15ad74d,2,1,299,193,False,False
r3-pilot,62fc2a11f58ff84c748cd8a90968846c022685dcbd0d5eb8e8c7f16ed15ad74d,2,1,300,193,False,False
r3-pilot,62fc2a11f58ff84c748cd8a90968846c022685dcbd0d5eb8e8c7f16ed15ad74d,2,1,301,193,False,False
r3-pilot,62fc2a11f58ff84c748cd8a90968846c022685dcbd0d5eb8e8c7f16ed15ad74d,2,1,302,193,False,False
r3-pilot,62fc2a11f58ff84c748cd8a90968846c022685dcbd0d5eb8e8c7f16ed15ad74d,2,1,303,193,False,False
r3-pilot,62fc2a11f58ff84c748cd8a90968846c022685dcbd0d5eb8e8c7f16ed15ad74d,2,1,304,193,False,False
r3-pilot,62fc2a11f58ff84c748cd8a90968846c022685dcbd0d5eb8e8c7f16ed15ad74d,2,1,305,193,False,False
r3-pilot,62fc2a11f58ff84c748cd8a90968846c022685dcbd0d5eb8e8c7f16ed15ad74d,2,1,306,193,False,False
r3-pilot,62fc2a11f58ff84c748cd8a90968846c022685dcbd0d5eb8e8c7f16ed15ad74d,2,1,307,193,False,False
r3-pilot,62fc2a11f58ff84c748cd8a90968846c022685dcbd0d5eb8e8c7f16ed15ad74d,2,1,308,193,False,False
r3-pilot,62fc2a11f58ff84c748cd8a90968846c022685dcbd0d5eb8e8c7f16ed15ad74d,2,1,309,193,False,False
r3-pilot,62fc2a11f58ff84c748cd8a90968846c022685dcbd0d5eb8e8c7f16ed15ad74d,2,1,310,193,False,False
r3-pilot,62fc2a11f58ff84c748cd8a90968846c022685dcbd0d5eb8e8c7f16ed15ad74d,2,1,311,193,False,False
r3-pilot,62fc2a11f58ff84c748cd8a90968846c022685dcbd0d5eb8e8c7f16ed15ad74d,2,1,312,193,False,False
r3-pilot,62fc2a11f58ff84c748cd8a90968846c022685dcbd0d5eb8e8c7f16ed15ad74d,2,1,313,193,False,False
r3-pilot,62fc2a11f58ff84c748cd8a90968846c022685dcbd0d5eb8e8c7f16ed15ad74d,2,1,314,193,False,False
r3-pilot,62fc2a11f58ff84c748cd8a90968846c022685dcbd0d5eb8e8c7f16ed15ad74d,2,1,315,193,False,False
r3-pilot,62fc2a11f58ff84c748cd8a90968846c022685dcbd0d5eb8e8c7f16ed15ad74d,2,1,316,193,False,False
r3-pilot,62fc2a11f58ff84c748cd8a90968846c022685dcbd0d5eb8e8c7f16ed15ad74d,2,1,317,193,False,False
r3-pilot,62fc2a11f58ff84c748cd8a90968846c022685dcbd0d5eb8e8c7f16ed15ad74d,2,1,318,193,False,False
r3-pilot,62fc2a11f58ff84c748cd8a90968846c022685dcbd0d5eb8e8c7f16ed15ad74d,2,1,319,193,False,False
r3-pilot,62fc2a11f58ff84c748cd8a90968846c022685dcbd0d5eb8e8c7f16ed15ad74d,2,1,320,193,False,False
r3-pilot,62fc2a11f58ff84c748cd8a90968846c022685dcbd0d5eb8e8c7f16ed15ad74d,2,1,321,193,False,False
r3-pilot,62fc2a11f58ff84c748cd8a90968846c022685dcbd0d5eb8e8c7f16ed15ad74d,2,1,322,193,False,False
r3-pilot,62fc2a11f58ff84c748cd8a90968846c022685dcbd0d5eb8e8c7f16ed15ad74d,2,1,323,193,False,False
r3-pilot,62fc2a11f58ff84c748cd8a90968846c022685dcbd0d5eb8e8c7f16ed15ad74d,2,1,324,193,False,False
r3-pilot,62fc2a11f58ff84c748cd8a90968846c022685dcbd0d5eb8e8c7f16ed15ad74d,2,1,325,193,False,False
r3-pilot,62fc2a11f58ff84c748cd8a90968846c022685dcbd0d5eb8e8c7f16ed15ad74d,2,1,326,193,False,False
r3-pilot,62fc2a11f58ff84c748cd8a90968846c022685dcbd0d5eb8e8c7f16ed15ad74d,2,1,327,193,False,False
r3-pilot,62fc2a11f58ff84c748cd8a90968846c022685dcbd0d5eb8e8c7f16ed15ad74d,2,1,328,193,False,False
r3-pilot,62fc2a11f58ff84c748cd8a90968846c022685dcbd0d5eb8e8c7f16ed15ad74d,2,1,329,193,False,False
r3-pilot,62fc2a11f58ff84c748cd8a90968846c022685dcbd0d5eb8e8c7f16ed15ad74d,2,1,330,193,False,False
r3-pilot,62fc2a11f58ff84c748cd8a90968846c022685dcbd0d5eb8e8c7f16ed15ad74d,2,1,331,193,False,False
r3-pilot,62fc2a11f58ff84c748cd8a90968846c022685dcbd0d5eb8e8c7f16ed15ad74d,2,1,332,193,False,False
r3-pilot,62fc2a11f58ff84c748cd8a90968846c022685dcbd0d5eb8e8c7f16ed15ad74d,2,1,333,193,False,False
r3-pilot,62fc2a11f58ff84c748cd8a90968846c022685dcbd0d5eb8e8c7f16ed15ad74d,2,1,334,193,False,False
r3-pilot,62fc2a11f58ff84c748cd8a90968846c022685dcbd0d5eb8e8c7f16ed15ad74d,2,1,335,193,False,False
r3-pilot,62fc2a11f58ff84c748cd8a90968846c022685dcbd0d5eb8e8c7f16ed15ad74d,2,1,336,193,False,False
r3-pilot,62fc2a11f58ff84c748cd8a90968846c022685dcbd0d5eb8e8c7f16ed15ad74d,2,1,337,193,False,False
r3-pilot,62fc2a11f58ff84c748cd8a90968846c022685dcbd0d5eb8e8c7f16ed15ad74d,2,1,338,193,False,False
r3-pilot,62fc2a11f58ff84c748cd8a90968846c022685dcbd0d5eb8e8c7f16ed15ad74d,2,1,339,193,False,False
r3-pilot,62fc2a11f58ff84c748cd8a90968846c022685dcbd0d5eb8e8c7f16ed15ad74d,2,1,340,193,False,False
r3-pilot,62fc2a11f58ff84c748cd8a90968846c022685dcbd0d5eb8e8c7f16ed15ad74d,2,1,341,193,False,False
r3-pilot,62fc2a11f58ff84c748cd8a90968846c022685dcbd0d5eb8e8c7f16ed15ad74d,2,1,342,193,False,False
r3-pilot,62fc2a11f58ff84c748cd8a90968846c022685dcbd0d5eb8e8c7f16ed15ad74d,2,1,343,193,False,False
r3-pilot,62fc2a11f58ff84c748cd8a90968846c022685dcbd0d5eb8e8c7f16ed15ad74d,2,1,344,193,False,False
r3-pilot,62fc2a11f58ff84c748cd8a90968846c022685dcbd0d5eb8e8c7f16ed15ad74d,2,1,345,193,False,False
r3-pilot,62fc2a11f58ff84c748cd8a90968846c022685dcbd0d5eb8e8c7f16ed15ad74d,2,1,346,193,False,False
r3-pilot,62fc2a11f58ff84c748cd8a90968846c022685dcbd0d5eb8e8c7f16ed15ad74d,2,1,347,193,False,False
r3-pilot,62fc2a11f58ff84c748cd8a90968846c022685dcbd0d5eb8e8c7f16ed15ad74d,2,1,348,193,False,False
r3-pilot,62fc2a11f58ff84c748cd8a90968846c022685dcbd0d5eb8e8c7f16ed15ad74d,2,1,349,193,False,False
r3-pilot,62fc2a11f58ff84c748cd8a90968846c022685dcbd0d5eb8e8c7f16ed15ad74d,2,1,350,193,False,False
r3-pilot,62fc2a11f58ff84c748cd8a90968846c022685dcbd0d5eb8e8c7f16ed15ad74d,2,1,351,193,False,False
r3-pilot,62fc2a11f58ff84c748cd8a90968846c022685dcbd0d5eb8e8c7f16ed15ad74d,2,1,352,193,False,False
r3-pilot,62fc2a11f58ff84c748cd8a90968846c022685dcbd0d5eb8e8c7f16ed15ad74d,2,1,353,193,False,False
r3-pilot,62fc2a11f58ff84c748cd8a90968846c022685dcbd0d5eb8e8c7f16ed15ad74d,2,1,354,193,False,False
r3-pilot,62fc2a11f58ff84c748cd8a90968846c022685dcbd0d5eb8e8c7f16ed15ad74d,2,1,355,193,False,False
r3-pilot,62fc2a11f58ff84c748cd8a90968846c022685dcbd0d5eb8e8c7f16ed15ad74d,2,1,356,193,False,False
r3-pilot,62fc2a11f58ff84c748cd8a90968846c022685dcbd0d5eb8e8c7f16ed15ad74d,2,1,357,193,False,False
r3-pilot,62fc2a11f58ff84c748cd8a90968846c022685dcbd0d5eb8e8c7f16ed15ad74d,2,1,358,193,False,False
r3-pilot,62fc2a11f58ff84c748cd8a90968846c022685dcbd0d5eb8e8c7f16ed15ad74d,2,1,359,193,False,False
r3-pilot,62fc2a11f58ff84c748cd8a90968846c022685dcbd0d5eb8e8c7f16ed15ad74d,2,1,360,193,False,False
r3-pilot,62fc2a11f58ff84c748cd8a90968846c022685dcbd0d5eb8e8c7f16ed15ad74d,2,1,361,193,False,False
r3-pilot,62fc2a11f58ff84c748cd8a90968846c022685dcbd0d5eb8e8c7f16ed15ad74d,2,1,362,193,False,False
r3-pilot,62fc2a11f58ff84c748cd8a90968846c022685dcbd0d5eb8e8c7f16ed15ad74d,2,1,363,193,False,False
r3-pilot,62fc2a11f58ff84c748cd8a90968846c022685dcbd0d5eb8e8c7f16ed15ad74d,2,1,364,193,False,False
r3-pilot,62fc2a11f58ff84c748cd8a90968846c022685dcbd0d5eb8e8c7f16ed15ad74d,2,1,365,193,False,False
r3-pilot,62fc2a11f58ff84c748cd8a90968846c022685dcbd0d5eb8e8c7f16ed15ad74d,2,1,366,193,False,False
r3-pilot,62fc2a11f58ff84c748cd8a90968846c022685dcbd0d5eb8e8c7f16ed15ad74d,2,1,367,193,False,False
r3-pilot,62fc2a11f58ff84c748cd8a90968846c022685dcbd0d5eb8e8c7f16ed15ad74d,2,1,368,193,False,False
r3-pilot,62fc2a11f58ff84c748cd8a90968846c022685dcbd0d5eb8e8c7f16ed15ad74d,2,1,369,193,False,False
r3-pilot,62fc2a11f58ff84c748cd8a90968846c022685dcbd0d5eb8e8c7f16ed15ad74d,2,1,287,194,False,False
r3-pilot,62fc2a11f58ff84c748cd8a90968846c022685dcbd0d5eb8e8c7f16ed15ad74d,2,1,288,194,False,False
r3-pilot,62fc2a11f58ff84c748cd8a90968846c022685dcbd0d5eb8e8c7f16ed15ad74d,2,1,289,194,False,False
r3-pilot,62fc2a11f58ff84c748cd8a90968846c022685dcbd0d5eb8e8c7f16ed15ad74d,2,1,290,194,False,False
r3-pilot,62fc2a11f58ff84c748cd8a90968846c022685dcbd0d5eb8e8c7f16ed15ad74d,2,1,291,194,False,False
r3-pilot,62fc2a11f58ff84c748cd8a90968846c022685dcbd0d5eb8e8c7f16ed15ad74d,2,1,292,194,False,False
r3-pilot,62fc2a11f58ff84c748cd8a90968846c022685dcbd0d5eb8e8c7f16ed15ad74d,2,1,293,194,False,False
r3-pilot,62fc2a11f58ff84c748cd8a90968846c022685dcbd0d5eb8e8c7f16ed15ad74d,2,1,294,194,False,False
r3-pilot,62fc2a11f58ff84c748cd8a90968846c022685dcbd0d5eb8e8c7f16ed15ad74d,2,1,295,194,False,False
r3-pilot,62fc2a11f58ff84c748cd8a90968846c022685dcbd0d5eb8e8c7f16ed15ad74d,2,1,296,194,False,False
r3-pilot,62fc2a11f58ff84c748cd8a90968846c022685dcbd0d5eb8e8c7f16ed15ad74d,2,1,297,194,False,False
r3-pilot,62fc2a11f58ff84c748cd8a90968846c022685dcbd0d5eb8e8c7f16ed15ad74d,2,1,298,194,False,False
r3-pilot,62fc2a11f58ff84c748cd8a90968846c022685dcbd0d5eb8e8c7f16ed15ad74d,2,1,299,194,False,False
r3-pilot,62fc2a11f58ff84c748cd8a90968846c022685dcbd0d5eb8e8c7f16ed15ad74d,2,1,300,194,False,False
r3-pilot,62fc2a11f58ff84c748cd8a90968846c022685dcbd0d5eb8e8c7f16ed15ad74d,2,1,301,194,False,False
r3-pilot,62fc2a11f58ff84c748cd8a90968846c022685dcbd0d5eb8e8c7f16ed15ad74d,2,1,302,194,False,False
r3-pilot,62fc2a11f58ff84c748cd8a90968846c022685dcbd0d5eb8e8c7f16ed15ad74d,2,1,303,194,False,False
r3-pilot,62fc2a11f58ff84c748cd8a90968846c022685dcbd0d5eb8e8c7f16ed15ad74d,2,1,304,194,False,False
r3-pilot,62fc2a11f58ff84c748cd8a90968846c022685dcbd0d5eb8e8c7f16ed15ad74d,2,1,305,194,False,False
r3-pilot,62fc2a11f58ff84c748cd8a90968846c022685dcbd0d5eb8e8c7f16ed15ad74d,2,1,306,194,False,False
r3-pilot,62fc2a11f58ff84c748cd8a90968846c022685dcbd0d5eb8e8c7f16ed15ad74d,2,1,307,194,False,False
r3-pilot,62fc2a11f58ff84c748cd8a90968846c022685dcbd0d5eb8e8c7f16ed15ad74d,2,1,308,194,False,False
r3-pilot,62fc2a11f58ff84c748cd8a90968846c022685dcbd0d5eb8e8c7f16ed15ad74d,2,1,309,194,False,False
r3-pilot,62fc2a11f58ff84c748cd8a90968846c022685dcbd0d5eb8e8c7f16ed15ad74d,2,1,310,194,False,False
r3-pilot,62fc2a11f58ff84c748cd8a90968846c022685dcbd0d5eb8e8c7f16ed15ad74d,2,1,311,194,False,False
r3-pilot,62fc2a11f58ff84c748cd8a90968846c022685dcbd0d5eb8e8c7f16ed15ad74d,2,1,312,194,False,False
r3-pilot,62fc2a11f58ff84c748cd8a90968846c022685dcbd0d5eb8e8c7f16ed15ad74d,2,1,313,194,False,False
r3-pilot,62fc2a11f58ff84c748cd8a90968846c022685dcbd0d5eb8e8c7f16ed15ad74d,2,1,314,194,False,False
r3-pilot,62fc2a11f58ff84c748cd8a90968846c022685dcbd0d5eb8e8c7f16ed15ad74d,2,1,315,194,False,False
r3-pilot,62fc2a11f58ff84c748cd8a90968846c022685dcbd0d5eb8e8c7f16ed15ad74d,2,1,316,194,False,False
r3-pilot,62fc2a11f58ff84c748cd8a90968846c022685dcbd0d5eb8e8c7f16ed15ad74d,2,1,317,194,False,False
r3-pilot,62fc2a11f58ff84c748cd8a90968846c022685dcbd0d5eb8e8c7f16ed15ad74d,2,1,318,194,False,False
r3-pilot,62fc2a11f58ff84c748cd8a90968846c022685dcbd0d5eb8e8c7f16ed15ad74d,2,1,319,194,False,False
r3-pilot,62fc2a11f58ff84c748cd8a90968846c022685dcbd0d5eb8e8c7f16ed15ad74d,2,1,320,194,False,False
r3-pilot,62fc2a11f58ff84c748cd8a90968846c022685dcbd0d5eb8e8c7f16ed15ad74d,2,1,321,194,False,False
r3-pilot,62fc2a11f58ff84c748cd8a90968846c022685dcbd0d5eb8e8c7f16ed15ad74d,2,1,322,194,False,False
r3-pilot,62fc2a11f58ff84c748cd8a90968846c022685dcbd0d5eb8e8c7f16ed15ad74d,2,1,323,194,False,False
r3-pilot,62fc2a11f58ff84c748cd8a90968846c022685dcbd0d5eb8e8c7f16ed15ad74d,2,1,324,194,False,False
r3-pilot,62fc2a11f58ff84c748cd8a90968846c022685dcbd0d5eb8e8c7f16ed15ad74d,2,1,325,194,False,False
r3-pilot,62fc2a11f58ff84c748cd8a90968846c022685dcbd0d5eb8e8c7f16ed15ad74d,2,1,326,194,False,False
r3-pilot,62fc2a11f58ff84c748cd8a90968846c022685dcbd0d5eb8e8c7f16ed15ad74d,2,1,327,194,False,False
r3-pilot,62fc2a11f58ff84c748cd8a90968846c022685dcbd0d5eb8e8c7f16ed15ad74d,2,1,328,194,False,False
r3-pilot,62fc2a11f58ff84c748cd8a90968846c022685dcbd0d5eb8e8c7f16ed15ad74d,2,1,329,194,False,False
r3-pilot,62fc2a11f58ff84c748cd8a90968846c022685dcbd0d5eb8e8c7f16ed15ad74d,2,1,330,194,False,False
r3-pilot,62fc2a11f58ff84c748cd8a90968846c022685dcbd0d5eb8e8c7f16ed15ad74d,2,1,331,194,False,False
r3-pilot,62fc2a11f58ff84c748cd8a90968846c022685dcbd0d5eb8e8c7f16ed15ad74d,2,1,332,194,False,False
r3-pilot,62fc2a11f58ff84c748cd8a90968846c022685dcbd0d5eb8e8c7f16ed15ad74d,2,1,333,194,False,False
r3-pilot,62fc2a11f58ff84c748cd8a90968846c022685dcbd0d5eb8e8c7f16ed15ad74d,2,1,334,194,False,False
r3-pilot,62fc2a11f58ff84c748cd8a90968846c022685dcbd0d5eb8e8c7f16ed15ad74d,2,1,335,194,False,False
r3-pilot,62fc2a11f58ff84c748cd8a90968846c022685dcbd0d5eb8e8c7f16ed15ad74d,2,1,336,194,False,False
r3-pilot,62fc2a11f58ff84c748cd8a90968846c022685dcbd0d5eb8e8c7f16ed15ad74d,2,1,337,194,False,False
r3-pilot,62fc2a11f58ff84c748cd8a90968846c022685dcbd0d5eb8e8c7f16ed15ad74d,2,1,338,194,False,False
r3-pilot,62fc2a11f58ff84c748cd8a90968846c022685dcbd0d5eb8e8c7f16ed15ad74d,2,1,339,194,False,False
r3-pilot,62fc2a11f58ff84c748cd8a90968846c022685dcbd0d5eb8e8c7f16ed15ad74d,2,1,340,194,False,False
r3-pilot,62fc2a11f58ff84c748cd8a90968846c022685dcbd0d5eb8e8c7f16ed15ad74d,2,1,341,194,False,False
r3-pilot,62fc2a11f58ff84c748cd8a90968846c022685dcbd0d5eb8e8c7f16ed15ad74d,2,1,342,194,False,False
r3-pilot,62fc2a11f58ff84c748cd8a90968846c022685dcbd0d5eb8e8c7f16ed15ad74d,2,1,343,194,False,False
r3-pilot,62fc2a11f58ff84c748cd8a90968846c022685dcbd0d5eb8e8c7f16ed15ad74d,2,1,344,194,False,False
r3-pilot,62fc2a11f58ff84c748cd8a90968846c022685dcbd0d5eb8e8c7f16ed15ad74d,2,1,345,194,False,False
r3-pilot,62fc2a11f58ff84c748cd8a90968846c022685dcbd0d5eb8e8c7f16ed15ad74d,2,1,346,194,False,False
r3-pilot,62fc2a11f58ff84c748cd8a90968846c022685dcbd0d5eb8e8c7f16ed15ad74d,2,1,347,194,False,False
r3-pilot,62fc2a11f58ff84c748cd8a90968846c022685dcbd0d5eb8e8c7f16ed15ad74d,2,1,348,194,False,False
r3-pilot,62fc2a11f58ff84c748cd8a90968846c022685dcbd0d5eb8e8c7f16ed15ad74d,2,1,349,194,False,False
r3-pilot,62fc2a11f58ff84c748cd8a90968846c022685dcbd0d5eb8e8c7f16ed15ad74d,2,1,350,194,False,False
r3-pilot,62fc2a11f58ff84c748cd8a90968846c022685dcbd0d5eb8e8c7f16ed15ad74d,2,1,351,194,False,False
r3-pilot,62fc2a11f58ff84c748cd8a90968846c022685dcbd0d5eb8e8c7f16ed15ad74d,2,1,352,194,False,False
r3-pilot,62fc2a11f58ff84c748cd8a90968846c022685dcbd0d5eb8e8c7f16ed15ad74d,2,1,353,194,False,False
r3-pilot,62fc2a11f58ff84c748cd8a90968846c022685dcbd0d5eb8e8c7f16ed15ad74d,2,1,354,194,False,False
r3-pilot,62fc2a11f58ff84c748cd8a90968846c022685dcbd0d5eb8e8c7f16ed15ad74d,2,1,355,194,False,False
r3-pilot,62fc2a11f58ff84c748cd8a90968846c022685dcbd0d5eb8e8c7f16ed15ad74d,2,1,356,194,False,False
r3-pilot,62fc2a11f58ff84c748cd8a90968846c022685dcbd0d5eb8e8c7f16ed15ad74d,2,1,357,194,False,False
r3-pilot,62fc2a11f58ff84c748cd8a90968846c022685dcbd0d5eb8e8c7f16ed15ad74d,2,1,358,194,False,False
r3-pilot,62fc2a11f58ff84c748cd8a90968846c022685dcbd0d5eb8e8c7f16ed15ad74d,2,1,359,194,False,False
r3-pilot,62fc2a11f58ff84c748cd8a90968846c022685dcbd0d5eb8e8c7f16ed15ad74d,2,1,360,194,False,False
r3-pilot,62fc2a11f58ff84c748cd8a90968846c022685dcbd0d5eb8e8c7f16ed15ad74d,2,1,361,194,False,False
r3-pilot,62fc2a11f58ff84c748cd8a90968846c022685dcbd0d5eb8e8c7f16ed15ad74d,2,1,362,194,False,False
r3-pilot,62fc2a11f58ff84c748cd8a90968846c022685dcbd0d5eb8e8c7f16ed15ad74d,2,1,363,194,False,False
r3-pilot,62fc2a11f58ff84c748cd8a90968846c022685dcbd0d5eb8e8c7f16ed15ad74d,2,1,364,194,False,False
r3-pilot,62fc2a11f58ff84c748cd8a90968846c022685dcbd0d5eb8e8c7f16ed15ad74d,2,1,365,194,False,False
r3-pilot,62fc2a11f58ff84c748cd8a90968846c022685dcbd0d5eb8e8c7f16ed15ad74d,2,1,366,194,False,False
r3-pilot,62fc2a11f58ff84c748cd8a90968846c022685dcbd0d5eb8e8c7f16ed15ad74d,2,1,367,194,False,False
r3-pilot,62fc2a11f58ff84c748cd8a90968846c022685dcbd0d5eb8e8c7f16ed15ad74d,2,1,368,194,False,False
r3-pilot,62fc2a11f58ff84c748cd8a90968846c022685dcbd0d5eb8e8c7f16ed15ad74d,2,1,287,195,False,False
r3-pilot,62fc2a11f58ff84c748cd8a90968846c022685dcbd0d5eb8e8c7f16ed15ad74d,2,1,288,195,False,False
r3-pilot,62fc2a11f58ff84c748cd8a90968846c022685dcbd0d5eb8e8c7f16ed15ad74d,2,1,289,195,False,False
r3-pilot,62fc2a11f58ff84c748cd8a90968846c022685dcbd0d5eb8e8c7f16ed15ad74d,2,1,290,195,False,False
r3-pilot,62fc2a11f58ff84c748cd8a90968846c022685dcbd0d5eb8e8c7f16ed15ad74d,2,1,291,195,False,False
r3-pilot,62fc2a11f58ff84c748cd8a90968846c022685dcbd0d5eb8e8c7f16ed15ad74d,2,1,292,195,False,False
r3-pilot,62fc2a11f58ff84c748cd8a90968846c022685dcbd0d5eb8e8c7f16ed15ad74d,2,1,293,195,False,False
r3-pilot,62fc2a11f58ff84c748cd8a90968846c022685dcbd0d5eb8e8c7f16ed15ad74d,2,1,294,195,False,False
r3-pilot,62fc2a11f58ff84c748cd8a90968846c022685dcbd0d5eb8e8c7f16ed15ad74d,2,1,295,195,False,False
r3-pilot,62fc2a11f58ff84c748cd8a90968846c022685dcbd0d5eb8e8c7f16ed15ad74d,2,1,296,195,False,False
r3-pilot,62fc2a11f58ff84c748cd8a90968846c022685dcbd0d5eb8e8c7f16ed15ad74d,2,1,297,195,False,False
r3-pilot,62fc2a11f58ff84c748cd8a90968846c022685dcbd0d5eb8e8c7f16ed15ad74d,2,1,298,195,False,False
r3-pilot,62fc2a11f58ff84c748cd8a90968846c022685dcbd0d5eb8e8c7f16ed15ad74d,2,1,299,195,False,False
r3-pilot,62fc2a11f58ff84c748cd8a90968846c022685dcbd0d5eb8e8c7f16ed15ad74d,2,1,300,195,False,False
r3-pilot,62fc2a11f58ff84c748cd8a90968846c022685dcbd0d5eb8e8c7f16ed15ad74d,2,1,301,195,False,False
r3-pilot,62fc2a11f58ff84c748cd8a90968846c022685dcbd0d5eb8e8c7f16ed15ad74d,2,1,302,195,False,False
r3-pilot,62fc2a11f58ff84c748cd8a90968846c022685dcbd0d5eb8e8c7f16ed15ad74d,2,1,303,195,False,False
r3-pilot,62fc2a11f58ff84c748cd8a90968846c022685dcbd0d5eb8e8c7f16ed15ad74d,2,1,304,195,False,False
r3-pilot,62fc2a11f58ff84c748cd8a90968846c022685dcbd0d5eb8e8c7f16ed15ad74d,2,1,305,195,False,False
r3-pilot,62fc2a11f58ff84c748cd8a90968846c022685dcbd0d5eb8e8c7f16ed15ad74d,2,1,306,195,False,False
r3-pilot,62fc2a11f58ff84c748cd8a90968846c022685dcbd0d5eb8e8c7f16ed15ad74d,2,1,307,195,False,False
r3-pilot,62fc2a11f58ff84c748cd8a90968846c022685dcbd0d5eb8e8c7f16ed15ad74d,2,1,308,195,False,False
r3-pilot,62fc2a11f58ff84c748cd8a90968846c022685dcbd0d5eb8e8c7f16ed15ad74d,2,1,309,195,False,False
r3-pilot,62fc2a11f58ff84c748cd8a90968846c022685dcbd0d5eb8e8c7f16ed15ad74d,2,1,310,195,False,False
r3-pilot,62fc2a11f58ff84c748cd8a90968846c022685dcbd0d5eb8e8c7f16ed15ad74d,2,1,311,195,False,False
r3-pilot,62fc2a11f58ff84c748cd8a90968846c022685dcbd0d5eb8e8c7f16ed15ad74d,2,1,312,195,False,False
r3-pilot,62fc2a11f58ff84c748cd8a90968846c022685dcbd0d5eb8e8c7f16ed15ad74d,2,1,313,195,False,False
r3-pilot,62fc2a11f58ff84c748cd8a90968846c022685dcbd0d5eb8e8c7f16ed15ad74d,2,1,314,195,False,False
r3-pilot,62fc2a11f58ff84c748cd8a90968846c022685dcbd0d5eb8e8c7f16ed15ad74d,2,1,315,195,False,False
r3-pilot,62fc2a11f58ff84c748cd8a90968846c022685dcbd0d5eb8e8c7f16ed15ad74d,2,1,316,195,False,False
r3-pilot,62fc2a11f58ff84c748cd8a90968846c022685dcbd0d5eb8e8c7f16ed15ad74d,2,1,317,195,False,False
r3-pilot,62fc2a11f58ff84c748cd8a90968846c022685dcbd0d5eb8e8c7f16ed15ad74d,2,1,318,195,False,False
r3-pilot,62fc2a11f58ff84c748cd8a90968846c022685dcbd0d5eb8e8c7f16ed15ad74d,2,1,319,195,False,False
r3-pilot,62fc2a11f58ff84c748cd8a90968846c022685dcbd0d5eb8e8c7f16ed15ad74d,2,1,320,195,False,False
r3-pilot,62fc2a11f58ff84c748cd8a90968846c022685dcbd0d5eb8e8c7f16ed15ad74d,2,1,321,195,False,False
r3-pilot,62fc2a11f58ff84c748cd8a90968846c022685dcbd0d5eb8e8c7f16ed15ad74d,2,1,322,195,False,False
r3-pilot,62fc2a11f58ff84c748cd8a90968846c022685dcbd0d5eb8e8c7f16ed15ad74d,2,1,323,195,False,False
r3-pilot,62fc2a11f58ff84c748cd8a90968846c022685dcbd0d5eb8e8c7f16ed15ad74d,2,1,324,195,False,False
r3-pilot,62fc2a11f58ff84c748cd8a90968846c022685dcbd0d5eb8e8c7f16ed15ad74d,2,1,325,195,False,False
r3-pilot,62fc2a11f58ff84c748cd8a90968846c022685dcbd0d5eb8e8c7f16ed15ad74d,2,1,326,195,False,False
r3-pilot,62fc2a11f58ff84c748cd8a90968846c022685dcbd0d5eb8e8c7f16ed15ad74d,2,1,327,195,False,False
r3-pilot,62fc2a11f58ff84c748cd8a90968846c022685dcbd0d5eb8e8c7f16ed15ad74d,2,1,328,195,False,False
r3-pilot,62fc2a11f58ff84c748cd8a90968846c022685dcbd0d5eb8e8c7f16ed15ad74d,2,1,329,195,False,False
r3-pilot,62fc2a11f58ff84c748cd8a90968846c022685dcbd0d5eb8e8c7f16ed15ad74d,2,1,330,195,False,False
r3-pilot,62fc2a11f58ff84c748cd8a90968846c022685dcbd0d5eb8e8c7f16ed15ad74d,2,1,331,195,False,False
r3-pilot,62fc2a11f58ff84c748cd8a90968846c022685dcbd0d5eb8e8c7f16ed15ad74d,2,1,332,195,False,False
r3-pilot,62fc2a11f58ff84c748cd8a90968846c022685dcbd0d5eb8e8c7f16ed15ad74d,2,1,333,195,False,False
r3-pilot,62fc2a11f58ff84c748cd8a90968846c022685dcbd0d5eb8e8c7f16ed15ad74d,2,1,334,195,False,False
r3-pilot,62fc2a11f58ff84c748cd8a90968846c022685dcbd0d5eb8e8c7f16ed15ad74d,2,1,335,195,False,False
r3-pilot,62fc2a11f58ff84c748cd8a90968846c022685dcbd0d5eb8e8c7f16ed15ad74d,2,1,336,195,False,False
r3-pilot,62fc2a11f58ff84c748cd8a90968846c022685dcbd0d5eb8e8c7f16ed15ad74d,2,1,337,195,False,False
r3-pilot,62fc2a11f58ff84c748cd8a90968846c022685dcbd0d5eb8e8c7f16ed15ad74d,2,1,338,195,False,False
r3-pilot,62fc2a11f58ff84c748cd8a90968846c022685dcbd0d5eb8e8c7f16ed15ad74d,2,1,339,195,False,False
r3-pilot,62fc2a11f58ff84c748cd8a90968846c022685dcbd0d5eb8e8c7f16ed15ad74d,2,1,340,195,False,False
r3-pilot,62fc2a11f58ff84c748cd8a90968846c022685dcbd0d5eb8e8c7f16ed15ad74d,2,1,341,195,False,False
r3-pilot,62fc2a11f58ff84c748cd8a90968846c022685dcbd0d5eb8e8c7f16ed15ad74d,2,1,342,195,False,False
r3-pilot,62fc2a11f58ff84c748cd8a90968846c022685dcbd0d5eb8e8c7f16ed15ad74d,2,1,343,195,False,False
r3-pilot,62fc2a11f58ff84c748cd8a90968846c022685dcbd0d5eb8e8c7f16ed15ad74d,2,1,344,195,False,False
r3-pilot,62fc2a11f58ff84c748cd8a90968846c022685dcbd0d5eb8e8c7f16ed15ad74d,2,1,345,195,False,False
r3-pilot,62fc2a11f58ff84c748cd8a90968846c022685dcbd0d5eb8e8c7f16ed15ad74d,2,1,346,195,False,False
r3-pilot,62fc2a11f58ff84c748cd8a90968846c022685dcbd0d5eb8e8c7f16ed15ad74d,2,1,347,195,False,False
r3-pilot,62fc2a11f58ff84c748cd8a90968846c022685dcbd0d5eb8e8c7f16ed15ad74d,2,1,348,195,False,False
r3-pilot,62fc2a11f58ff84c748cd8a90968846c022685dcbd0d5eb8e8c7f16ed15ad74d,2,1,349,195,False,False
r3-pilot,62fc2a11f58ff84c748cd8a90968846c022685dcbd0d5eb8e8c7f16ed15ad74d,2,1,350,195,False,False
r3-pilot,62fc2a11f58ff84c748cd8a90968846c022685dcbd0d5eb8e8c7f16ed15ad74d,2,1,351,195,False,False
r3-pilot,62fc2a11f58ff84c748cd8a90968846c022685dcbd0d5eb8e8c7f16ed15ad74d,2,1,352,195,False,False
r3-pilot,62fc2a11f58ff84c748cd8a90968846c022685dcbd0d5eb8e8c7f16ed15ad74d,2,1,353,195,False,False
r3-pilot,62fc2a11f58ff84c748cd8a90968846c022685dcbd0d5eb8e8c7f16ed15ad74d,2,1,354,195,False,False
r3-pilot,62fc2a11f58ff84c748cd8a90968846c022685dcbd0d5eb8e8c7f16ed15ad74d,2,1,355,195,False,False
r3-pilot,62fc2a11f58ff84c748cd8a90968846c022685dcbd0d5eb8e8c7f16ed15ad74d,2,1,356,195,False,False
r3-pilot,62fc2a11f58ff84c748cd8a90968846c022685dcbd0d5eb8e8c7f16ed15ad74d,2,1,357,195,False,False
r3-pilot,62fc2a11f58ff84c748cd8a90968846c022685dcbd0d5eb8e8c7f16ed15ad74d,2,1,358,195,False,False
r3-pilot,62fc2a11f58ff84c748cd8a90968846c022685dcbd0d5eb8e8c7f16ed15ad74d,2,1,359,195,False,False
r3-pilot,62fc2a11f58ff84c748cd8a90968846c022685dcbd0d5eb8e8c7f16ed15ad74d,2,1,360,195,False,False
r3-pilot,62fc2a11f58ff84c748cd8a90968846c022685dcbd0d5eb8e8c7f16ed15ad74d,2,1,361,195,False,False
r3-pilot,62fc2a11f58ff84c748cd8a90968846c022685dcbd0d5eb8e8c7f16ed15ad74d,2,1,362,195,False,False
r3-pilot,62fc2a11f58ff84c748cd8a90968846c022685dcbd0d5eb8e8c7f16ed15ad74d,2,1,363,195,False,False
r3-pilot,62fc2a11f58ff84c748cd8a90968846c022685dcbd0d5eb8e8c7f16ed15ad74d,2,1,364,195,False,False
r3-pilot,62fc2a11f58ff84c748cd8a90968846c022685dcbd0d5eb8e8c7f16ed15ad74d,2,1,365,195,False,False
r3-pilot,62fc2a11f58ff84c748cd8a90968846c022685dcbd0d5eb8e8c7f16ed15ad74d,2,1,366,195,False,False
r3-pilot,62fc2a11f58ff84c748cd8a90968846c022685dcbd0d5eb8e8c7f16ed15ad74d,2,1,367,195,False,False
r3-pilot,62fc2a11f58ff84c748cd8a90968846c022685dcbd0d5eb8e8c7f16ed15ad74d,2,1,368,195,False,False
r3-pilot,62fc2a11f58ff84c748cd8a90968846c022685dcbd0d5eb8e8c7f16ed15ad74d,2,1,287,196,False,False
r3-pilot,62fc2a11f58ff84c748cd8a90968846c022685dcbd0d5eb8e8c7f16ed15ad74d,2,1,288,196,False,False
r3-pilot,62fc2a11f58ff84c748cd8a90968846c022685dcbd0d5eb8e8c7f16ed15ad74d,2,1,289,196,False,False
r3-pilot,62fc2a11f58ff84c748cd8a90968846c022685dcbd0d5eb8e8c7f16ed15ad74d,2,1,290,196,False,False
r3-pilot,62fc2a11f58ff84c748cd8a90968846c022685dcbd0d5eb8e8c7f16ed15ad74d,2,1,291,196,False,False
r3-pilot,62fc2a11f58ff84c748cd8a90968846c022685dcbd0d5eb8e8c7f16ed15ad74d,2,1,292,196,False,False
r3-pilot,62fc2a11f58ff84c748cd8a90968846c022685dcbd0d5eb8e8c7f16ed15ad74d,2,1,293,196,False,False
r3-pilot,62fc2a11f58ff84c748cd8a90968846c022685dcbd0d5eb8e8c7f16ed15ad74d,2,1,294,196,False,False
r3-pilot,62fc2a11f58ff84c748cd8a90968846c022685dcbd0d5eb8e8c7f16ed15ad74d,2,1,295,196,False,False
r3-pilot,62fc2a11f58ff84c748cd8a90968846c022685dcbd0d5eb8e8c7f16ed15ad74d,2,1,296,196,False,False
r3-pilot,62fc2a11f58ff84c748cd8a90968846c022685dcbd0d5eb8e8c7f16ed15ad74d,2,1,297,196,False,False
r3-pilot,62fc2a11f58ff84c748cd8a90968846c022685dcbd0d5eb8e8c7f16ed15ad74d,2,1,298,196,False,False
r3-pilot,62fc2a11f58ff84c748cd8a90968846c022685dcbd0d5eb8e8c7f16ed15ad74d,2,1,299,196,False,False
r3-pilot,62fc2a11f58ff84c748cd8a90968846c022685dcbd0d5eb8e8c7f16ed15ad74d,2,1,300,196,False,False
r3-pilot,62fc2a11f58ff84c748cd8a90968846c022685dcbd0d5eb8e8c7f16ed15ad74d,2,1,301,196,False,False
r3-pilot,62fc2a11f58ff84c748cd8a90968846c022685dcbd0d5eb8e8c7f16ed15ad74d,2,1,302,196,False,False
r3-pilot,62fc2a11f58ff84c748cd8a90968846c022685dcbd0d5eb8e8c7f16ed15ad74d,2,1,303,196,False,False
r3-pilot,62fc2a11f58ff84c748cd8a90968846c022685dcbd0d5eb8e8c7f16ed15ad74d,2,1,304,196,False,False
r3-pilot,62fc2a11f58ff84c748cd8a90968846c022685dcbd0d5eb8e8c7f16ed15ad74d,2,1,305,196,False,False
r3-pilot,62fc2a11f58ff84c748cd8a90968846c022685dcbd0d5eb8e8c7f16ed15ad74d,2,1,306,196,False,False
r3-pilot,62fc2a11f58ff84c748cd8a90968846c022685dcbd0d5eb8e8c7f16ed15ad74d,2,1,307,196,False,False
r3-pilot,62fc2a11f58ff84c748cd8a90968846c022685dcbd0d5eb8e8c7f16ed15ad74d,2,1,308,196,False,False
r3-pilot,62fc2a11f58ff84c748cd8a90968846c022685dcbd0d5eb8e8c7f16ed15ad74d,2,1,309,196,False,False
r3-pilot,62fc2a11f58ff84c748cd8a90968846c022685dcbd0d5eb8e8c7f16ed15ad74d,2,1,310,196,False,False
r3-pilot,62fc2a11f58ff84c748cd8a90968846c022685dcbd0d5eb8e8c7f16ed15ad74d,2,1,311,196,False,False
r3-pilot,62fc2a11f58ff84c748cd8a90968846c022685dcbd0d5eb8e8c7f16ed15ad74d,2,1,312,196,False,False
r3-pilot,62fc2a11f58ff84c748cd8a90968846c022685dcbd0d5eb8e8c7f16ed15ad74d,2,1,313,196,False,False
r3-pilot,62fc2a11f58ff84c748cd8a90968846c022685dcbd0d5eb8e8c7f16ed15ad74d,2,1,314,196,False,False
r3-pilot,62fc2a11f58ff84c748cd8a90968846c022685dcbd0d5eb8e8c7f16ed15ad74d,2,1,315,196,False,False
r3-pilot,62fc2a11f58ff84c748cd8a90968846c022685dcbd0d5eb8e8c7f16ed15ad74d,2,1,316,196,False,False
r3-pilot,62fc2a11f58ff84c748cd8a90968846c022685dcbd0d5eb8e8c7f16ed15ad74d,2,1,317,196,False,False
r3-pilot,62fc2a11f58ff84c748cd8a90968846c022685dcbd0d5eb8e8c7f16ed15ad74d,2,1,318,196,False,False
r3-pilot,62fc2a11f58ff84c748cd8a90968846c022685dcbd0d5eb8e8c7f16ed15ad74d,2,1,319,196,False,False
r3-pilot,62fc2a11f58ff84c748cd8a90968846c022685dcbd0d5eb8e8c7f16ed15ad74d,2,1,320,196,False,False
r3-pilot,62fc2a11f58ff84c748cd8a90968846c022685dcbd0d5eb8e8c7f16ed15ad74d,2,1,321,196,False,False
r3-pilot,62fc2a11f58ff84c748cd8a90968846c022685dcbd0d5eb8e8c7f16ed15ad74d,2,1,322,196,False,False
r3-pilot,62fc2a11f58ff84c748cd8a90968846c022685dcbd0d5eb8e8c7f16ed15ad74d,2,1,323,196,False,False
r3-pilot,62fc2a11f58ff84c748cd8a90968846c022685dcbd0d5eb8e8c7f16ed15ad74d,2,1,324,196,False,False
r3-pilot,62fc2a11f58ff84c748cd8a90968846c022685dcbd0d5eb8e8c7f16ed15ad74d,2,1,325,196,False,False
r3-pilot,62fc2a11f58ff84c748cd8a90968846c022685dcbd0d5eb8e8c7f16ed15ad74d,2,1,326,196,False,False
r3-pilot,62fc2a11f58ff84c748cd8a90968846c022685dcbd0d5eb8e8c7f16ed15ad74d,2,1,327,196,False,False
r3-pilot,62fc2a11f58ff84c748cd8a90968846c022685dcbd0d5eb8e8c7f16ed15ad74d,2,1,328,196,False,False
r3-pilot,62fc2a11f58ff84c748cd8a90968846c022685dcbd0d5eb8e8c7f16ed15ad74d,2,1,329,196,False,False
r3-pilot,62fc2a11f58ff84c748cd8a90968846c022685dcbd0d5eb8e8c7f16ed15ad74d,2,1,330,196,False,False
r3-pilot,62fc2a11f58ff84c748cd8a90968846c022685dcbd0d5eb8e8c7f16ed15ad74d,2,1,331,196,False,False
r3-pilot,62fc2a11f58ff84c748cd8a90968846c022685dcbd0d5eb8e8c7f16ed15ad74d,2,1,332,196,False,False
r3-pilot,62fc2a11f58ff84c748cd8a90968846c022685dcbd0d5eb8e8c7f16ed15ad74d,2,1,333,196,False,False
r3-pilot,62fc2a11f58ff84c748cd8a90968846c022685dcbd0d5eb8e8c7f16ed15ad74d,2,1,334,196,False,False
r3-pilot,62fc2a11f58ff84c748cd8a90968846c022685dcbd0d5eb8e8c7f16ed15ad74d,2,1,335,196,False,False
r3-pilot,62fc2a11f58ff84c748cd8a90968846c022685dcbd0d5eb8e8c7f16ed15ad74d,2,1,336,196,False,False
r3-pilot,62fc2a11f58ff84c748cd8a90968846c022685dcbd0d5eb8e8c7f16ed15ad74d,2,1,337,196,False,False
r3-pilot,62fc2a11f58ff84c748cd8a90968846c022685dcbd0d5eb8e8c7f16ed15ad74d,2,1,338,196,False,False
r3-pilot,62fc2a11f58ff84c748cd8a90968846c022685dcbd0d5eb8e8c7f16ed15ad74d,2,1,339,196,False,False
r3-pilot,62fc2a11f58ff84c748cd8a90968846c022685dcbd0d5eb8e8c7f16ed15ad74d,2,1,340,196,False,False
r3-pilot,62fc2a11f58ff84c748cd8a90968846c022685dcbd0d5eb8e8c7f16ed15ad74d,2,1,341,196,False,False
r3-pilot,62fc2a11f58ff84c748cd8a90968846c022685dcbd0d5eb8e8c7f16ed15ad74d,2,1,342,196,False,False
r3-pilot,62fc2a11f58ff84c748cd8a90968846c022685dcbd0d5eb8e8c7f16ed15ad74d,2,1,343,196,False,False
r3-pilot,62fc2a11f58ff84c748cd8a90968846c022685dcbd0d5eb8e8c7f16ed15ad74d,2,1,344,196,False,False
r3-pilot,62fc2a11f58ff84c748cd8a90968846c022685dcbd0d5eb8e8c7f16ed15ad74d,2,1,345,196,False,False
r3-pilot,62fc2a11f58ff84c748cd8a90968846c022685dcbd0d5eb8e8c7f16ed15ad74d,2,1,346,196,False,False
r3-pilot,62fc2a11f58ff84c748cd8a90968846c022685dcbd0d5eb8e8c7f16ed15ad74d,2,1,347,196,False,False
r3-pilot,62fc2a11f58ff84c748cd8a90968846c022685dcbd0d5eb8e8c7f16ed15ad74d,2,1,348,196,False,False
r3-pilot,62fc2a11f58ff84c748cd8a90968846c022685dcbd0d5eb8e8c7f16ed15ad74d,2,1,349,196,False,False
r3-pilot,62fc2a11f58ff84c748cd8a90968846c022685dcbd0d5eb8e8c7f16ed15ad74d,2,1,350,196,False,False
r3-pilot,62fc2a11f58ff84c748cd8a90968846c022685dcbd0d5eb8e8c7f16ed15ad74d,2,1,351,196,False,False
r3-pilot,62fc2a11f58ff84c748cd8a90968846c022685dcbd0d5eb8e8c7f16ed15ad74d,2,1,352,196,False,False
r3-pilot,62fc2a11f58ff84c748cd8a90968846c022685dcbd0d5eb8e8c7f16ed15ad74d,2,1,353,196,False,False
r3-pilot,62fc2a11f58ff84c748cd8a90968846c022685dcbd0d5eb8e8c7f16ed15ad74d,2,1,354,196,False,False
r3-pilot,62fc2a11f58ff84c748cd8a90968846c022685dcbd0d5eb8e8c7f16ed15ad74d,2,1,355,196,False,False
r3-pilot,62fc2a11f58ff84c748cd8a90968846c022685dcbd0d5eb8e8c7f16ed15ad74d,2,1,356,196,False,False
r3-pilot,62fc2a11f58ff84c748cd8a90968846c022685dcbd0d5eb8e8c7f16ed15ad74d,2,1,357,196,False,False
r3-pilot,62fc2a11f58ff84c748cd8a90968846c022685dcbd0d5eb8e8c7f16ed15ad74d,2,1,358,196,False,False
r3-pilot,62fc2a11f58ff84c748cd8a90968846c022685dcbd0d5eb8e8c7f16ed15ad74d,2,1,359,196,False,False
r3-pilot,62fc2a11f58ff84c748cd8a90968846c022685dcbd0d5eb8e8c7f16ed15ad74d,2,1,360,196,False,False
r3-pilot,62fc2a11f58ff84c748cd8a90968846c022685dcbd0d5eb8e8c7f16ed15ad74d,2,1,361,196,False,False
r3-pilot,62fc2a11f58ff84c748cd8a90968846c022685dcbd0d5eb8e8c7f16ed15ad74d,2,1,362,196,False,False
r3-pilot,62fc2a11f58ff84c748cd8a90968846c022685dcbd0d5eb8e8c7f16ed15ad74d,2,1,363,196,False,False
r3-pilot,62fc2a11f58ff84c748cd8a90968846c022685dcbd0d5eb8e8c7f16ed15ad74d,2,1,364,196,False,False
r3-pilot,62fc2a11f58ff84c748cd8a90968846c022685dcbd0d5eb8e8c7f16ed15ad74d,2,1,365,196,False,False
r3-pilot,62fc2a11f58ff84c748cd8a90968846c022685dcbd0d5eb8e8c7f16ed15ad74d,2,1,366,196,False,False
r3-pilot,62fc2a11f58ff84c748cd8a90968846c022685dcbd0d5eb8e8c7f16ed15ad74d,2,1,367,196,False,False
r3-pilot,62fc2a11f58ff84c748cd8a90968846c022685dcbd0d5eb8e8c7f16ed15ad74d,2,1,287,197,False,False
r3-pilot,62fc2a11f58ff84c748cd8a90968846c022685dcbd0d5eb8e8c7f16ed15ad74d,2,1,288,197,False,False
r3-pilot,62fc2a11f58ff84c748cd8a90968846c022685dcbd0d5eb8e8c7f16ed15ad74d,2,1,289,197,False,False
r3-pilot,62fc2a11f58ff84c748cd8a90968846c022685dcbd0d5eb8e8c7f16ed15ad74d,2,1,290,197,False,False
r3-pilot,62fc2a11f58ff84c748cd8a90968846c022685dcbd0d5eb8e8c7f16ed15ad74d,2,1,291,197,False,False
r3-pilot,62fc2a11f58ff84c748cd8a90968846c022685dcbd0d5eb8e8c7f16ed15ad74d,2,1,292,197,False,False
r3-pilot,62fc2a11f58ff84c748cd8a90968846c022685dcbd0d5eb8e8c7f16ed15ad74d,2,1,293,197,False,False
r3-pilot,62fc2a11f58ff84c748cd8a90968846c022685dcbd0d5eb8e8c7f16ed15ad74d,2,1,294,197,False,False
r3-pilot,62fc2a11f58ff84c748cd8a90968846c022685dcbd0d5eb8e8c7f16ed15ad74d,2,1,295,197,False,False
r3-pilot,62fc2a11f58ff84c748cd8a90968846c022685dcbd0d5eb8e8c7f16ed15ad74d,2,1,296,197,False,False
r3-pilot,62fc2a11f58ff84c748cd8a90968846c022685dcbd0d5eb8e8c7f16ed15ad74d,2,1,297,197,False,False
r3-pilot,62fc2a11f58ff84c748cd8a90968846c022685dcbd0d5eb8e8c7f16ed15ad74d,2,1,298,197,False,False
r3-pilot,62fc2a11f58ff84c748cd8a90968846c022685dcbd0d5eb8e8c7f16ed15ad74d,2,1,299,197,False,False
r3-pilot,62fc2a11f58ff84c748cd8a90968846c022685dcbd0d5eb8e8c7f16ed15ad74d,2,1,300,197,False,False
r3-pilot,62fc2a11f58ff84c748cd8a90968846c022685dcbd0d5eb8e8c7f16ed15ad74d,2,1,301,197,False,False
r3-pilot,62fc2a11f58ff84c748cd8a90968846c022685dcbd0d5eb8e8c7f16ed15ad74d,2,1,302,197,False,False
r3-pilot,62fc2a11f58ff84c748cd8a90968846c022685dcbd0d5eb8e8c7f16ed15ad74d,2,1,303,197,False,False
r3-pilot,62fc2a11f58ff84c748cd8a90968846c022685dcbd0d5eb8e8c7f16ed15ad74d,2,1,304,197,False,False
r3-pilot,62fc2a11f58ff84c748cd8a90968846c022685dcbd0d5eb8e8c7f16ed15ad74d,2,1,305,197,False,False
r3-pilot,62fc2a11f58ff84c748cd8a90968846c022685dcbd0d5eb8e8c7f16ed15ad74d,2,1,306,197,False,False
r3-pilot,62fc2a11f58ff84c748cd8a90968846c022685dcbd0d5eb8e8c7f16ed15ad74d,2,1,307,197,False,False
r3-pilot,62fc2a11f58ff84c748cd8a90968846c022685dcbd0d5eb8e8c7f16ed15ad74d,2,1,308,197,False,False
r3-pilot,62fc2a11f58ff84c748cd8a90968846c022685dcbd0d5eb8e8c7f16ed15ad74d,2,1,309,197,False,False
r3-pilot,62fc2a11f58ff84c748cd8a90968846c022685dcbd0d5eb8e8c7f16ed15ad74d,2,1,310,197,False,False
r3-pilot,62fc2a11f58ff84c748cd8a90968846c022685dcbd0d5eb8e8c7f16ed15ad74d,2,1,311,197,False,False
r3-pilot,62fc2a11f58ff84c748cd8a90968846c022685dcbd0d5eb8e8c7f16ed15ad74d,2,1,312,197,False,False
r3-pilot,62fc2a11f58ff84c748cd8a90968846c022685dcbd0d5eb8e8c7f16ed15ad74d,2,1,313,197,False,False
r3-pilot,62fc2a11f58ff84c748cd8a90968846c022685dcbd0d5eb8e8c7f16ed15ad74d,2,1,314,197,False,False
r3-pilot,62fc2a11f58ff84c748cd8a90968846c022685dcbd0d5eb8e8c7f16ed15ad74d,2,1,315,197,False,False
r3-pilot,62fc2a11f58ff84c748cd8a90968846c022685dcbd0d5eb8e8c7f16ed15ad74d,2,1,316,197,False,False
r3-pilot,62fc2a11f58ff84c748cd8a90968846c022685dcbd0d5eb8e8c7f16ed15ad74d,2,1,317,197,False,False
r3-pilot,62fc2a11f58ff84c748cd8a90968846c022685dcbd0d5eb8e8c7f16ed15ad74d,2,1,318,197,False,False
r3-pilot,62fc2a11f58ff84c748cd8a90968846c022685dcbd0d5eb8e8c7f16ed15ad74d,2,1,319,197,False,False
r3-pilot,62fc2a11f58ff84c748cd8a90968846c022685dcbd0d5eb8e8c7f16ed15ad74d,2,1,320,197,False,False
r3-pilot,62fc2a11f58ff84c748cd8a90968846c022685dcbd0d5eb8e8c7f16ed15ad74d,2,1,321,197,False,False
r3-pilot,62fc2a11f58ff84c748cd8a90968846c022685dcbd0d5eb8e8c7f16ed15ad74d,2,1,322,197,False,False
r3-pilot,62fc2a11f58ff84c748cd8a90968846c022685dcbd0d5eb8e8c7f16ed15ad74d,2,1,323,197,False,False
r3-pilot,62fc2a11f58ff84c748cd8a90968846c022685dcbd0d5eb8e8c7f16ed15ad74d,2,1,324,197,False,False
r3-pilot,62fc2a11f58ff84c748cd8a90968846c022685dcbd0d5eb8e8c7f16ed15ad74d,2,1,325,197,False,False
r3-pilot,62fc2a11f58ff84c748cd8a90968846c022685dcbd0d5eb8e8c7f16ed15ad74d,2,1,326,197,False,False
r3-pilot,62fc2a11f58ff84c748cd8a90968846c022685dcbd0d5eb8e8c7f16ed15ad74d,2,1,327,197,False,False
r3-pilot,62fc2a11f58ff84c748cd8a90968846c022685dcbd0d5eb8e8c7f16ed15ad74d,2,1,328,197,False,False
r3-pilot,62fc2a11f58ff84c748cd8a90968846c022685dcbd0d5eb8e8c7f16ed15ad74d,2,1,329,197,False,False
r3-pilot,62fc2a11f58ff84c748cd8a90968846c022685dcbd0d5eb8e8c7f16ed15ad74d,2,1,330,197,False,False
r3-pilot,62fc2a11f58ff84c748cd8a90968846c022685dcbd0d5eb8e8c7f16ed15ad74d,2,1,331,197,False,False
r3-pilot,62fc2a11f58ff84c748cd8a90968846c022685dcbd0d5eb8e8c7f16ed15ad74d,2,1,332,197,False,False
r3-pilot,62fc2a11f58ff84c748cd8a90968846c022685dcbd0d5eb8e8c7f16ed15ad74d,2,1,333,197,False,False
r3-pilot,62fc2a11f58ff84c748cd8a90968846c022685dcbd0d5eb8e8c7f16ed15ad74d,2,1,334,197,False,False
r3-pilot,62fc2a11f58ff84c748cd8a90968846c022685dcbd0d5eb8e8c7f16ed15ad74d,2,1,335,197,False,False
r3-pilot,62fc2a11f58ff84c748cd8a90968846c022685dcbd0d5eb8e8c7f16ed15ad74d,2,1,336,197,False,False
r3-pilot,62fc2a11f58ff84c748cd8a90968846c022685dcbd0d5eb8e8c7f16ed15ad74d,2,1,337,197,False,False
r3-pilot,62fc2a11f58ff84c748cd8a90968846c022685dcbd0d5eb8e8c7f16ed15ad74d,2,1,338,197,False,False
r3-pilot,62fc2a11f58ff84c748cd8a90968846c022685dcbd0d5eb8e8c7f16ed15ad74d,2,1,339,197,False,False
r3-pilot,62fc2a11f58ff84c748cd8a90968846c022685dcbd0d5eb8e8c7f16ed15ad74d,2,1,340,197,False,False
r3-pilot,62fc2a11f58ff84c748cd8a90968846c022685dcbd0d5eb8e8c7f16ed15ad74d,2,1,341,197,False,False
r3-pilot,62fc2a11f58ff84c748cd8a90968846c022685dcbd0d5eb8e8c7f16ed15ad74d,2,1,342,197,False,False
r3-pilot,62fc2a11f58ff84c748cd8a90968846c022685dcbd0d5eb8e8c7f16ed15ad74d,2,1,343,197,False,False
r3-pilot,62fc2a11f58ff84c748cd8a90968846c022685dcbd0d5eb8e8c7f16ed15ad74d,2,1,344,197,False,False
r3-pilot,62fc2a11f58ff84c748cd8a90968846c022685dcbd0d5eb8e8c7f16ed15ad74d,2,1,345,197,False,False
r3-pilot,62fc2a11f58ff84c748cd8a90968846c022685dcbd0d5eb8e8c7f16ed15ad74d,2,1,346,197,False,False
r3-pilot,62fc2a11f58ff84c748cd8a90968846c022685dcbd0d5eb8e8c7f16ed15ad74d,2,1,347,197,False,False
r3-pilot,62fc2a11f58ff84c748cd8a90968846c022685dcbd0d5eb8e8c7f16ed15ad74d,2,1,348,197,False,False
r3-pilot,62fc2a11f58ff84c748cd8a90968846c022685dcbd0d5eb8e8c7f16ed15ad74d,2,1,349,197,False,False
r3-pilot,62fc2a11f58ff84c748cd8a90968846c022685dcbd0d5eb8e8c7f16ed15ad74d,2,1,350,197,False,False
r3-pilot,62fc2a11f58ff84c748cd8a90968846c022685dcbd0d5eb8e8c7f16ed15ad74d,2,1,351,197,False,False
r3-pilot,62fc2a11f58ff84c748cd8a90968846c022685dcbd0d5eb8e8c7f16ed15ad74d,2,1,352,197,False,False
r3-pilot,62fc2a11f58ff84c748cd8a90968846c022685dcbd0d5eb8e8c7f16ed15ad74d,2,1,353,197,False,False
r3-pilot,62fc2a11f58ff84c748cd8a90968846c022685dcbd0d5eb8e8c7f16ed15ad74d,2,1,354,197,False,False
r3-pilot,62fc2a11f58ff84c748cd8a90968846c022685dcbd0d5eb8e8c7f16ed15ad74d,2,1,355,197,False,False
r3-pilot,62fc2a11f58ff84c748cd8a90968846c022685dcbd0d5eb8e8c7f16ed15ad74d,2,1,356,197,False,False
r3-pilot,62fc2a11f58ff84c748cd8a90968846c022685dcbd0d5eb8e8c7f16ed15ad74d,2,1,357,197,False,False
r3-pilot,62fc2a11f58ff84c748cd8a90968846c022685dcbd0d5eb8e8c7f16ed15ad74d,2,1,358,197,False,False
r3-pilot,62fc2a11f58ff84c748cd8a90968846c022685dcbd0d5eb8e8c7f16ed15ad74d,2,1,359,197,False,False
r3-pilot,62fc2a11f58ff84c748cd8a90968846c022685dcbd0d5eb8e8c7f16ed15ad74d,2,1,360,197,False,False
r3-pilot,62fc2a11f58ff84c748cd8a90968846c022685dcbd0d5eb8e8c7f16ed15ad74d,2,1,361,197,False,False
r3-pilot,62fc2a11f58ff84c748cd8a90968846c022685dcbd0d5eb8e8c7f16ed15ad74d,2,1,362,197,False,False
r3-pilot,62fc2a11f58ff84c748cd8a90968846c022685dcbd0d5eb8e8c7f16ed15ad74d,2,1,363,197,False,False
r3-pilot,62fc2a11f58ff84c748cd8a90968846c022685dcbd0d5eb8e8c7f16ed15ad74d,2,1,364,197,False,False
r3-pilot,62fc2a11f58ff84c748cd8a90968846c022685dcbd0d5eb8e8c7f16ed15ad74d,2,1,365,197,False,False
r3-pilot,62fc2a11f58ff84c748cd8a90968846c022685dcbd0d5eb8e8c7f16ed15ad74d,2,1,366,197,False,False
r3-pilot,62fc2a11f58ff84c748cd8a90968846c022685dcbd0d5eb8e8c7f16ed15ad74d,2,1,367,197,False,False
r3-pilot,62fc2a11f58ff84c748cd8a90968846c022685dcbd0d5eb8e8c7f16ed15ad74d,2,1,288,198,False,False
r3-pilot,62fc2a11f58ff84c748cd8a90968846c022685dcbd0d5eb8e8c7f16ed15ad74d,2,1,289,198,False,False
r3-pilot,62fc2a11f58ff84c748cd8a90968846c022685dcbd0d5eb8e8c7f16ed15ad74d,2,1,290,198,False,False
r3-pilot,62fc2a11f58ff84c748cd8a90968846c022685dcbd0d5eb8e8c7f16ed15ad74d,2,1,291,198,False,False
r3-pilot,62fc2a11f58ff84c748cd8a90968846c022685dcbd0d5eb8e8c7f16ed15ad74d,2,1,292,198,False,False
r3-pilot,62fc2a11f58ff84c748cd8a90968846c022685dcbd0d5eb8e8c7f16ed15ad74d,2,1,293,198,False,False
r3-pilot,62fc2a11f58ff84c748cd8a90968846c022685dcbd0d5eb8e8c7f16ed15ad74d,2,1,294,198,False,False
r3-pilot,62fc2a11f58ff84c748cd8a90968846c022685dcbd0d5eb8e8c7f16ed15ad74d,2,1,295,198,False,False
r3-pilot,62fc2a11f58ff84c748cd8a90968846c022685dcbd0d5eb8e8c7f16ed15ad74d,2,1,296,198,False,False
r3-pilot,62fc2a11f58ff84c748cd8a90968846c022685dcbd0d5eb8e8c7f16ed15ad74d,2,1,297,198,False,False
r3-pilot,62fc2a11f58ff84c748cd8a90968846c022685dcbd0d5eb8e8c7f16ed15ad74d,2,1,298,198,False,False
r3-pilot,62fc2a11f58ff84c748cd8a90968846c022685dcbd0d5eb8e8c7f16ed15ad74d,2,1,299,198,False,False
r3-pilot,62fc2a11f58ff84c748cd8a90968846c022685dcbd0d5eb8e8c7f16ed15ad74d,2,1,300,198,False,False
r3-pilot,62fc2a11f58ff84c748cd8a90968846c022685dcbd0d5eb8e8c7f16ed15ad74d,2,1,301,198,False,False
r3-pilot,62fc2a11f58ff84c748cd8a90968846c022685dcbd0d5eb8e8c7f16ed15ad74d,2,1,302,198,False,False
r3-pilot,62fc2a11f58ff84c748cd8a90968846c022685dcbd0d5eb8e8c7f16ed15ad74d,2,1,303,198,False,False
r3-pilot,62fc2a11f58ff84c748cd8a90968846c022685dcbd0d5eb8e8c7f16ed15ad74d,2,1,304,198,False,False
r3-pilot,62fc2a11f58ff84c748cd8a90968846c022685dcbd0d5eb8e8c7f16ed15ad74d,2,1,305,198,False,False
r3-pilot,62fc2a11f58ff84c748cd8a90968846c022685dcbd0d5eb8e8c7f16ed15ad74d,2,1,306,198,False,False
r3-pilot,62fc2a11f58ff84c748cd8a90968846c022685dcbd0d5eb8e8c7f16ed15ad74d,2,1,307,198,False,False
r3-pilot,62fc2a11f58ff84c748cd8a90968846c022685dcbd0d5eb8e8c7f16ed15ad74d,2,1,308,198,False,False
r3-pilot,62fc2a11f58ff84c748cd8a90968846c022685dcbd0d5eb8e8c7f16ed15ad74d,2,1,309,198,False,False
r3-pilot,62fc2a11f58ff84c748cd8a90968846c022685dcbd0d5eb8e8c7f16ed15ad74d,2,1,310,198,False,False
r3-pilot,62fc2a11f58ff84c748cd8a90968846c022685dcbd0d5eb8e8c7f16ed15ad74d,2,1,311,198,False,False
r3-pilot,62fc2a11f58ff84c748cd8a90968846c022685dcbd0d5eb8e8c7f16ed15ad74d,2,1,312,198,False,False
r3-pilot,62fc2a11f58ff84c748cd8a90968846c022685dcbd0d5eb8e8c7f16ed15ad74d,2,1,313,198,False,False
r3-pilot,62fc2a11f58ff84c748cd8a90968846c022685dcbd0d5eb8e8c7f16ed15ad74d,2,1,314,198,False,False
r3-pilot,62fc2a11f58ff84c748cd8a90968846c022685dcbd0d5eb8e8c7f16ed15ad74d,2,1,315,198,False,False
r3-pilot,62fc2a11f58ff84c748cd8a90968846c022685dcbd0d5eb8e8c7f16ed15ad74d,2,1,316,198,False,False
r3-pilot,62fc2a11f58ff84c748cd8a90968846c022685dcbd0d5eb8e8c7f16ed15ad74d,2,1,317,198,False,False
r3-pilot,62fc2a11f58ff84c748cd8a90968846c022685dcbd0d5eb8e8c7f16ed15ad74d,2,1,318,198,False,False
r3-pilot,62fc2a11f58ff84c748cd8a90968846c022685dcbd0d5eb8e8c7f16ed15ad74d,2,1,319,198,False,False
r3-pilot,62fc2a11f58ff84c748cd8a90968846c022685dcbd0d5eb8e8c7f16ed15ad74d,2,1,320,198,False,False
r3-pilot,62fc2a11f58ff84c748cd8a90968846c022685dcbd0d5eb8e8c7f16ed15ad74d,2,1,321,198,False,False
r3-pilot,62fc2a11f58ff84c748cd8a90968846c022685dcbd0d5eb8e8c7f16ed15ad74d,2,1,322,198,False,False
r3-pilot,62fc2a11f58ff84c748cd8a90968846c022685dcbd0d5eb8e8c7f16ed15ad74d,2,1,323,198,False,False
r3-pilot,62fc2a11f58ff84c748cd8a90968846c022685dcbd0d5eb8e8c7f16ed15ad74d,2,1,324,198,False,False
r3-pilot,62fc2a11f58ff84c748cd8a90968846c022685dcbd0d5eb8e8c7f16ed15ad74d,2,1,325,198,False,False
r3-pilot,62fc2a11f58ff84c748cd8a90968846c022685dcbd0d5eb8e8c7f16ed15ad74d,2,1,326,198,False,False
r3-pilot,62fc2a11f58ff84c748cd8a90968846c022685dcbd0d5eb8e8c7f16ed15ad74d,2,1,327,198,False,False
r3-pilot,62fc2a11f58ff84c748cd8a90968846c022685dcbd0d5eb8e8c7f16ed15ad74d,2,1,328,198,False,False
r3-pilot,62fc2a11f58ff84c748cd8a90968846c022685dcbd0d5eb8e8c7f16ed15ad74d,2,1,329,198,False,False
r3-pilot,62fc2a11f58ff84c748cd8a90968846c022685dcbd0d5eb8e8c7f16ed15ad74d,2,1,330,198,False,False
r3-pilot,62fc2a11f58ff84c748cd8a90968846c022685dcbd0d5eb8e8c7f16ed15ad74d,2,1,331,198,False,False
r3-pilot,62fc2a11f58ff84c748cd8a90968846c022685dcbd0d5eb8e8c7f16ed15ad74d,2,1,332,198,False,False
r3-pilot,62fc2a11f58ff84c748cd8a90968846c022685dcbd0d5eb8e8c7f16ed15ad74d,2,1,333,198,False,False
r3-pilot,62fc2a11f58ff84c748cd8a90968846c022685dcbd0d5eb8e8c7f16ed15ad74d,2,1,334,198,False,False
r3-pilot,62fc2a11f58ff84c748cd8a90968846c022685dcbd0d5eb8e8c7f16ed15ad74d,2,1,335,198,False,False
r3-pilot,62fc2a11f58ff84c748cd8a90968846c022685dcbd0d5eb8e8c7f16ed15ad74d,2,1,336,198,False,False
r3-pilot,62fc2a11f58ff84c748cd8a90968846c022685dcbd0d5eb8e8c7f16ed15ad74d,2,1,337,198,False,False
r3-pilot,62fc2a11f58ff84c748cd8a90968846c022685dcbd0d5eb8e8c7f16ed15ad74d,2,1,338,198,False,False
r3-pilot,62fc2a11f58ff84c748cd8a90968846c022685dcbd0d5eb8e8c7f16ed15ad74d,2,1,339,198,False,False
r3-pilot,62fc2a11f58ff84c748cd8a90968846c022685dcbd0d5eb8e8c7f16ed15ad74d,2,1,340,198,False,False
r3-pilot,62fc2a11f58ff84c748cd8a90968846c022685dcbd0d5eb8e8c7f16ed15ad74d,2,1,341,198,False,False
r3-pilot,62fc2a11f58ff84c748cd8a90968846c022685dcbd0d5eb8e8c7f16ed15ad74d,2,1,342,198,False,False
r3-pilot,62fc2a11f58ff84c748cd8a90968846c022685dcbd0d5eb8e8c7f16ed15ad74d,2,1,343,198,False,False
r3-pilot,62fc2a11f58ff84c748cd8a90968846c022685dcbd0d5eb8e8c7f16ed15ad74d,2,1,344,198,False,False
r3-pilot,62fc2a11f58ff84c748cd8a90968846c022685dcbd0d5eb8e8c7f16ed15ad74d,2,1,345,198,False,False
r3-pilot,62fc2a11f58ff84c748cd8a90968846c022685dcbd0d5eb8e8c7f16ed15ad74d,2,1,346,198,False,False
r3-pilot,62fc2a11f58ff84c748cd8a90968846c022685dcbd0d5eb8e8c7f16ed15ad74d,2,1,347,198,False,False
r3-pilot,62fc2a11f58ff84c748cd8a90968846c022685dcbd0d5eb8e8c7f16ed15ad74d,2,1,348,198,False,False
r3-pilot,62fc2a11f58ff84c748cd8a90968846c022685dcbd0d5eb8e8c7f16ed15ad74d,2,1,349,198,False,False
r3-pilot,62fc2a11f58ff84c748cd8a90968846c022685dcbd0d5eb8e8c7f16ed15ad74d,2,1,350,198,False,False
r3-pilot,62fc2a11f58ff84c748cd8a90968846c022685dcbd0d5eb8e8c7f16ed15ad74d,2,1,351,198,False,False
r3-pilot,62fc2a11f58ff84c748cd8a90968846c022685dcbd0d5eb8e8c7f16ed15ad74d,2,1,352,198,False,False
r3-pilot,62fc2a11f58ff84c748cd8a90968846c022685dcbd0d5eb8e8c7f16ed15ad74d,2,1,353,198,False,False
r3-pilot,62fc2a11f58ff84c748cd8a90968846c022685dcbd0d5eb8e8c7f16ed15ad74d,2,1,354,198,False,False
r3-pilot,62fc2a11f58ff84c748cd8a90968846c022685dcbd0d5eb8e8c7f16ed15ad74d,2,1,355,198,False,False
r3-pilot,62fc2a11f58ff84c748cd8a90968846c022685dcbd0d5eb8e8c7f16ed15ad74d,2,1,356,198,False,False
r3-pilot,62fc2a11f58ff84c748cd8a90968846c022685dcbd0d5eb8e8c7f16ed15ad74d,2,1,357,198,False,False
r3-pilot,62fc2a11f58ff84c748cd8a90968846c022685dcbd0d5eb8e8c7f16ed15ad74d,2,1,358,198,False,False
r3-pilot,62fc2a11f58ff84c748cd8a90968846c022685dcbd0d5eb8e8c7f16ed15ad74d,2,1,359,198,False,False
r3-pilot,62fc2a11f58ff84c748cd8a90968846c022685dcbd0d5eb8e8c7f16ed15ad74d,2,1,360,198,False,False
r3-pilot,62fc2a11f58ff84c748cd8a90968846c022685dcbd0d5eb8e8c7f16ed15ad74d,2,1,361,198,False,False
r3-pilot,62fc2a11f58ff84c748cd8a90968846c022685dcbd0d5eb8e8c7f16ed15ad74d,2,1,362,198,False,False
r3-pilot,62fc2a11f58ff84c748cd8a90968846c022685dcbd0d5eb8e8c7f16ed15ad74d,2,1,363,198,False,False
r3-pilot,62fc2a11f58ff84c748cd8a90968846c022685dcbd0d5eb8e8c7f16ed15ad74d,2,1,364,198,False,False
r3-pilot,62fc2a11f58ff84c748cd8a90968846c022685dcbd0d5eb8e8c7f16ed15ad74d,2,1,365,198,False,False
r3-pilot,62fc2a11f58ff84c748cd8a90968846c022685dcbd0d5eb8e8c7f16ed15ad74d,2,1,366,198,False,False
r3-pilot,62fc2a11f58ff84c748cd8a90968846c022685dcbd0d5eb8e8c7f16ed15ad74d,2,1,367,198,False,False
r3-pilot,62fc2a11f58ff84c748cd8a90968846c022685dcbd0d5eb8e8c7f16ed15ad74d,2,1,288,199,False,False
r3-pilot,62fc2a11f58ff84c748cd8a90968846c022685dcbd0d5eb8e8c7f16ed15ad74d,2,1,289,199,False,False
r3-pilot,62fc2a11f58ff84c748cd8a90968846c022685dcbd0d5eb8e8c7f16ed15ad74d,2,1,290,199,False,False
r3-pilot,62fc2a11f58ff84c748cd8a90968846c022685dcbd0d5eb8e8c7f16ed15ad74d,2,1,291,199,False,False
r3-pilot,62fc2a11f58ff84c748cd8a90968846c022685dcbd0d5eb8e8c7f16ed15ad74d,2,1,292,199,False,False
r3-pilot,62fc2a11f58ff84c748cd8a90968846c022685dcbd0d5eb8e8c7f16ed15ad74d,2,1,293,199,False,False
r3-pilot,62fc2a11f58ff84c748cd8a90968846c022685dcbd0d5eb8e8c7f16ed15ad74d,2,1,294,199,False,False
r3-pilot,62fc2a11f58ff84c748cd8a90968846c022685dcbd0d5eb8e8c7f16ed15ad74d,2,1,295,199,False,False
r3-pilot,62fc2a11f58ff84c748cd8a90968846c022685dcbd0d5eb8e8c7f16ed15ad74d,2,1,296,199,False,False
r3-pilot,62fc2a11f58ff84c748cd8a90968846c022685dcbd0d5eb8e8c7f16ed15ad74d,2,1,297,199,False,False
r3-pilot,62fc2a11f58ff84c748cd8a90968846c022685dcbd0d5eb8e8c7f16ed15ad74d,2,1,298,199,False,False
r3-pilot,62fc2a11f58ff84c748cd8a90968846c022685dcbd0d5eb8e8c7f16ed15ad74d,2,1,299,199,False,False
r3-pilot,62fc2a11f58ff84c748cd8a90968846c022685dcbd0d5eb8e8c7f16ed15ad74d,2,1,300,199,False,False
r3-pilot,62fc2a11f58ff84c748cd8a90968846c022685dcbd0d5eb8e8c7f16ed15ad74d,2,1,301,199,False,False
r3-pilot,62fc2a11f58ff84c748cd8a90968846c022685dcbd0d5eb8e8c7f16ed15ad74d,2,1,302,199,False,False
r3-pilot,62fc2a11f58ff84c748cd8a90968846c022685dcbd0d5eb8e8c7f16ed15ad74d,2,1,303,199,False,False
r3-pilot,62fc2a11f58ff84c748cd8a90968846c022685dcbd0d5eb8e8c7f16ed15ad74d,2,1,304,199,False,False
r3-pilot,62fc2a11f58ff84c748cd8a90968846c022685dcbd0d5eb8e8c7f16ed15ad74d,2,1,305,199,False,False
r3-pilot,62fc2a11f58ff84c748cd8a90968846c022685dcbd0d5eb8e8c7f16ed15ad74d,2,1,306,199,False,False
r3-pilot,62fc2a11f58ff84c748cd8a90968846c022685dcbd0d5eb8e8c7f16ed15ad74d,2,1,307,199,False,False
r3-pilot,62fc2a11f58ff84c748cd8a90968846c022685dcbd0d5eb8e8c7f16ed15ad74d,2,1,308,199,False,False
r3-pilot,62fc2a11f58ff84c748cd8a90968846c022685dcbd0d5eb8e8c7f16ed15ad74d,2,1,309,199,False,False
r3-pilot,62fc2a11f58ff84c748cd8a90968846c022685dcbd0d5eb8e8c7f16ed15ad74d,2,1,310,199,False,False
r3-pilot,62fc2a11f58ff84c748cd8a90968846c022685dcbd0d5eb8e8c7f16ed15ad74d,2,1,311,199,False,False
r3-pilot,62fc2a11f58ff84c748cd8a90968846c022685dcbd0d5eb8e8c7f16ed15ad74d,2,1,312,199,False,False
r3-pilot,62fc2a11f58ff84c748cd8a90968846c022685dcbd0d5eb8e8c7f16ed15ad74d,2,1,313,199,False,False
r3-pilot,62fc2a11f58ff84c748cd8a90968846c022685dcbd0d5eb8e8c7f16ed15ad74d,2,1,314,199,False,False
r3-pilot,62fc2a11f58ff84c748cd8a90968846c022685dcbd0d5eb8e8c7f16ed15ad74d,2,1,315,199,False,False
r3-pilot,62fc2a11f58ff84c748cd8a90968846c022685dcbd0d5eb8e8c7f16ed15ad74d,2,1,316,199,False,False
r3-pilot,62fc2a11f58ff84c748cd8a90968846c022685dcbd0d5eb8e8c7f16ed15ad74d,2,1,317,199,False,False
r3-pilot,62fc2a11f58ff84c748cd8a90968846c022685dcbd0d5eb8e8c7f16ed15ad74d,2,1,318,199,False,False
r3-pilot,62fc2a11f58ff84c748cd8a90968846c022685dcbd0d5eb8e8c7f16ed15ad74d,2,1,319,199,False,False
r3-pilot,62fc2a11f58ff84c748cd8a90968846c022685dcbd0d5eb8e8c7f16ed15ad74d,2,1,320,199,False,False
r3-pilot,62fc2a11f58ff84c748cd8a90968846c022685dcbd0d5eb8e8c7f16ed15ad74d,2,1,321,199,False,False
r3-pilot,62fc2a11f58ff84c748cd8a90968846c022685dcbd0d5eb8e8c7f16ed15ad74d,2,1,322,199,False,False
r3-pilot,62fc2a11f58ff84c748cd8a90968846c022685dcbd0d5eb8e8c7f16ed15ad74d,2,1,323,199,False,False
r3-pilot,62fc2a11f58ff84c748cd8a90968846c022685dcbd0d5eb8e8c7f16ed15ad74d,2,1,324,199,False,False
r3-pilot,62fc2a11f58ff84c748cd8a90968846c022685dcbd0d5eb8e8c7f16ed15ad74d,2,1,325,199,False,False
r3-pilot,62fc2a11f58ff84c748cd8a90968846c022685dcbd0d5eb8e8c7f16ed15ad74d,2,1,326,199,False,False
r3-pilot,62fc2a11f58ff84c748cd8a90968846c022685dcbd0d5eb8e8c7f16ed15ad74d,2,1,327,199,False,False
r3-pilot,62fc2a11f58ff84c748cd8a90968846c022685dcbd0d5eb8e8c7f16ed15ad74d,2,1,328,199,False,False
r3-pilot,62fc2a11f58ff84c748cd8a90968846c022685dcbd0d5eb8e8c7f16ed15ad74d,2,1,329,199,False,False
r3-pilot,62fc2a11f58ff84c748cd8a90968846c022685dcbd0d5eb8e8c7f16ed15ad74d,2,1,330,199,False,False
r3-pilot,62fc2a11f58ff84c748cd8a90968846c022685dcbd0d5eb8e8c7f16ed15ad74d,2,1,331,199,False,False
r3-pilot,62fc2a11f58ff84c748cd8a90968846c022685dcbd0d5eb8e8c7f16ed15ad74d,2,1,332,199,False,False
r3-pilot,62fc2a11f58ff84c748cd8a90968846c022685dcbd0d5eb8e8c7f16ed15ad74d,2,1,333,199,False,False
r3-pilot,62fc2a11f58ff84c748cd8a90968846c022685dcbd0d5eb8e8c7f16ed15ad74d,2,1,334,199,False,False
r3-pilot,62fc2a11f58ff84c748cd8a90968846c022685dcbd0d5eb8e8c7f16ed15ad74d,2,1,335,199,False,False
r3-pilot,62fc2a11f58ff84c748cd8a90968846c022685dcbd0d5eb8e8c7f16ed15ad74d,2,1,336,199,False,False
r3-pilot,62fc2a11f58ff84c748cd8a90968846c022685dcbd0d5eb8e8c7f16ed15ad74d,2,1,337,199,False,False
r3-pilot,62fc2a11f58ff84c748cd8a90968846c022685dcbd0d5eb8e8c7f16ed15ad74d,2,1,338,199,False,False
r3-pilot,62fc2a11f58ff84c748cd8a90968846c022685dcbd0d5eb8e8c7f16ed15ad74d,2,1,339,199,False,False
r3-pilot,62fc2a11f58ff84c748cd8a90968846c022685dcbd0d5eb8e8c7f16ed15ad74d,2,1,340,199,False,False
r3-pilot,62fc2a11f58ff84c748cd8a90968846c022685dcbd0d5eb8e8c7f16ed15ad74d,2,1,341,199,False,False
r3-pilot,62fc2a11f58ff84c748cd8a90968846c022685dcbd0d5eb8e8c7f16ed15ad74d,2,1,342,199,False,False
r3-pilot,62fc2a11f58ff84c748cd8a90968846c022685dcbd0d5eb8e8c7f16ed15ad74d,2,1,343,199,False,False
r3-pilot,62fc2a11f58ff84c748cd8a90968846c022685dcbd0d5eb8e8c7f16ed15ad74d,2,1,344,199,False,False
r3-pilot,62fc2a11f58ff84c748cd8a90968846c022685dcbd0d5eb8e8c7f16ed15ad74d,2,1,345,199,False,False
r3-pilot,62fc2a11f58ff84c748cd8a90968846c022685dcbd0d5eb8e8c7f16ed15ad74d,2,1,346,199,False,False
r3-pilot,62fc2a11f58ff84c748cd8a90968846c022685dcbd0d5eb8e8c7f16ed15ad74d,2,1,347,199,False,False
r3-pilot,62fc2a11f58ff84c748cd8a90968846c022685dcbd0d5eb8e8c7f16ed15ad74d,2,1,348,199,False,False
r3-pilot,62fc2a11f58ff84c748cd8a90968846c022685dcbd0d5eb8e8c7f16ed15ad74d,2,1,349,199,False,False
r3-pilot,62fc2a11f58ff84c748cd8a90968846c022685dcbd0d5eb8e8c7f16ed15ad74d,2,1,350,199,False,False
r3-pilot,62fc2a11f58ff84c748cd8a90968846c022685dcbd0d5eb8e8c7f16ed15ad74d,2,1,351,199,False,False
r3-pilot,62fc2a11f58ff84c748cd8a90968846c022685dcbd0d5eb8e8c7f16ed15ad74d,2,1,352,199,False,False
r3-pilot,62fc2a11f58ff84c748cd8a90968846c022685dcbd0d5eb8e8c7f16ed15ad74d,2,1,353,199,False,False
r3-pilot,62fc2a11f58ff84c748cd8a90968846c022685dcbd0d5eb8e8c7f16ed15ad74d,2,1,354,199,False,False
r3-pilot,62fc2a11f58ff84c748cd8a90968846c022685dcbd0d5eb8e8c7f16ed15ad74d,2,1,355,199,False,False
r3-pilot,62fc2a11f58ff84c748cd8a90968846c022685dcbd0d5eb8e8c7f16ed15ad74d,2,1,356,199,False,False
r3-pilot,62fc2a11f58ff84c748cd8a90968846c022685dcbd0d5eb8e8c7f16ed15ad74d,2,1,357,199,False,False
r3-pilot,62fc2a11f58ff84c748cd8a90968846c022685dcbd0d5eb8e8c7f16ed15ad74d,2,1,358,199,False,False
r3-pilot,62fc2a11f58ff84c748cd8a90968846c022685dcbd0d5eb8e8c7f16ed15ad74d,2,1,359,199,False,False
r3-pilot,62fc2a11f58ff84c748cd8a90968846c022685dcbd0d5eb8e8c7f16ed15ad74d,2,1,360,199,False,False
r3-pilot,62fc2a11f58ff84c748cd8a90968846c022685dcbd0d5eb8e8c7f16ed15ad74d,2,1,361,199,False,False
r3-pilot,62fc2a11f58ff84c748cd8a90968846c022685dcbd0d5eb8e8c7f16ed15ad74d,2,1,362,199,False,False
r3-pilot,62fc2a11f58ff84c748cd8a90968846c022685dcbd0d5eb8e8c7f16ed15ad74d,2,1,363,199,False,False
r3-pilot,62fc2a11f58ff84c748cd8a90968846c022685dcbd0d5eb8e8c7f16ed15ad74d,2,1,364,199,False,False
r3-pilot,62fc2a11f58ff84c748cd8a90968846c022685dcbd0d5eb8e8c7f16ed15ad74d,2,1,365,199,False,False
r3-pilot,62fc2a11f58ff84c748cd8a90968846c022685dcbd0d5eb8e8c7f16ed15ad74d,2,1,366,199,False,False
r3-pilot,62fc2a11f58ff84c748cd8a90968846c022685dcbd0d5eb8e8c7f16ed15ad74d,2,1,367,199,False,False
r3-pilot,62fc2a11f58ff84c748cd8a90968846c022685dcbd0d5eb8e8c7f16ed15ad74d,2,1,288,200,False,False
r3-pilot,62fc2a11f58ff84c748cd8a90968846c022685dcbd0d5eb8e8c7f16ed15ad74d,2,1,289,200,False,False
r3-pilot,62fc2a11f58ff84c748cd8a90968846c022685dcbd0d5eb8e8c7f16ed15ad74d,2,1,290,200,False,False
r3-pilot,62fc2a11f58ff84c748cd8a90968846c022685dcbd0d5eb8e8c7f16ed15ad74d,2,1,291,200,False,False
r3-pilot,62fc2a11f58ff84c748cd8a90968846c022685dcbd0d5eb8e8c7f16ed15ad74d,2,1,292,200,False,False
r3-pilot,62fc2a11f58ff84c748cd8a90968846c022685dcbd0d5eb8e8c7f16ed15ad74d,2,1,293,200,False,False
r3-pilot,62fc2a11f58ff84c748cd8a90968846c022685dcbd0d5eb8e8c7f16ed15ad74d,2,1,294,200,False,False
r3-pilot,62fc2a11f58ff84c748cd8a90968846c022685dcbd0d5eb8e8c7f16ed15ad74d,2,1,295,200,False,False
r3-pilot,62fc2a11f58ff84c748cd8a90968846c022685dcbd0d5eb8e8c7f16ed15ad74d,2,1,296,200,False,False
r3-pilot,62fc2a11f58ff84c748cd8a90968846c022685dcbd0d5eb8e8c7f16ed15ad74d,2,1,297,200,False,False
r3-pilot,62fc2a11f58ff84c748cd8a90968846c022685dcbd0d5eb8e8c7f16ed15ad74d,2,1,298,200,False,False
r3-pilot,62fc2a11f58ff84c748cd8a90968846c022685dcbd0d5eb8e8c7f16ed15ad74d,2,1,299,200,False,False
r3-pilot,62fc2a11f58ff84c748cd8a90968846c022685dcbd0d5eb8e8c7f16ed15ad74d,2,1,300,200,False,False
r3-pilot,62fc2a11f58ff84c748cd8a90968846c022685dcbd0d5eb8e8c7f16ed15ad74d,2,1,301,200,False,False
r3-pilot,62fc2a11f58ff84c748cd8a90968846c022685dcbd0d5eb8e8c7f16ed15ad74d,2,1,302,200,False,False
r3-pilot,62fc2a11f58ff84c748cd8a90968846c022685dcbd0d5eb8e8c7f16ed15ad74d,2,1,303,200,False,False
r3-pilot,62fc2a11f58ff84c748cd8a90968846c022685dcbd0d5eb8e8c7f16ed15ad74d,2,1,304,200,False,False
r3-pilot,62fc2a11f58ff84c748cd8a90968846c022685dcbd0d5eb8e8c7f16ed15ad74d,2,1,305,200,False,False
r3-pilot,62fc2a11f58ff84c748cd8a90968846c022685dcbd0d5eb8e8c7f16ed15ad74d,2,1,306,200,False,False
r3-pilot,62fc2a11f58ff84c748cd8a90968846c022685dcbd0d5eb8e8c7f16ed15ad74d,2,1,307,200,False,False
r3-pilot,62fc2a11f58ff84c748cd8a90968846c022685dcbd0d5eb8e8c7f16ed15ad74d,2,1,308,200,False,False
r3-pilot,62fc2a11f58ff84c748cd8a90968846c022685dcbd0d5eb8e8c7f16ed15ad74d,2,1,309,200,False,False
r3-pilot,62fc2a11f58ff84c748cd8a90968846c022685dcbd0d5eb8e8c7f16ed15ad74d,2,1,310,200,False,False
r3-pilot,62fc2a11f58ff84c748cd8a90968846c022685dcbd0d5eb8e8c7f16ed15ad74d,2,1,311,200,False,False
r3-pilot,62fc2a11f58ff84c748cd8a90968846c022685dcbd0d5eb8e8c7f16ed15ad74d,2,1,312,200,False,False
r3-pilot,62fc2a11f58ff84c748cd8a90968846c022685dcbd0d5eb8e8c7f16ed15ad74d,2,1,313,200,False,False
r3-pilot,62fc2a11f58ff84c748cd8a90968846c022685dcbd0d5eb8e8c7f16ed15ad74d,2,1,314,200,False,False
r3-pilot,62fc2a11f58ff84c748cd8a90968846c022685dcbd0d5eb8e8c7f16ed15ad74d,2,1,315,200,False,False
r3-pilot,62fc2a11f58ff84c748cd8a90968846c022685dcbd0d5eb8e8c7f16ed15ad74d,2,1,316,200,False,False
r3-pilot,62fc2a11f58ff84c748cd8a90968846c022685dcbd0d5eb8e8c7f16ed15ad74d,2,1,317,200,False,False
r3-pilot,62fc2a11f58ff84c748cd8a90968846c022685dcbd0d5eb8e8c7f16ed15ad74d,2,1,318,200,False,False
r3-pilot,62fc2a11f58ff84c748cd8a90968846c022685dcbd0d5eb8e8c7f16ed15ad74d,2,1,319,200,False,False
r3-pilot,62fc2a11f58ff84c748cd8a90968846c022685dcbd0d5eb8e8c7f16ed15ad74d,2,1,320,200,False,False
r3-pilot,62fc2a11f58ff84c748cd8a90968846c022685dcbd0d5eb8e8c7f16ed15ad74d,2,1,321,200,False,False
r3-pilot,62fc2a11f58ff84c748cd8a90968846c022685dcbd0d5eb8e8c7f16ed15ad74d,2,1,322,200,False,False
r3-pilot,62fc2a11f58ff84c748cd8a90968846c022685dcbd0d5eb8e8c7f16ed15ad74d,2,1,323,200,False,False
r3-pilot,62fc2a11f58ff84c748cd8a90968846c022685dcbd0d5eb8e8c7f16ed15ad74d,2,1,324,200,False,False
r3-pilot,62fc2a11f58ff84c748cd8a90968846c022685dcbd0d5eb8e8c7f16ed15ad74d,2,1,325,200,False,False
r3-pilot,62fc2a11f58ff84c748cd8a90968846c022685dcbd0d5eb8e8c7f16ed15ad74d,2,1,326,200,False,False
r3-pilot,62fc2a11f58ff84c748cd8a90968846c022685dcbd0d5eb8e8c7f16ed15ad74d,2,1,327,200,False,False
r3-pilot,62fc2a11f58ff84c748cd8a90968846c022685dcbd0d5eb8e8c7f16ed15ad74d,2,1,328,200,False,False
r3-pilot,62fc2a11f58ff84c748cd8a90968846c022685dcbd0d5eb8e8c7f16ed15ad74d,2,1,329,200,False,False
r3-pilot,62fc2a11f58ff84c748cd8a90968846c022685dcbd0d5eb8e8c7f16ed15ad74d,2,1,330,200,False,False
r3-pilot,62fc2a11f58ff84c748cd8a90968846c022685dcbd0d5eb8e8c7f16ed15ad74d,2,1,331,200,False,False
r3-pilot,62fc2a11f58ff84c748cd8a90968846c022685dcbd0d5eb8e8c7f16ed15ad74d,2,1,332,200,False,False
r3-pilot,62fc2a11f58ff84c748cd8a90968846c022685dcbd0d5eb8e8c7f16ed15ad74d,2,1,333,200,False,False
r3-pilot,62fc2a11f58ff84c748cd8a90968846c022685dcbd0d5eb8e8c7f16ed15ad74d,2,1,334,200,False,False
r3-pilot,62fc2a11f58ff84c748cd8a90968846c022685dcbd0d5eb8e8c7f16ed15ad74d,2,1,335,200,False,False
r3-pilot,62fc2a11f58ff84c748cd8a90968846c022685dcbd0d5eb8e8c7f16ed15ad74d,2,1,336,200,False,False
r3-pilot,62fc2a11f58ff84c748cd8a90968846c022685dcbd0d5eb8e8c7f16ed15ad74d,2,1,337,200,False,False
r3-pilot,62fc2a11f58ff84c748cd8a90968846c022685dcbd0d5eb8e8c7f16ed15ad74d,2,1,338,200,False,False
r3-pilot,62fc2a11f58ff84c748cd8a90968846c022685dcbd0d5eb8e8c7f16ed15ad74d,2,1,339,200,False,False
r3-pilot,62fc2a11f58ff84c748cd8a90968846c022685dcbd0d5eb8e8c7f16ed15ad74d,2,1,340,200,False,False
r3-pilot,62fc2a11f58ff84c748cd8a90968846c022685dcbd0d5eb8e8c7f16ed15ad74d,2,1,341,200,False,False
r3-pilot,62fc2a11f58ff84c748cd8a90968846c022685dcbd0d5eb8e8c7f16ed15ad74d,2,1,342,200,False,False
r3-pilot,62fc2a11f58ff84c748cd8a90968846c022685dcbd0d5eb8e8c7f16ed15ad74d,2,1,343,200,False,False
r3-pilot,62fc2a11f58ff84c748cd8a90968846c022685dcbd0d5eb8e8c7f16ed15ad74d,2,1,344,200,False,False
r3-pilot,62fc2a11f58ff84c748cd8a90968846c022685dcbd0d5eb8e8c7f16ed15ad74d,2,1,345,200,False,False
r3-pilot,62fc2a11f58ff84c748cd8a90968846c022685dcbd0d5eb8e8c7f16ed15ad74d,2,1,346,200,False,False
r3-pilot,62fc2a11f58ff84c748cd8a90968846c022685dcbd0d5eb8e8c7f16ed15ad74d,2,1,347,200,False,False
r3-pilot,62fc2a11f58ff84c748cd8a90968846c022685dcbd0d5eb8e8c7f16ed15ad74d,2,1,348,200,False,False
r3-pilot,62fc2a11f58ff84c748cd8a90968846c022685dcbd0d5eb8e8c7f16ed15ad74d,2,1,349,200,False,False
r3-pilot,62fc2a11f58ff84c748cd8a90968846c022685dcbd0d5eb8e8c7f16ed15ad74d,2,1,350,200,False,False
r3-pilot,62fc2a11f58ff84c748cd8a90968846c022685dcbd0d5eb8e8c7f16ed15ad74d,2,1,351,200,False,False
r3-pilot,62fc2a11f58ff84c748cd8a90968846c022685dcbd0d5eb8e8c7f16ed15ad74d,2,1,352,200,False,False
r3-pilot,62fc2a11f58ff84c748cd8a90968846c022685dcbd0d5eb8e8c7f16ed15ad74d,2,1,353,200,False,False
r3-pilot,62fc2a11f58ff84c748cd8a90968846c022685dcbd0d5eb8e8c7f16ed15ad74d,2,1,354,200,False,False
r3-pilot,62fc2a11f58ff84c748cd8a90968846c022685dcbd0d5eb8e8c7f16ed15ad74d,2,1,355,200,False,False
r3-pilot,62fc2a11f58ff84c748cd8a90968846c022685dcbd0d5eb8e8c7f16ed15ad74d,2,1,356,200,False,False
r3-pilot,62fc2a11f58ff84c748cd8a90968846c022685dcbd0d5eb8e8c7f16ed15ad74d,2,1,357,200,False,False
r3-pilot,62fc2a11f58ff84c748cd8a90968846c022685dcbd0d5eb8e8c7f16ed15ad74d,2,1,358,200,False,False
r3-pilot,62fc2a11f58ff84c748cd8a90968846c022685dcbd0d5eb8e8c7f16ed15ad74d,2,1,359,200,False,False
r3-pilot,62fc2a11f58ff84c748cd8a90968846c022685dcbd0d5eb8e8c7f16ed15ad74d,2,1,360,200,False,False
r3-pilot,62fc2a11f58ff84c748cd8a90968846c022685dcbd0d5eb8e8c7f16ed15ad74d,2,1,361,200,False,False
r3-pilot,62fc2a11f58ff84c748cd8a90968846c022685dcbd0d5eb8e8c7f16ed15ad74d,2,1,362,200,False,False
r3-pilot,62fc2a11f58ff84c748cd8a90968846c022685dcbd0d5eb8e8c7f16ed15ad74d,2,1,363,200,False,False
r3-pilot,62fc2a11f58ff84c748cd8a90968846c022685dcbd0d5eb8e8c7f16ed15ad74d,2,1,364,200,False,False
r3-pilot,62fc2a11f58ff84c748cd8a90968846c022685dcbd0d5eb8e8c7f16ed15ad74d,2,1,365,200,False,False
r3-pilot,62fc2a11f58ff84c748cd8a90968846c022685dcbd0d5eb8e8c7f16ed15ad74d,2,1,366,200,False,False
r3-pilot,62fc2a11f58ff84c748cd8a90968846c022685dcbd0d5eb8e8c7f16ed15ad74d,2,1,367,200,False,False
r3-pilot,62fc2a11f58ff84c748cd8a90968846c022685dcbd0d5eb8e8c7f16ed15ad74d,2,1,288,201,False,False
r3-pilot,62fc2a11f58ff84c748cd8a90968846c022685dcbd0d5eb8e8c7f16ed15ad74d,2,1,289,201,False,False
r3-pilot,62fc2a11f58ff84c748cd8a90968846c022685dcbd0d5eb8e8c7f16ed15ad74d,2,1,290,201,False,False
r3-pilot,62fc2a11f58ff84c748cd8a90968846c022685dcbd0d5eb8e8c7f16ed15ad74d,2,1,291,201,False,False
r3-pilot,62fc2a11f58ff84c748cd8a90968846c022685dcbd0d5eb8e8c7f16ed15ad74d,2,1,292,201,False,False
r3-pilot,62fc2a11f58ff84c748cd8a90968846c022685dcbd0d5eb8e8c7f16ed15ad74d,2,1,293,201,False,False
r3-pilot,62fc2a11f58ff84c748cd8a90968846c022685dcbd0d5eb8e8c7f16ed15ad74d,2,1,294,201,False,False
r3-pilot,62fc2a11f58ff84c748cd8a90968846c022685dcbd0d5eb8e8c7f16ed15ad74d,2,1,295,201,False,False
r3-pilot,62fc2a11f58ff84c748cd8a90968846c022685dcbd0d5eb8e8c7f16ed15ad74d,2,1,296,201,False,False
r3-pilot,62fc2a11f58ff84c748cd8a90968846c022685dcbd0d5eb8e8c7f16ed15ad74d,2,1,297,201,False,False
r3-pilot,62fc2a11f58ff84c748cd8a90968846c022685dcbd0d5eb8e8c7f16ed15ad74d,2,1,298,201,False,False
r3-pilot,62fc2a11f58ff84c748cd8a90968846c022685dcbd0d5eb8e8c7f16ed15ad74d,2,1,299,201,False,False
r3-pilot,62fc2a11f58ff84c748cd8a90968846c022685dcbd0d5eb8e8c7f16ed15ad74d,2,1,300,201,False,False
r3-pilot,62fc2a11f58ff84c748cd8a90968846c022685dcbd0d5eb8e8c7f16ed15ad74d,2,1,301,201,False,False
r3-pilot,62fc2a11f58ff84c748cd8a90968846c022685dcbd0d5eb8e8c7f16ed15ad74d,2,1,302,201,False,False
r3-pilot,62fc2a11f58ff84c748cd8a90968846c022685dcbd0d5eb8e8c7f16ed15ad74d,2,1,303,201,False,False
r3-pilot,62fc2a11f58ff84c748cd8a90968846c022685dcbd0d5eb8e8c7f16ed15ad74d,2,1,304,201,False,False
r3-pilot,62fc2a11f58ff84c748cd8a90968846c022685dcbd0d5eb8e8c7f16ed15ad74d,2,1,305,201,False,False
r3-pilot,62fc2a11f58ff84c748cd8a90968846c022685dcbd0d5eb8e8c7f16ed15ad74d,2,1,306,201,False,False
r3-pilot,62fc2a11f58ff84c748cd8a90968846c022685dcbd0d5eb8e8c7f16ed15ad74d,2,1,307,201,False,False
r3-pilot,62fc2a11f58ff84c748cd8a90968846c022685dcbd0d5eb8e8c7f16ed15ad74d,2,1,308,201,False,False
r3-pilot,62fc2a11f58ff84c748cd8a90968846c022685dcbd0d5eb8e8c7f16ed15ad74d,2,1,309,201,False,False
r3-pilot,62fc2a11f58ff84c748cd8a90968846c022685dcbd0d5eb8e8c7f16ed15ad74d,2,1,310,201,False,False
r3-pilot,62fc2a11f58ff84c748cd8a90968846c022685dcbd0d5eb8e8c7f16ed15ad74d,2,1,311,201,False,False
r3-pilot,62fc2a11f58ff84c748cd8a90968846c022685dcbd0d5eb8e8c7f16ed15ad74d,2,1,312,201,False,False
r3-pilot,62fc2a11f58ff84c748cd8a90968846c022685dcbd0d5eb8e8c7f16ed15ad74d,2,1,313,201,False,False
r3-pilot,62fc2a11f58ff84c748cd8a90968846c022685dcbd0d5eb8e8c7f16ed15ad74d,2,1,314,201,False,False
r3-pilot,62fc2a11f58ff84c748cd8a90968846c022685dcbd0d5eb8e8c7f16ed15ad74d,2,1,315,201,False,False
r3-pilot,62fc2a11f58ff84c748cd8a90968846c022685dcbd0d5eb8e8c7f16ed15ad74d,2,1,316,201,False,False
r3-pilot,62fc2a11f58ff84c748cd8a90968846c022685dcbd0d5eb8e8c7f16ed15ad74d,2,1,317,201,False,False
r3-pilot,62fc2a11f58ff84c748cd8a90968846c022685dcbd0d5eb8e8c7f16ed15ad74d,2,1,318,201,False,False
r3-pilot,62fc2a11f58ff84c748cd8a90968846c022685dcbd0d5eb8e8c7f16ed15ad74d,2,1,319,201,False,False
r3-pilot,62fc2a11f58ff84c748cd8a90968846c022685dcbd0d5eb8e8c7f16ed15ad74d,2,1,320,201,False,False
r3-pilot,62fc2a11f58ff84c748cd8a90968846c022685dcbd0d5eb8e8c7f16ed15ad74d,2,1,321,201,False,False
r3-pilot,62fc2a11f58ff84c748cd8a90968846c022685dcbd0d5eb8e8c7f16ed15ad74d,2,1,322,201,False,False
r3-pilot,62fc2a11f58ff84c748cd8a90968846c022685dcbd0d5eb8e8c7f16ed15ad74d,2,1,323,201,False,False
r3-pilot,62fc2a11f58ff84c748cd8a90968846c022685dcbd0d5eb8e8c7f16ed15ad74d,2,1,324,201,False,False
r3-pilot,62fc2a11f58ff84c748cd8a90968846c022685dcbd0d5eb8e8c7f16ed15ad74d,2,1,325,201,False,False
r3-pilot,62fc2a11f58ff84c748cd8a90968846c022685dcbd0d5eb8e8c7f16ed15ad74d,2,1,326,201,False,False
r3-pilot,62fc2a11f58ff84c748cd8a90968846c022685dcbd0d5eb8e8c7f16ed15ad74d,2,1,327,201,False,False
r3-pilot,62fc2a11f58ff84c748cd8a90968846c022685dcbd0d5eb8e8c7f16ed15ad74d,2,1,328,201,False,False
r3-pilot,62fc2a11f58ff84c748cd8a90968846c022685dcbd0d5eb8e8c7f16ed15ad74d,2,1,329,201,False,False
r3-pilot,62fc2a11f58ff84c748cd8a90968846c022685dcbd0d5eb8e8c7f16ed15ad74d,2,1,330,201,False,False
r3-pilot,62fc2a11f58ff84c748cd8a90968846c022685dcbd0d5eb8e8c7f16ed15ad74d,2,1,331,201,False,False
r3-pilot,62fc2a11f58ff84c748cd8a90968846c022685dcbd0d5eb8e8c7f16ed15ad74d,2,1,332,201,False,False
r3-pilot,62fc2a11f58ff84c748cd8a90968846c022685dcbd0d5eb8e8c7f16ed15ad74d,2,1,333,201,False,False
r3-pilot,62fc2a11f58ff84c748cd8a90968846c022685dcbd0d5eb8e8c7f16ed15ad74d,2,1,334,201,False,False
r3-pilot,62fc2a11f58ff84c748cd8a90968846c022685dcbd0d5eb8e8c7f16ed15ad74d,2,1,335,201,False,False
r3-pilot,62fc2a11f58ff84c748cd8a90968846c022685dcbd0d5eb8e8c7f16ed15ad74d,2,1,336,201,False,False
r3-pilot,62fc2a11f58ff84c748cd8a90968846c022685dcbd0d5eb8e8c7f16ed15ad74d,2,1,337,201,False,False
r3-pilot,62fc2a11f58ff84c748cd8a90968846c022685dcbd0d5eb8e8c7f16ed15ad74d,2,1,338,201,False,False
r3-pilot,62fc2a11f58ff84c748cd8a90968846c022685dcbd0d5eb8e8c7f16ed15ad74d,2,1,339,201,False,False
r3-pilot,62fc2a11f58ff84c748cd8a90968846c022685dcbd0d5eb8e8c7f16ed15ad74d,2,1,340,201,False,False
r3-pilot,62fc2a11f58ff84c748cd8a90968846c022685dcbd0d5eb8e8c7f16ed15ad74d,2,1,341,201,False,False
r3-pilot,62fc2a11f58ff84c748cd8a90968846c022685dcbd0d5eb8e8c7f16ed15ad74d,2,1,342,201,False,False
r3-pilot,62fc2a11f58ff84c748cd8a90968846c022685dcbd0d5eb8e8c7f16ed15ad74d,2,1,343,201,False,False
r3-pilot,62fc2a11f58ff84c748cd8a90968846c022685dcbd0d5eb8e8c7f16ed15ad74d,2,1,344,201,False,False
r3-pilot,62fc2a11f58ff84c748cd8a90968846c022685dcbd0d5eb8e8c7f16ed15ad74d,2,1,345,201,False,False
r3-pilot,62fc2a11f58ff84c748cd8a90968846c022685dcbd0d5eb8e8c7f16ed15ad74d,2,1,346,201,False,False
r3-pilot,62fc2a11f58ff84c748cd8a90968846c022685dcbd0d5eb8e8c7f16ed15ad74d,2,1,347,201,False,False
r3-pilot,62fc2a11f58ff84c748cd8a90968846c022685dcbd0d5eb8e8c7f16ed15ad74d,2,1,348,201,False,False
r3-pilot,62fc2a11f58ff84c748cd8a90968846c022685dcbd0d5eb8e8c7f16ed15ad74d,2,1,349,201,False,False
r3-pilot,62fc2a11f58ff84c748cd8a90968846c022685dcbd0d5eb8e8c7f16ed15ad74d,2,1,350,201,False,False
r3-pilot,62fc2a11f58ff84c748cd8a90968846c022685dcbd0d5eb8e8c7f16ed15ad74d,2,1,351,201,False,False
r3-pilot,62fc2a11f58ff84c748cd8a90968846c022685dcbd0d5eb8e8c7f16ed15ad74d,2,1,352,201,False,False
r3-pilot,62fc2a11f58ff84c748cd8a90968846c022685dcbd0d5eb8e8c7f16ed15ad74d,2,1,353,201,False,False
r3-pilot,62fc2a11f58ff84c748cd8a90968846c022685dcbd0d5eb8e8c7f16ed15ad74d,2,1,354,201,False,False
r3-pilot,62fc2a11f58ff84c748cd8a90968846c022685dcbd0d5eb8e8c7f16ed15ad74d,2,1,355,201,False,False
r3-pilot,62fc2a11f58ff84c748cd8a90968846c022685dcbd0d5eb8e8c7f16ed15ad74d,2,1,356,201,False,False
r3-pilot,62fc2a11f58ff84c748cd8a90968846c022685dcbd0d5eb8e8c7f16ed15ad74d,2,1,357,201,False,False
r3-pilot,62fc2a11f58ff84c748cd8a90968846c022685dcbd0d5eb8e8c7f16ed15ad74d,2,1,358,201,False,False
r3-pilot,62fc2a11f58ff84c748cd8a90968846c022685dcbd0d5eb8e8c7f16ed15ad74d,2,1,359,201,False,False
r3-pilot,62fc2a11f58ff84c748cd8a90968846c022685dcbd0d5eb8e8c7f16ed15ad74d,2,1,360,201,False,False
r3-pilot,62fc2a11f58ff84c748cd8a90968846c022685dcbd0d5eb8e8c7f16ed15ad74d,2,1,361,201,False,False
r3-pilot,62fc2a11f58ff84c748cd8a90968846c022685dcbd0d5eb8e8c7f16ed15ad74d,2,1,362,201,False,False
r3-pilot,62fc2a11f58ff84c748cd8a90968846c022685dcbd0d5eb8e8c7f16ed15ad74d,2,1,363,201,False,False
r3-pilot,62fc2a11f58ff84c748cd8a90968846c022685dcbd0d5eb8e8c7f16ed15ad74d,2,1,364,201,False,False
r3-pilot,62fc2a11f58ff84c748cd8a90968846c022685dcbd0d5eb8e8c7f16ed15ad74d,2,1,365,201,False,False
r3-pilot,62fc2a11f58ff84c748cd8a90968846c022685dcbd0d5eb8e8c7f16ed15ad74d,2,1,366,201,False,False
r3-pilot,62fc2a11f58ff84c748cd8a90968846c022685dcbd0d5eb8e8c7f16ed15ad74d,2,1,367,201,False,False
r3-pilot,62fc2a11f58ff84c748cd8a90968846c022685dcbd0d5eb8e8c7f16ed15ad74d,2,1,368,201,False,False
r3-pilot,62fc2a11f58ff84c748cd8a90968846c022685dcbd0d5eb8e8c7f16ed15ad74d,2,1,288,202,False,False
r3-pilot,62fc2a11f58ff84c748cd8a90968846c022685dcbd0d5eb8e8c7f16ed15ad74d,2,1,289,202,False,False
r3-pilot,62fc2a11f58ff84c748cd8a90968846c022685dcbd0d5eb8e8c7f16ed15ad74d,2,1,290,202,False,False
r3-pilot,62fc2a11f58ff84c748cd8a90968846c022685dcbd0d5eb8e8c7f16ed15ad74d,2,1,291,202,False,False
r3-pilot,62fc2a11f58ff84c748cd8a90968846c022685dcbd0d5eb8e8c7f16ed15ad74d,2,1,292,202,False,False
r3-pilot,62fc2a11f58ff84c748cd8a90968846c022685dcbd0d5eb8e8c7f16ed15ad74d,2,1,293,202,False,False
r3-pilot,62fc2a11f58ff84c748cd8a90968846c022685dcbd0d5eb8e8c7f16ed15ad74d,2,1,294,202,False,False
r3-pilot,62fc2a11f58ff84c748cd8a90968846c022685dcbd0d5eb8e8c7f16ed15ad74d,2,1,295,202,False,False
r3-pilot,62fc2a11f58ff84c748cd8a90968846c022685dcbd0d5eb8e8c7f16ed15ad74d,2,1,296,202,False,False
r3-pilot,62fc2a11f58ff84c748cd8a90968846c022685dcbd0d5eb8e8c7f16ed15ad74d,2,1,297,202,False,False
r3-pilot,62fc2a11f58ff84c748cd8a90968846c022685dcbd0d5eb8e8c7f16ed15ad74d,2,1,298,202,False,False
r3-pilot,62fc2a11f58ff84c748cd8a90968846c022685dcbd0d5eb8e8c7f16ed15ad74d,2,1,299,202,False,False
r3-pilot,62fc2a11f58ff84c748cd8a90968846c022685dcbd0d5eb8e8c7f16ed15ad74d,2,1,300,202,False,False
r3-pilot,62fc2a11f58ff84c748cd8a90968846c022685dcbd0d5eb8e8c7f16ed15ad74d,2,1,301,202,False,False
r3-pilot,62fc2a11f58ff84c748cd8a90968846c022685dcbd0d5eb8e8c7f16ed15ad74d,2,1,302,202,False,False
r3-pilot,62fc2a11f58ff84c748cd8a90968846c022685dcbd0d5eb8e8c7f16ed15ad74d,2,1,303,202,False,False
r3-pilot,62fc2a11f58ff84c748cd8a90968846c022685dcbd0d5eb8e8c7f16ed15ad74d,2,1,304,202,False,False
r3-pilot,62fc2a11f58ff84c748cd8a90968846c022685dcbd0d5eb8e8c7f16ed15ad74d,2,1,305,202,False,False
r3-pilot,62fc2a11f58ff84c748cd8a90968846c022685dcbd0d5eb8e8c7f16ed15ad74d,2,1,306,202,False,False
r3-pilot,62fc2a11f58ff84c748cd8a90968846c022685dcbd0d5eb8e8c7f16ed15ad74d,2,1,307,202,False,False
r3-pilot,62fc2a11f58ff84c748cd8a90968846c022685dcbd0d5eb8e8c7f16ed15ad74d,2,1,308,202,False,False
r3-pilot,62fc2a11f58ff84c748cd8a90968846c022685dcbd0d5eb8e8c7f16ed15ad74d,2,1,309,202,False,False
r3-pilot,62fc2a11f58ff84c748cd8a90968846c022685dcbd0d5eb8e8c7f16ed15ad74d,2,1,310,202,False,False
r3-pilot,62fc2a11f58ff84c748cd8a90968846c022685dcbd0d5eb8e8c7f16ed15ad74d,2,1,311,202,False,False
r3-pilot,62fc2a11f58ff84c748cd8a90968846c022685dcbd0d5eb8e8c7f16ed15ad74d,2,1,312,202,False,False
r3-pilot,62fc2a11f58ff84c748cd8a90968846c022685dcbd0d5eb8e8c7f16ed15ad74d,2,1,313,202,False,False
r3-pilot,62fc2a11f58ff84c748cd8a90968846c022685dcbd0d5eb8e8c7f16ed15ad74d,2,1,314,202,False,False
r3-pilot,62fc2a11f58ff84c748cd8a90968846c022685dcbd0d5eb8e8c7f16ed15ad74d,2,1,315,202,False,False
r3-pilot,62fc2a11f58ff84c748cd8a90968846c022685dcbd0d5eb8e8c7f16ed15ad74d,2,1,316,202,False,False
r3-pilot,62fc2a11f58ff84c748cd8a90968846c022685dcbd0d5eb8e8c7f16ed15ad74d,2,1,317,202,False,False
r3-pilot,62fc2a11f58ff84c748cd8a90968846c022685dcbd0d5eb8e8c7f16ed15ad74d,2,1,318,202,False,False
r3-pilot,62fc2a11f58ff84c748cd8a90968846c022685dcbd0d5eb8e8c7f16ed15ad74d,2,1,319,202,False,False
r3-pilot,62fc2a11f58ff84c748cd8a90968846c022685dcbd0d5eb8e8c7f16ed15ad74d,2,1,320,202,False,False
r3-pilot,62fc2a11f58ff84c748cd8a90968846c022685dcbd0d5eb8e8c7f16ed15ad74d,2,1,321,202,False,False
r3-pilot,62fc2a11f58ff84c748cd8a90968846c022685dcbd0d5eb8e8c7f16ed15ad74d,2,1,322,202,False,False
r3-pilot,62fc2a11f58ff84c748cd8a90968846c022685dcbd0d5eb8e8c7f16ed15ad74d,2,1,323,202,False,False
r3-pilot,62fc2a11f58ff84c748cd8a90968846c022685dcbd0d5eb8e8c7f16ed15ad74d,2,1,324,202,False,False
r3-pilot,62fc2a11f58ff84c748cd8a90968846c022685dcbd0d5eb8e8c7f16ed15ad74d,2,1,325,202,False,False
r3-pilot,62fc2a11f58ff84c748cd8a90968846c022685dcbd0d5eb8e8c7f16ed15ad74d,2,1,326,202,False,False
r3-pilot,62fc2a11f58ff84c748cd8a90968846c022685dcbd0d5eb8e8c7f16ed15ad74d,2,1,327,202,False,False
r3-pilot,62fc2a11f58ff84c748cd8a90968846c022685dcbd0d5eb8e8c7f16ed15ad74d,2,1,328,202,False,False
r3-pilot,62fc2a11f58ff84c748cd8a90968846c022685dcbd0d5eb8e8c7f16ed15ad74d,2,1,329,202,False,False
r3-pilot,62fc2a11f58ff84c748cd8a90968846c022685dcbd0d5eb8e8c7f16ed15ad74d,2,1,330,202,False,False
r3-pilot,62fc2a11f58ff84c748cd8a90968846c022685dcbd0d5eb8e8c7f16ed15ad74d,2,1,331,202,False,False
r3-pilot,62fc2a11f58ff84c748cd8a90968846c022685dcbd0d5eb8e8c7f16ed15ad74d,2,1,332,202,False,False
r3-pilot,62fc2a11f58ff84c748cd8a90968846c022685dcbd0d5eb8e8c7f16ed15ad74d,2,1,333,202,False,False
r3-pilot,62fc2a11f58ff84c748cd8a90968846c022685dcbd0d5eb8e8c7f16ed15ad74d,2,1,334,202,False,False
r3-pilot,62fc2a11f58ff84c748cd8a90968846c022685dcbd0d5eb8e8c7f16ed15ad74d,2,1,335,202,False,False
r3-pilot,62fc2a11f58ff84c748cd8a90968846c022685dcbd0d5eb8e8c7f16ed15ad74d,2,1,336,202,False,False
r3-pilot,62fc2a11f58ff84c748cd8a90968846c022685dcbd0d5eb8e8c7f16ed15ad74d,2,1,337,202,False,False
r3-pilot,62fc2a11f58ff84c748cd8a90968846c022685dcbd0d5eb8e8c7f16ed15ad74d,2,1,338,202,False,False
r3-pilot,62fc2a11f58ff84c748cd8a90968846c022685dcbd0d5eb8e8c7f16ed15ad74d,2,1,339,202,False,False
r3-pilot,62fc2a11f58ff84c748cd8a90968846c022685dcbd0d5eb8e8c7f16ed15ad74d,2,1,340,202,False,False
r3-pilot,62fc2a11f58ff84c748cd8a90968846c022685dcbd0d5eb8e8c7f16ed15ad74d,2,1,341,202,False,False
r3-pilot,62fc2a11f58ff84c748cd8a90968846c022685dcbd0d5eb8e8c7f16ed15ad74d,2,1,342,202,False,False
r3-pilot,62fc2a11f58ff84c748cd8a90968846c022685dcbd0d5eb8e8c7f16ed15ad74d,2,1,343,202,False,False
r3-pilot,62fc2a11f58ff84c748cd8a90968846c022685dcbd0d5eb8e8c7f16ed15ad74d,2,1,344,202,False,False
r3-pilot,62fc2a11f58ff84c748cd8a90968846c022685dcbd0d5eb8e8c7f16ed15ad74d,2,1,345,202,False,False
r3-pilot,62fc2a11f58ff84c748cd8a90968846c022685dcbd0d5eb8e8c7f16ed15ad74d,2,1,346,202,False,False
r3-pilot,62fc2a11f58ff84c748cd8a90968846c022685dcbd0d5eb8e8c7f16ed15ad74d,2,1,347,202,False,False
r3-pilot,62fc2a11f58ff84c748cd8a90968846c022685dcbd0d5eb8e8c7f16ed15ad74d,2,1,348,202,False,False
r3-pilot,62fc2a11f58ff84c748cd8a90968846c022685dcbd0d5eb8e8c7f16ed15ad74d,2,1,349,202,False,False
r3-pilot,62fc2a11f58ff84c748cd8a90968846c022685dcbd0d5eb8e8c7f16ed15ad74d,2,1,350,202,False,False
r3-pilot,62fc2a11f58ff84c748cd8a90968846c022685dcbd0d5eb8e8c7f16ed15ad74d,2,1,351,202,False,False
r3-pilot,62fc2a11f58ff84c748cd8a90968846c022685dcbd0d5eb8e8c7f16ed15ad74d,2,1,352,202,False,False
r3-pilot,62fc2a11f58ff84c748cd8a90968846c022685dcbd0d5eb8e8c7f16ed15ad74d,2,1,353,202,False,False
r3-pilot,62fc2a11f58ff84c748cd8a90968846c022685dcbd0d5eb8e8c7f16ed15ad74d,2,1,354,202,False,False
r3-pilot,62fc2a11f58ff84c748cd8a90968846c022685dcbd0d5eb8e8c7f16ed15ad74d,2,1,355,202,False,False
r3-pilot,62fc2a11f58ff84c748cd8a90968846c022685dcbd0d5eb8e8c7f16ed15ad74d,2,1,356,202,False,False
r3-pilot,62fc2a11f58ff84c748cd8a90968846c022685dcbd0d5eb8e8c7f16ed15ad74d,2,1,357,202,False,False
r3-pilot,62fc2a11f58ff84c748cd8a90968846c022685dcbd0d5eb8e8c7f16ed15ad74d,2,1,358,202,False,False
r3-pilot,62fc2a11f58ff84c748cd8a90968846c022685dcbd0d5eb8e8c7f16ed15ad74d,2,1,359,202,False,False
r3-pilot,62fc2a11f58ff84c748cd8a90968846c022685dcbd0d5eb8e8c7f16ed15ad74d,2,1,360,202,False,False
r3-pilot,62fc2a11f58ff84c748cd8a90968846c022685dcbd0d5eb8e8c7f16ed15ad74d,2,1,361,202,False,False
r3-pilot,62fc2a11f58ff84c748cd8a90968846c022685dcbd0d5eb8e8c7f16ed15ad74d,2,1,362,202,False,False
r3-pilot,62fc2a11f58ff84c748cd8a90968846c022685dcbd0d5eb8e8c7f16ed15ad74d,2,1,363,202,False,False
r3-pilot,62fc2a11f58ff84c748cd8a90968846c022685dcbd0d5eb8e8c7f16ed15ad74d,2,1,364,202,False,False
r3-pilot,62fc2a11f58ff84c748cd8a90968846c022685dcbd0d5eb8e8c7f16ed15ad74d,2,1,365,202,False,False
r3-pilot,62fc2a11f58ff84c748cd8a90968846c022685dcbd0d5eb8e8c7f16ed15ad74d,2,1,366,202,False,False
r3-pilot,62fc2a11f58ff84c748cd8a90968846c022685dcbd0d5eb8e8c7f16ed15ad74d,2,1,367,202,False,False
r3-pilot,62fc2a11f58ff84c748cd8a90968846c022685dcbd0d5eb8e8c7f16ed15ad74d,2,1,368,202,False,False
r3-pilot,62fc2a11f58ff84c748cd8a90968846c022685dcbd0d5eb8e8c7f16ed15ad74d,2,1,369,202,False,False
r3-pilot,62fc2a11f58ff84c748cd8a90968846c022685dcbd0d5eb8e8c7f16ed15ad74d,2,1,288,203,False,False
r3-pilot,62fc2a11f58ff84c748cd8a90968846c022685dcbd0d5eb8e8c7f16ed15ad74d,2,1,289,203,False,False
r3-pilot,62fc2a11f58ff84c748cd8a90968846c022685dcbd0d5eb8e8c7f16ed15ad74d,2,1,290,203,False,False
r3-pilot,62fc2a11f58ff84c748cd8a90968846c022685dcbd0d5eb8e8c7f16ed15ad74d,2,1,291,203,False,False
r3-pilot,62fc2a11f58ff84c748cd8a90968846c022685dcbd0d5eb8e8c7f16ed15ad74d,2,1,292,203,False,False
r3-pilot,62fc2a11f58ff84c748cd8a90968846c022685dcbd0d5eb8e8c7f16ed15ad74d,2,1,293,203,False,False
r3-pilot,62fc2a11f58ff84c748cd8a90968846c022685dcbd0d5eb8e8c7f16ed15ad74d,2,1,294,203,False,False
r3-pilot,62fc2a11f58ff84c748cd8a90968846c022685dcbd0d5eb8e8c7f16ed15ad74d,2,1,295,203,False,False
r3-pilot,62fc2a11f58ff84c748cd8a90968846c022685dcbd0d5eb8e8c7f16ed15ad74d,2,1,296,203,False,False
r3-pilot,62fc2a11f58ff84c748cd8a90968846c022685dcbd0d5eb8e8c7f16ed15ad74d,2,1,297,203,False,False
r3-pilot,62fc2a11f58ff84c748cd8a90968846c022685dcbd0d5eb8e8c7f16ed15ad74d,2,1,298,203,False,False
r3-pilot,62fc2a11f58ff84c748cd8a90968846c022685dcbd0d5eb8e8c7f16ed15ad74d,2,1,299,203,False,False
r3-pilot,62fc2a11f58ff84c748cd8a90968846c022685dcbd0d5eb8e8c7f16ed15ad74d,2,1,300,203,False,False
r3-pilot,62fc2a11f58ff84c748cd8a90968846c022685dcbd0d5eb8e8c7f16ed15ad74d,2,1,301,203,False,False
r3-pilot,62fc2a11f58ff84c748cd8a90968846c022685dcbd0d5eb8e8c7f16ed15ad74d,2,1,302,203,False,False
r3-pilot,62fc2a11f58ff84c748cd8a90968846c022685dcbd0d5eb8e8c7f16ed15ad74d,2,1,303,203,False,False
r3-pilot,62fc2a11f58ff84c748cd8a90968846c022685dcbd0d5eb8e8c7f16ed15ad74d,2,1,304,203,False,False
r3-pilot,62fc2a11f58ff84c748cd8a90968846c022685dcbd0d5eb8e8c7f16ed15ad74d,2,1,305,203,False,False
r3-pilot,62fc2a11f58ff84c748cd8a90968846c022685dcbd0d5eb8e8c7f16ed15ad74d,2,1,306,203,False,False
r3-pilot,62fc2a11f58ff84c748cd8a90968846c022685dcbd0d5eb8e8c7f16ed15ad74d,2,1,307,203,False,False
r3-pilot,62fc2a11f58ff84c748cd8a90968846c022685dcbd0d5eb8e8c7f16ed15ad74d,2,1,308,203,False,False
r3-pilot,62fc2a11f58ff84c748cd8a90968846c022685dcbd0d5eb8e8c7f16ed15ad74d,2,1,309,203,False,False
r3-pilot,62fc2a11f58ff84c748cd8a90968846c022685dcbd0d5eb8e8c7f16ed15ad74d,2,1,310,203,False,False
r3-pilot,62fc2a11f58ff84c748cd8a90968846c022685dcbd0d5eb8e8c7f16ed15ad74d,2,1,311,203,False,False
r3-pilot,62fc2a11f58ff84c748cd8a90968846c022685dcbd0d5eb8e8c7f16ed15ad74d,2,1,312,203,False,False
r3-pilot,62fc2a11f58ff84c748cd8a90968846c022685dcbd0d5eb8e8c7f16ed15ad74d,2,1,313,203,False,False
r3-pilot,62fc2a11f58ff84c748cd8a90968846c022685dcbd0d5eb8e8c7f16ed15ad74d,2,1,314,203,False,False
r3-pilot,62fc2a11f58ff84c748cd8a90968846c022685dcbd0d5eb8e8c7f16ed15ad74d,2,1,315,203,False,False
r3-pilot,62fc2a11f58ff84c748cd8a90968846c022685dcbd0d5eb8e8c7f16ed15ad74d,2,1,316,203,False,False
r3-pilot,62fc2a11f58ff84c748cd8a90968846c022685dcbd0d5eb8e8c7f16ed15ad74d,2,1,317,203,False,False
r3-pilot,62fc2a11f58ff84c748cd8a90968846c022685dcbd0d5eb8e8c7f16ed15ad74d,2,1,318,203,False,False
r3-pilot,62fc2a11f58ff84c748cd8a90968846c022685dcbd0d5eb8e8c7f16ed15ad74d,2,1,319,203,False,False
r3-pilot,62fc2a11f58ff84c748cd8a90968846c022685dcbd0d5eb8e8c7f16ed15ad74d,2,1,320,203,False,False
r3-pilot,62fc2a11f58ff84c748cd8a90968846c022685dcbd0d5eb8e8c7f16ed15ad74d,2,1,321,203,False,False
r3-pilot,62fc2a11f58ff84c748cd8a90968846c022685dcbd0d5eb8e8c7f16ed15ad74d,2,1,322,203,False,False
r3-pilot,62fc2a11f58ff84c748cd8a90968846c022685dcbd0d5eb8e8c7f16ed15ad74d,2,1,323,203,False,False
r3-pilot,62fc2a11f58ff84c748cd8a90968846c022685dcbd0d5eb8e8c7f16ed15ad74d,2,1,324,203,False,False
r3-pilot,62fc2a11f58ff84c748cd8a90968846c022685dcbd0d5eb8e8c7f16ed15ad74d,2,1,325,203,False,False
r3-pilot,62fc2a11f58ff84c748cd8a90968846c022685dcbd0d5eb8e8c7f16ed15ad74d,2,1,326,203,False,False
r3-pilot,62fc2a11f58ff84c748cd8a90968846c022685dcbd0d5eb8e8c7f16ed15ad74d,2,1,327,203,False,False
r3-pilot,62fc2a11f58ff84c748cd8a90968846c022685dcbd0d5eb8e8c7f16ed15ad74d,2,1,328,203,False,False
r3-pilot,62fc2a11f58ff84c748cd8a90968846c022685dcbd0d5eb8e8c7f16ed15ad74d,2,1,329,203,False,False
r3-pilot,62fc2a11f58ff84c748cd8a90968846c022685dcbd0d5eb8e8c7f16ed15ad74d,2,1,330,203,False,False
r3-pilot,62fc2a11f58ff84c748cd8a90968846c022685dcbd0d5eb8e8c7f16ed15ad74d,2,1,331,203,False,False
r3-pilot,62fc2a11f58ff84c748cd8a90968846c022685dcbd0d5eb8e8c7f16ed15ad74d,2,1,332,203,False,False
r3-pilot,62fc2a11f58ff84c748cd8a90968846c022685dcbd0d5eb8e8c7f16ed15ad74d,2,1,333,203,False,False
r3-pilot,62fc2a11f58ff84c748cd8a90968846c022685dcbd0d5eb8e8c7f16ed15ad74d,2,1,334,203,False,False
r3-pilot,62fc2a11f58ff84c748cd8a90968846c022685dcbd0d5eb8e8c7f16ed15ad74d,2,1,335,203,False,False
r3-pilot,62fc2a11f58ff84c748cd8a90968846c022685dcbd0d5eb8e8c7f16ed15ad74d,2,1,336,203,False,False
r3-pilot,62fc2a11f58ff84c748cd8a90968846c022685dcbd0d5eb8e8c7f16ed15ad74d,2,1,337,203,False,False
r3-pilot,62fc2a11f58ff84c748cd8a90968846c022685dcbd0d5eb8e8c7f16ed15ad74d,2,1,338,203,False,False
r3-pilot,62fc2a11f58ff84c748cd8a90968846c022685dcbd0d5eb8e8c7f16ed15ad74d,2,1,339,203,False,False
r3-pilot,62fc2a11f58ff84c748cd8a90968846c022685dcbd0d5eb8e8c7f16ed15ad74d,2,1,340,203,False,False
r3-pilot,62fc2a11f58ff84c748cd8a90968846c022685dcbd0d5eb8e8c7f16ed15ad74d,2,1,341,203,False,False
r3-pilot,62fc2a11f58ff84c748cd8a90968846c022685dcbd0d5eb8e8c7f16ed15ad74d,2,1,342,203,False,False
r3-pilot,62fc2a11f58ff84c748cd8a90968846c022685dcbd0d5eb8e8c7f16ed15ad74d,2,1,343,203,False,False
r3-pilot,62fc2a11f58ff84c748cd8a90968846c022685dcbd0d5eb8e8c7f16ed15ad74d,2,1,344,203,False,False
r3-pilot,62fc2a11f58ff84c748cd8a90968846c022685dcbd0d5eb8e8c7f16ed15ad74d,2,1,345,203,False,False
r3-pilot,62fc2a11f58ff84c748cd8a90968846c022685dcbd0d5eb8e8c7f16ed15ad74d,2,1,346,203,False,False
r3-pilot,62fc2a11f58ff84c748cd8a90968846c022685dcbd0d5eb8e8c7f16ed15ad74d,2,1,347,203,False,False
r3-pilot,62fc2a11f58ff84c748cd8a90968846c022685dcbd0d5eb8e8c7f16ed15ad74d,2,1,348,203,False,False
r3-pilot,62fc2a11f58ff84c748cd8a90968846c022685dcbd0d5eb8e8c7f16ed15ad74d,2,1,349,203,False,False
r3-pilot,62fc2a11f58ff84c748cd8a90968846c022685dcbd0d5eb8e8c7f16ed15ad74d,2,1,350,203,False,False
r3-pilot,62fc2a11f58ff84c748cd8a90968846c022685dcbd0d5eb8e8c7f16ed15ad74d,2,1,351,203,False,False
r3-pilot,62fc2a11f58ff84c748cd8a90968846c022685dcbd0d5eb8e8c7f16ed15ad74d,2,1,352,203,False,False
r3-pilot,62fc2a11f58ff84c748cd8a90968846c022685dcbd0d5eb8e8c7f16ed15ad74d,2,1,353,203,False,False
r3-pilot,62fc2a11f58ff84c748cd8a90968846c022685dcbd0d5eb8e8c7f16ed15ad74d,2,1,354,203,False,False
r3-pilot,62fc2a11f58ff84c748cd8a90968846c022685dcbd0d5eb8e8c7f16ed15ad74d,2,1,355,203,False,False
r3-pilot,62fc2a11f58ff84c748cd8a90968846c022685dcbd0d5eb8e8c7f16ed15ad74d,2,1,356,203,False,False
r3-pilot,62fc2a11f58ff84c748cd8a90968846c022685dcbd0d5eb8e8c7f16ed15ad74d,2,1,357,203,False,False
r3-pilot,62fc2a11f58ff84c748cd8a90968846c022685dcbd0d5eb8e8c7f16ed15ad74d,2,1,358,203,False,False
r3-pilot,62fc2a11f58ff84c748cd8a90968846c022685dcbd0d5eb8e8c7f16ed15ad74d,2,1,359,203,False,False
r3-pilot,62fc2a11f58ff84c748cd8a90968846c022685dcbd0d5eb8e8c7f16ed15ad74d,2,1,360,203,False,False
r3-pilot,62fc2a11f58ff84c748cd8a90968846c022685dcbd0d5eb8e8c7f16ed15ad74d,2,1,361,203,False,False
r3-pilot,62fc2a11f58ff84c748cd8a90968846c022685dcbd0d5eb8e8c7f16ed15ad74d,2,1,362,203,False,False
r3-pilot,62fc2a11f58ff84c748cd8a90968846c022685dcbd0d5eb8e8c7f16ed15ad74d,2,1,363,203,False,False
r3-pilot,62fc2a11f58ff84c748cd8a90968846c022685dcbd0d5eb8e8c7f16ed15ad74d,2,1,364,203,False,False
r3-pilot,62fc2a11f58ff84c748cd8a90968846c022685dcbd0d5eb8e8c7f16ed15ad74d,2,1,365,203,False,False
r3-pilot,62fc2a11f58ff84c748cd8a90968846c022685dcbd0d5eb8e8c7f16ed15ad74d,2,1,366,203,False,False
r3-pilot,62fc2a11f58ff84c748cd8a90968846c022685dcbd0d5eb8e8c7f16ed15ad74d,2,1,367,203,False,False
r3-pilot,62fc2a11f58ff84c748cd8a90968846c022685dcbd0d5eb8e8c7f16ed15ad74d,2,1,368,203,False,False
r3-pilot,62fc2a11f58ff84c748cd8a90968846c022685dcbd0d5eb8e8c7f16ed15ad74d,2,1,369,203,False,False
r3-pilot,62fc2a11f58ff84c748cd8a90968846c022685dcbd0d5eb8e8c7f16ed15ad74d,2,1,370,203,False,False
r3-pilot,62fc2a11f58ff84c748cd8a90968846c022685dcbd0d5eb8e8c7f16ed15ad74d,2,1,289,204,False,False
r3-pilot,62fc2a11f58ff84c748cd8a90968846c022685dcbd0d5eb8e8c7f16ed15ad74d,2,1,290,204,False,False
r3-pilot,62fc2a11f58ff84c748cd8a90968846c022685dcbd0d5eb8e8c7f16ed15ad74d,2,1,291,204,False,False
r3-pilot,62fc2a11f58ff84c748cd8a90968846c022685dcbd0d5eb8e8c7f16ed15ad74d,2,1,292,204,False,False
r3-pilot,62fc2a11f58ff84c748cd8a90968846c022685dcbd0d5eb8e8c7f16ed15ad74d,2,1,293,204,False,False
r3-pilot,62fc2a11f58ff84c748cd8a90968846c022685dcbd0d5eb8e8c7f16ed15ad74d,2,1,294,204,False,False
r3-pilot,62fc2a11f58ff84c748cd8a90968846c022685dcbd0d5eb8e8c7f16ed15ad74d,2,1,295,204,False,False
r3-pilot,62fc2a11f58ff84c748cd8a90968846c022685dcbd0d5eb8e8c7f16ed15ad74d,2,1,296,204,False,False
r3-pilot,62fc2a11f58ff84c748cd8a90968846c022685dcbd0d5eb8e8c7f16ed15ad74d,2,1,297,204,False,False
r3-pilot,62fc2a11f58ff84c748cd8a90968846c022685dcbd0d5eb8e8c7f16ed15ad74d,2,1,298,204,False,False
r3-pilot,62fc2a11f58ff84c748cd8a90968846c022685dcbd0d5eb8e8c7f16ed15ad74d,2,1,299,204,False,False
r3-pilot,62fc2a11f58ff84c748cd8a90968846c022685dcbd0d5eb8e8c7f16ed15ad74d,2,1,300,204,False,False
r3-pilot,62fc2a11f58ff84c748cd8a90968846c022685dcbd0d5eb8e8c7f16ed15ad74d,2,1,301,204,False,False
r3-pilot,62fc2a11f58ff84c748cd8a90968846c022685dcbd0d5eb8e8c7f16ed15ad74d,2,1,302,204,False,False
r3-pilot,62fc2a11f58ff84c748cd8a90968846c022685dcbd0d5eb8e8c7f16ed15ad74d,2,1,303,204,False,False
r3-pilot,62fc2a11f58ff84c748cd8a90968846c022685dcbd0d5eb8e8c7f16ed15ad74d,2,1,304,204,False,False
r3-pilot,62fc2a11f58ff84c748cd8a90968846c022685dcbd0d5eb8e8c7f16ed15ad74d,2,1,305,204,False,False
r3-pilot,62fc2a11f58ff84c748cd8a90968846c022685dcbd0d5eb8e8c7f16ed15ad74d,2,1,306,204,False,False
r3-pilot,62fc2a11f58ff84c748cd8a90968846c022685dcbd0d5eb8e8c7f16ed15ad74d,2,1,307,204,False,False
r3-pilot,62fc2a11f58ff84c748cd8a90968846c022685dcbd0d5eb8e8c7f16ed15ad74d,2,1,308,204,False,False
r3-pilot,62fc2a11f58ff84c748cd8a90968846c022685dcbd0d5eb8e8c7f16ed15ad74d,2,1,309,204,False,False
r3-pilot,62fc2a11f58ff84c748cd8a90968846c022685dcbd0d5eb8e8c7f16ed15ad74d,2,1,310,204,False,False
r3-pilot,62fc2a11f58ff84c748cd8a90968846c022685dcbd0d5eb8e8c7f16ed15ad74d,2,1,311,204,False,False
r3-pilot,62fc2a11f58ff84c748cd8a90968846c022685dcbd0d5eb8e8c7f16ed15ad74d,2,1,312,204,False,False
r3-pilot,62fc2a11f58ff84c748cd8a90968846c022685dcbd0d5eb8e8c7f16ed15ad74d,2,1,313,204,False,False
r3-pilot,62fc2a11f58ff84c748cd8a90968846c022685dcbd0d5eb8e8c7f16ed15ad74d,2,1,314,204,False,False
r3-pilot,62fc2a11f58ff84c748cd8a90968846c022685dcbd0d5eb8e8c7f16ed15ad74d,2,1,315,204,False,False
r3-pilot,62fc2a11f58ff84c748cd8a90968846c022685dcbd0d5eb8e8c7f16ed15ad74d,2,1,316,204,False,False
r3-pilot,62fc2a11f58ff84c748cd8a90968846c022685dcbd0d5eb8e8c7f16ed15ad74d,2,1,317,204,False,False
r3-pilot,62fc2a11f58ff84c748cd8a90968846c022685dcbd0d5eb8e8c7f16ed15ad74d,2,1,318,204,False,False
r3-pilot,62fc2a11f58ff84c748cd8a90968846c022685dcbd0d5eb8e8c7f16ed15ad74d,2,1,319,204,False,False
r3-pilot,62fc2a11f58ff84c748cd8a90968846c022685dcbd0d5eb8e8c7f16ed15ad74d,2,1,320,204,False,False
r3-pilot,62fc2a11f58ff84c748cd8a90968846c022685dcbd0d5eb8e8c7f16ed15ad74d,2,1,321,204,False,False
r3-pilot,62fc2a11f58ff84c748cd8a90968846c022685dcbd0d5eb8e8c7f16ed15ad74d,2,1,322,204,False,False
r3-pilot,62fc2a11f58ff84c748cd8a90968846c022685dcbd0d5eb8e8c7f16ed15ad74d,2,1,323,204,False,False
r3-pilot,62fc2a11f58ff84c748cd8a90968846c022685dcbd0d5eb8e8c7f16ed15ad74d,2,1,324,204,False,False
r3-pilot,62fc2a11f58ff84c748cd8a90968846c022685dcbd0d5eb8e8c7f16ed15ad74d,2,1,325,204,False,False
r3-pilot,62fc2a11f58ff84c748cd8a90968846c022685dcbd0d5eb8e8c7f16ed15ad74d,2,1,326,204,False,False
r3-pilot,62fc2a11f58ff84c748cd8a90968846c022685dcbd0d5eb8e8c7f16ed15ad74d,2,1,327,204,False,False
r3-pilot,62fc2a11f58ff84c748cd8a90968846c022685dcbd0d5eb8e8c7f16ed15ad74d,2,1,328,204,False,False
r3-pilot,62fc2a11f58ff84c748cd8a90968846c022685dcbd0d5eb8e8c7f16ed15ad74d,2,1,329,204,False,False
r3-pilot,62fc2a11f58ff84c748cd8a90968846c022685dcbd0d5eb8e8c7f16ed15ad74d,2,1,330,204,False,False
r3-pilot,62fc2a11f58ff84c748cd8a90968846c022685dcbd0d5eb8e8c7f16ed15ad74d,2,1,331,204,False,False
r3-pilot,62fc2a11f58ff84c748cd8a90968846c022685dcbd0d5eb8e8c7f16ed15ad74d,2,1,332,204,False,False
r3-pilot,62fc2a11f58ff84c748cd8a90968846c022685dcbd0d5eb8e8c7f16ed15ad74d,2,1,333,204,False,False
r3-pilot,62fc2a11f58ff84c748cd8a90968846c022685dcbd0d5eb8e8c7f16ed15ad74d,2,1,334,204,False,False
r3-pilot,62fc2a11f58ff84c748cd8a90968846c022685dcbd0d5eb8e8c7f16ed15ad74d,2,1,335,204,False,False
r3-pilot,62fc2a11f58ff84c748cd8a90968846c022685dcbd0d5eb8e8c7f16ed15ad74d,2,1,336,204,False,False
r3-pilot,62fc2a11f58ff84c748cd8a90968846c022685dcbd0d5eb8e8c7f16ed15ad74d,2,1,337,204,False,False
r3-pilot,62fc2a11f58ff84c748cd8a90968846c022685dcbd0d5eb8e8c7f16ed15ad74d,2,1,338,204,False,False
r3-pilot,62fc2a11f58ff84c748cd8a90968846c022685dcbd0d5eb8e8c7f16ed15ad74d,2,1,339,204,False,False
r3-pilot,62fc2a11f58ff84c748cd8a90968846c022685dcbd0d5eb8e8c7f16ed15ad74d,2,1,340,204,False,False
r3-pilot,62fc2a11f58ff84c748cd8a90968846c022685dcbd0d5eb8e8c7f16ed15ad74d,2,1,341,204,False,False
r3-pilot,62fc2a11f58ff84c748cd8a90968846c022685dcbd0d5eb8e8c7f16ed15ad74d,2,1,342,204,False,False
r3-pilot,62fc2a11f58ff84c748cd8a90968846c022685dcbd0d5eb8e8c7f16ed15ad74d,2,1,343,204,False,False
r3-pilot,62fc2a11f58ff84c748cd8a90968846c022685dcbd0d5eb8e8c7f16ed15ad74d,2,1,344,204,False,False
r3-pilot,62fc2a11f58ff84c748cd8a90968846c022685dcbd0d5eb8e8c7f16ed15ad74d,2,1,345,204,False,False
r3-pilot,62fc2a11f58ff84c748cd8a90968846c022685dcbd0d5eb8e8c7f16ed15ad74d,2,1,346,204,False,False
r3-pilot,62fc2a11f58ff84c748cd8a90968846c022685dcbd0d5eb8e8c7f16ed15ad74d,2,1,347,204,False,False
r3-pilot,62fc2a11f58ff84c748cd8a90968846c022685dcbd0d5eb8e8c7f16ed15ad74d,2,1,348,204,False,False
r3-pilot,62fc2a11f58ff84c748cd8a90968846c022685dcbd0d5eb8e8c7f16ed15ad74d,2,1,349,204,False,False
r3-pilot,62fc2a11f58ff84c748cd8a90968846c022685dcbd0d5eb8e8c7f16ed15ad74d,2,1,350,204,False,False
r3-pilot,62fc2a11f58ff84c748cd8a90968846c022685dcbd0d5eb8e8c7f16ed15ad74d,2,1,351,204,False,False
r3-pilot,62fc2a11f58ff84c748cd8a90968846c022685dcbd0d5eb8e8c7f16ed15ad74d,2,1,352,204,False,False
r3-pilot,62fc2a11f58ff84c748cd8a90968846c022685dcbd0d5eb8e8c7f16ed15ad74d,2,1,353,204,False,False
r3-pilot,62fc2a11f58ff84c748cd8a90968846c022685dcbd0d5eb8e8c7f16ed15ad74d,2,1,354,204,False,False
r3-pilot,62fc2a11f58ff84c748cd8a90968846c022685dcbd0d5eb8e8c7f16ed15ad74d,2,1,355,204,False,False
r3-pilot,62fc2a11f58ff84c748cd8a90968846c022685dcbd0d5eb8e8c7f16ed15ad74d,2,1,356,204,False,False
r3-pilot,62fc2a11f58ff84c748cd8a90968846c022685dcbd0d5eb8e8c7f16ed15ad74d,2,1,357,204,False,False
r3-pilot,62fc2a11f58ff84c748cd8a90968846c022685dcbd0d5eb8e8c7f16ed15ad74d,2,1,358,204,False,False
r3-pilot,62fc2a11f58ff84c748cd8a90968846c022685dcbd0d5eb8e8c7f16ed15ad74d,2,1,359,204,False,False
r3-pilot,62fc2a11f58ff84c748cd8a90968846c022685dcbd0d5eb8e8c7f16ed15ad74d,2,1,360,204,False,False
r3-pilot,62fc2a11f58ff84c748cd8a90968846c022685dcbd0d5eb8e8c7f16ed15ad74d,2,1,361,204,False,False
r3-pilot,62fc2a11f58ff84c748cd8a90968846c022685dcbd0d5eb8e8c7f16ed15ad74d,2,1,362,204,False,False
r3-pilot,62fc2a11f58ff84c748cd8a90968846c022685dcbd0d5eb8e8c7f16ed15ad74d,2,1,363,204,False,False
r3-pilot,62fc2a11f58ff84c748cd8a90968846c022685dcbd0d5eb8e8c7f16ed15ad74d,2,1,364,204,False,False
r3-pilot,62fc2a11f58ff84c748cd8a90968846c022685dcbd0d5eb8e8c7f16ed15ad74d,2,1,365,204,False,False
r3-pilot,62fc2a11f58ff84c748cd8a90968846c022685dcbd0d5eb8e8c7f16ed15ad74d,2,1,366,204,False,False
r3-pilot,62fc2a11f58ff84c748cd8a90968846c022685dcbd0d5eb8e8c7f16ed15ad74d,2,1,367,204,False,False
r3-pilot,62fc2a11f58ff84c748cd8a90968846c022685dcbd0d5eb8e8c7f16ed15ad74d,2,1,368,204,False,False
r3-pilot,62fc2a11f58ff84c748cd8a90968846c022685dcbd0d5eb8e8c7f16ed15ad74d,2,1,369,204,False,False
r3-pilot,62fc2a11f58ff84c748cd8a90968846c022685dcbd0d5eb8e8c7f16ed15ad74d,2,1,370,204,False,False
r3-pilot,62fc2a11f58ff84c748cd8a90968846c022685dcbd0d5eb8e8c7f16ed15ad74d,2,1,289,205,False,False
r3-pilot,62fc2a11f58ff84c748cd8a90968846c022685dcbd0d5eb8e8c7f16ed15ad74d,2,1,290,205,False,False
r3-pilot,62fc2a11f58ff84c748cd8a90968846c022685dcbd0d5eb8e8c7f16ed15ad74d,2,1,291,205,False,False
r3-pilot,62fc2a11f58ff84c748cd8a90968846c022685dcbd0d5eb8e8c7f16ed15ad74d,2,1,292,205,False,False
r3-pilot,62fc2a11f58ff84c748cd8a90968846c022685dcbd0d5eb8e8c7f16ed15ad74d,2,1,293,205,False,False
r3-pilot,62fc2a11f58ff84c748cd8a90968846c022685dcbd0d5eb8e8c7f16ed15ad74d,2,1,294,205,False,False
r3-pilot,62fc2a11f58ff84c748cd8a90968846c022685dcbd0d5eb8e8c7f16ed15ad74d,2,1,295,205,False,False
r3-pilot,62fc2a11f58ff84c748cd8a90968846c022685dcbd0d5eb8e8c7f16ed15ad74d,2,1,296,205,False,False
r3-pilot,62fc2a11f58ff84c748cd8a90968846c022685dcbd0d5eb8e8c7f16ed15ad74d,2,1,297,205,False,False
r3-pilot,62fc2a11f58ff84c748cd8a90968846c022685dcbd0d5eb8e8c7f16ed15ad74d,2,1,298,205,False,False
r3-pilot,62fc2a11f58ff84c748cd8a90968846c022685dcbd0d5eb8e8c7f16ed15ad74d,2,1,299,205,False,False
r3-pilot,62fc2a11f58ff84c748cd8a90968846c022685dcbd0d5eb8e8c7f16ed15ad74d,2,1,300,205,False,False
r3-pilot,62fc2a11f58ff84c748cd8a90968846c022685dcbd0d5eb8e8c7f16ed15ad74d,2,1,301,205,False,False
r3-pilot,62fc2a11f58ff84c748cd8a90968846c022685dcbd0d5eb8e8c7f16ed15ad74d,2,1,302,205,False,False
r3-pilot,62fc2a11f58ff84c748cd8a90968846c022685dcbd0d5eb8e8c7f16ed15ad74d,2,1,303,205,False,False
r3-pilot,62fc2a11f58ff84c748cd8a90968846c022685dcbd0d5eb8e8c7f16ed15ad74d,2,1,304,205,False,False
r3-pilot,62fc2a11f58ff84c748cd8a90968846c022685dcbd0d5eb8e8c7f16ed15ad74d,2,1,305,205,False,False
r3-pilot,62fc2a11f58ff84c748cd8a90968846c022685dcbd0d5eb8e8c7f16ed15ad74d,2,1,306,205,False,False
r3-pilot,62fc2a11f58ff84c748cd8a90968846c022685dcbd0d5eb8e8c7f16ed15ad74d,2,1,307,205,False,False
r3-pilot,62fc2a11f58ff84c748cd8a90968846c022685dcbd0d5eb8e8c7f16ed15ad74d,2,1,308,205,False,False
r3-pilot,62fc2a11f58ff84c748cd8a90968846c022685dcbd0d5eb8e8c7f16ed15ad74d,2,1,309,205,False,False
r3-pilot,62fc2a11f58ff84c748cd8a90968846c022685dcbd0d5eb8e8c7f16ed15ad74d,2,1,310,205,False,False
r3-pilot,62fc2a11f58ff84c748cd8a90968846c022685dcbd0d5eb8e8c7f16ed15ad74d,2,1,311,205,False,False
r3-pilot,62fc2a11f58ff84c748cd8a90968846c022685dcbd0d5eb8e8c7f16ed15ad74d,2,1,312,205,False,False
r3-pilot,62fc2a11f58ff84c748cd8a90968846c022685dcbd0d5eb8e8c7f16ed15ad74d,2,1,313,205,False,False
r3-pilot,62fc2a11f58ff84c748cd8a90968846c022685dcbd0d5eb8e8c7f16ed15ad74d,2,1,314,205,False,False
r3-pilot,62fc2a11f58ff84c748cd8a90968846c022685dcbd0d5eb8e8c7f16ed15ad74d,2,1,315,205,False,False
r3-pilot,62fc2a11f58ff84c748cd8a90968846c022685dcbd0d5eb8e8c7f16ed15ad74d,2,1,316,205,False,False
r3-pilot,62fc2a11f58ff84c748cd8a90968846c022685dcbd0d5eb8e8c7f16ed15ad74d,2,1,317,205,False,False
r3-pilot,62fc2a11f58ff84c748cd8a90968846c022685dcbd0d5eb8e8c7f16ed15ad74d,2,1,318,205,False,False
r3-pilot,62fc2a11f58ff84c748cd8a90968846c022685dcbd0d5eb8e8c7f16ed15ad74d,2,1,319,205,False,False
r3-pilot,62fc2a11f58ff84c748cd8a90968846c022685dcbd0d5eb8e8c7f16ed15ad74d,2,1,320,205,False,False
r3-pilot,62fc2a11f58ff84c748cd8a90968846c022685dcbd0d5eb8e8c7f16ed15ad74d,2,1,321,205,False,False
r3-pilot,62fc2a11f58ff84c748cd8a90968846c022685dcbd0d5eb8e8c7f16ed15ad74d,2,1,322,205,False,False
r3-pilot,62fc2a11f58ff84c748cd8a90968846c022685dcbd0d5eb8e8c7f16ed15ad74d,2,1,323,205,False,False
r3-pilot,62fc2a11f58ff84c748cd8a90968846c022685dcbd0d5eb8e8c7f16ed15ad74d,2,1,324,205,False,False
r3-pilot,62fc2a11f58ff84c748cd8a90968846c022685dcbd0d5eb8e8c7f16ed15ad74d,2,1,325,205,False,False
r3-pilot,62fc2a11f58ff84c748cd8a90968846c022685dcbd0d5eb8e8c7f16ed15ad74d,2,1,326,205,False,False
r3-pilot,62fc2a11f58ff84c748cd8a90968846c022685dcbd0d5eb8e8c7f16ed15ad74d,2,1,327,205,False,False
r3-pilot,62fc2a11f58ff84c748cd8a90968846c022685dcbd0d5eb8e8c7f16ed15ad74d,2,1,328,205,False,False
r3-pilot,62fc2a11f58ff84c748cd8a90968846c022685dcbd0d5eb8e8c7f16ed15ad74d,2,1,329,205,False,False
r3-pilot,62fc2a11f58ff84c748cd8a90968846c022685dcbd0d5eb8e8c7f16ed15ad74d,2,1,330,205,False,False
r3-pilot,62fc2a11f58ff84c748cd8a90968846c022685dcbd0d5eb8e8c7f16ed15ad74d,2,1,331,205,False,False
r3-pilot,62fc2a11f58ff84c748cd8a90968846c022685dcbd0d5eb8e8c7f16ed15ad74d,2,1,332,205,False,False
r3-pilot,62fc2a11f58ff84c748cd8a90968846c022685dcbd0d5eb8e8c7f16ed15ad74d,2,1,333,205,False,False
r3-pilot,62fc2a11f58ff84c748cd8a90968846c022685dcbd0d5eb8e8c7f16ed15ad74d,2,1,334,205,False,False
r3-pilot,62fc2a11f58ff84c748cd8a90968846c022685dcbd0d5eb8e8c7f16ed15ad74d,2,1,335,205,False,False
r3-pilot,62fc2a11f58ff84c748cd8a90968846c022685dcbd0d5eb8e8c7f16ed15ad74d,2,1,336,205,False,False
r3-pilot,62fc2a11f58ff84c748cd8a90968846c022685dcbd0d5eb8e8c7f16ed15ad74d,2,1,337,205,False,False
r3-pilot,62fc2a11f58ff84c748cd8a90968846c022685dcbd0d5eb8e8c7f16ed15ad74d,2,1,338,205,False,False
r3-pilot,62fc2a11f58ff84c748cd8a90968846c022685dcbd0d5eb8e8c7f16ed15ad74d,2,1,339,205,False,False
r3-pilot,62fc2a11f58ff84c748cd8a90968846c022685dcbd0d5eb8e8c7f16ed15ad74d,2,1,340,205,False,False
r3-pilot,62fc2a11f58ff84c748cd8a90968846c022685dcbd0d5eb8e8c7f16ed15ad74d,2,1,341,205,False,False
r3-pilot,62fc2a11f58ff84c748cd8a90968846c022685dcbd0d5eb8e8c7f16ed15ad74d,2,1,342,205,False,False
r3-pilot,62fc2a11f58ff84c748cd8a90968846c022685dcbd0d5eb8e8c7f16ed15ad74d,2,1,343,205,False,False
r3-pilot,62fc2a11f58ff84c748cd8a90968846c022685dcbd0d5eb8e8c7f16ed15ad74d,2,1,344,205,False,False
r3-pilot,62fc2a11f58ff84c748cd8a90968846c022685dcbd0d5eb8e8c7f16ed15ad74d,2,1,345,205,False,False
r3-pilot,62fc2a11f58ff84c748cd8a90968846c022685dcbd0d5eb8e8c7f16ed15ad74d,2,1,346,205,False,False
r3-pilot,62fc2a11f58ff84c748cd8a90968846c022685dcbd0d5eb8e8c7f16ed15ad74d,2,1,347,205,False,False
r3-pilot,62fc2a11f58ff84c748cd8a90968846c022685dcbd0d5eb8e8c7f16ed15ad74d,2,1,348,205,False,False
r3-pilot,62fc2a11f58ff84c748cd8a90968846c022685dcbd0d5eb8e8c7f16ed15ad74d,2,1,349,205,False,False
r3-pilot,62fc2a11f58ff84c748cd8a90968846c022685dcbd0d5eb8e8c7f16ed15ad74d,2,1,350,205,False,False
r3-pilot,62fc2a11f58ff84c748cd8a90968846c022685dcbd0d5eb8e8c7f16ed15ad74d,2,1,351,205,False,False
r3-pilot,62fc2a11f58ff84c748cd8a90968846c022685dcbd0d5eb8e8c7f16ed15ad74d,2,1,352,205,False,False
r3-pilot,62fc2a11f58ff84c748cd8a90968846c022685dcbd0d5eb8e8c7f16ed15ad74d,2,1,353,205,False,False
r3-pilot,62fc2a11f58ff84c748cd8a90968846c022685dcbd0d5eb8e8c7f16ed15ad74d,2,1,354,205,False,False
r3-pilot,62fc2a11f58ff84c748cd8a90968846c022685dcbd0d5eb8e8c7f16ed15ad74d,2,1,355,205,False,False
r3-pilot,62fc2a11f58ff84c748cd8a90968846c022685dcbd0d5eb8e8c7f16ed15ad74d,2,1,356,205,False,False
r3-pilot,62fc2a11f58ff84c748cd8a90968846c022685dcbd0d5eb8e8c7f16ed15ad74d,2,1,357,205,False,False
r3-pilot,62fc2a11f58ff84c748cd8a90968846c022685dcbd0d5eb8e8c7f16ed15ad74d,2,1,358,205,False,False
r3-pilot,62fc2a11f58ff84c748cd8a90968846c022685dcbd0d5eb8e8c7f16ed15ad74d,2,1,359,205,False,False
r3-pilot,62fc2a11f58ff84c748cd8a90968846c022685dcbd0d5eb8e8c7f16ed15ad74d,2,1,360,205,False,False
r3-pilot,62fc2a11f58ff84c748cd8a90968846c022685dcbd0d5eb8e8c7f16ed15ad74d,2,1,361,205,False,False
r3-pilot,62fc2a11f58ff84c748cd8a90968846c022685dcbd0d5eb8e8c7f16ed15ad74d,2,1,362,205,False,False
r3-pilot,62fc2a11f58ff84c748cd8a90968846c022685dcbd0d5eb8e8c7f16ed15ad74d,2,1,363,205,False,False
r3-pilot,62fc2a11f58ff84c748cd8a90968846c022685dcbd0d5eb8e8c7f16ed15ad74d,2,1,364,205,False,False
r3-pilot,62fc2a11f58ff84c748cd8a90968846c022685dcbd0d5eb8e8c7f16ed15ad74d,2,1,365,205,False,False
r3-pilot,62fc2a11f58ff84c748cd8a90968846c022685dcbd0d5eb8e8c7f16ed15ad74d,2,1,366,205,False,False
r3-pilot,62fc2a11f58ff84c748cd8a90968846c022685dcbd0d5eb8e8c7f16ed15ad74d,2,1,367,205,False,False
r3-pilot,62fc2a11f58ff84c748cd8a90968846c022685dcbd0d5eb8e8c7f16ed15ad74d,2,1,368,205,False,False
r3-pilot,62fc2a11f58ff84c748cd8a90968846c022685dcbd0d5eb8e8c7f16ed15ad74d,2,1,369,205,False,False
r3-pilot,62fc2a11f58ff84c748cd8a90968846c022685dcbd0d5eb8e8c7f16ed15ad74d,2,1,370,205,False,False
r3-pilot,62fc2a11f58ff84c748cd8a90968846c022685dcbd0d5eb8e8c7f16ed15ad74d,2,1,288,206,False,False
r3-pilot,62fc2a11f58ff84c748cd8a90968846c022685dcbd0d5eb8e8c7f16ed15ad74d,2,1,289,206,False,False
r3-pilot,62fc2a11f58ff84c748cd8a90968846c022685dcbd0d5eb8e8c7f16ed15ad74d,2,1,290,206,False,False
r3-pilot,62fc2a11f58ff84c748cd8a90968846c022685dcbd0d5eb8e8c7f16ed15ad74d,2,1,291,206,False,False
r3-pilot,62fc2a11f58ff84c748cd8a90968846c022685dcbd0d5eb8e8c7f16ed15ad74d,2,1,292,206,False,False
r3-pilot,62fc2a11f58ff84c748cd8a90968846c022685dcbd0d5eb8e8c7f16ed15ad74d,2,1,293,206,False,False
r3-pilot,62fc2a11f58ff84c748cd8a90968846c022685dcbd0d5eb8e8c7f16ed15ad74d,2,1,294,206,False,False
r3-pilot,62fc2a11f58ff84c748cd8a90968846c022685dcbd0d5eb8e8c7f16ed15ad74d,2,1,295,206,False,False
r3-pilot,62fc2a11f58ff84c748cd8a90968846c022685dcbd0d5eb8e8c7f16ed15ad74d,2,1,296,206,False,False
r3-pilot,62fc2a11f58ff84c748cd8a90968846c022685dcbd0d5eb8e8c7f16ed15ad74d,2,1,297,206,False,False
r3-pilot,62fc2a11f58ff84c748cd8a90968846c022685dcbd0d5eb8e8c7f16ed15ad74d,2,1,298,206,False,False
r3-pilot,62fc2a11f58ff84c748cd8a90968846c022685dcbd0d5eb8e8c7f16ed15ad74d,2,1,299,206,False,False
r3-pilot,62fc2a11f58ff84c748cd8a90968846c022685dcbd0d5eb8e8c7f16ed15ad74d,2,1,300,206,False,False
r3-pilot,62fc2a11f58ff84c748cd8a90968846c022685dcbd0d5eb8e8c7f16ed15ad74d,2,1,301,206,False,False
r3-pilot,62fc2a11f58ff84c748cd8a90968846c022685dcbd0d5eb8e8c7f16ed15ad74d,2,1,302,206,False,False
r3-pilot,62fc2a11f58ff84c748cd8a90968846c022685dcbd0d5eb8e8c7f16ed15ad74d,2,1,303,206,False,False
r3-pilot,62fc2a11f58ff84c748cd8a90968846c022685dcbd0d5eb8e8c7f16ed15ad74d,2,1,304,206,False,False
r3-pilot,62fc2a11f58ff84c748cd8a90968846c022685dcbd0d5eb8e8c7f16ed15ad74d,2,1,305,206,False,False
r3-pilot,62fc2a11f58ff84c748cd8a90968846c022685dcbd0d5eb8e8c7f16ed15ad74d,2,1,306,206,False,False
r3-pilot,62fc2a11f58ff84c748cd8a90968846c022685dcbd0d5eb8e8c7f16ed15ad74d,2,1,307,206,False,False
r3-pilot,62fc2a11f58ff84c748cd8a90968846c022685dcbd0d5eb8e8c7f16ed15ad74d,2,1,308,206,False,False
r3-pilot,62fc2a11f58ff84c748cd8a90968846c022685dcbd0d5eb8e8c7f16ed15ad74d,2,1,309,206,False,False
r3-pilot,62fc2a11f58ff84c748cd8a90968846c022685dcbd0d5eb8e8c7f16ed15ad74d,2,1,310,206,False,False
r3-pilot,62fc2a11f58ff84c748cd8a90968846c022685dcbd0d5eb8e8c7f16ed15ad74d,2,1,311,206,False,False
r3-pilot,62fc2a11f58ff84c748cd8a90968846c022685dcbd0d5eb8e8c7f16ed15ad74d,2,1,312,206,False,False
r3-pilot,62fc2a11f58ff84c748cd8a90968846c022685dcbd0d5eb8e8c7f16ed15ad74d,2,1,313,206,False,False
r3-pilot,62fc2a11f58ff84c748cd8a90968846c022685dcbd0d5eb8e8c7f16ed15ad74d,2,1,314,206,False,False
r3-pilot,62fc2a11f58ff84c748cd8a90968846c022685dcbd0d5eb8e8c7f16ed15ad74d,2,1,315,206,False,False
r3-pilot,62fc2a11f58ff84c748cd8a90968846c022685dcbd0d5eb8e8c7f16ed15ad74d,2,1,316,206,False,False
r3-pilot,62fc2a11f58ff84c748cd8a90968846c022685dcbd0d5eb8e8c7f16ed15ad74d,2,1,317,206,False,False
r3-pilot,62fc2a11f58ff84c748cd8a90968846c022685dcbd0d5eb8e8c7f16ed15ad74d,2,1,318,206,False,False
r3-pilot,62fc2a11f58ff84c748cd8a90968846c022685dcbd0d5eb8e8c7f16ed15ad74d,2,1,319,206,False,False
r3-pilot,62fc2a11f58ff84c748cd8a90968846c022685dcbd0d5eb8e8c7f16ed15ad74d,2,1,320,206,False,False
r3-pilot,62fc2a11f58ff84c748cd8a90968846c022685dcbd0d5eb8e8c7f16ed15ad74d,2,1,321,206,False,False
r3-pilot,62fc2a11f58ff84c748cd8a90968846c022685dcbd0d5eb8e8c7f16ed15ad74d,2,1,322,206,False,False
r3-pilot,62fc2a11f58ff84c748cd8a90968846c022685dcbd0d5eb8e8c7f16ed15ad74d,2,1,323,206,False,False
r3-pilot,62fc2a11f58ff84c748cd8a90968846c022685dcbd0d5eb8e8c7f16ed15ad74d,2,1,324,206,False,False
r3-pilot,62fc2a11f58ff84c748cd8a90968846c022685dcbd0d5eb8e8c7f16ed15ad74d,2,1,325,206,False,False
r3-pilot,62fc2a11f58ff84c748cd8a90968846c022685dcbd0d5eb8e8c7f16ed15ad74d,2,1,326,206,False,False
r3-pilot,62fc2a11f58ff84c748cd8a90968846c022685dcbd0d5eb8e8c7f16ed15ad74d,2,1,327,206,False,False
r3-pilot,62fc2a11f58ff84c748cd8a90968846c022685dcbd0d5eb8e8c7f16ed15ad74d,2,1,328,206,False,False
r3-pilot,62fc2a11f58ff84c748cd8a90968846c022685dcbd0d5eb8e8c7f16ed15ad74d,2,1,329,206,False,False
r3-pilot,62fc2a11f58ff84c748cd8a90968846c022685dcbd0d5eb8e8c7f16ed15ad74d,2,1,330,206,False,False
r3-pilot,62fc2a11f58ff84c748cd8a90968846c022685dcbd0d5eb8e8c7f16ed15ad74d,2,1,331,206,False,False
r3-pilot,62fc2a11f58ff84c748cd8a90968846c022685dcbd0d5eb8e8c7f16ed15ad74d,2,1,332,206,False,False
r3-pilot,62fc2a11f58ff84c748cd8a90968846c022685dcbd0d5eb8e8c7f16ed15ad74d,2,1,333,206,False,False
r3-pilot,62fc2a11f58ff84c748cd8a90968846c022685dcbd0d5eb8e8c7f16ed15ad74d,2,1,334,206,False,False
r3-pilot,62fc2a11f58ff84c748cd8a90968846c022685dcbd0d5eb8e8c7f16ed15ad74d,2,1,335,206,False,False
r3-pilot,62fc2a11f58ff84c748cd8a90968846c022685dcbd0d5eb8e8c7f16ed15ad74d,2,1,336,206,False,False
r3-pilot,62fc2a11f58ff84c748cd8a90968846c022685dcbd0d5eb8e8c7f16ed15ad74d,2,1,337,206,False,False
r3-pilot,62fc2a11f58ff84c748cd8a90968846c022685dcbd0d5eb8e8c7f16ed15ad74d,2,1,338,206,False,False
r3-pilot,62fc2a11f58ff84c748cd8a90968846c022685dcbd0d5eb8e8c7f16ed15ad74d,2,1,339,206,False,False
r3-pilot,62fc2a11f58ff84c748cd8a90968846c022685dcbd0d5eb8e8c7f16ed15ad74d,2,1,340,206,False,False
r3-pilot,62fc2a11f58ff84c748cd8a90968846c022685dcbd0d5eb8e8c7f16ed15ad74d,2,1,341,206,False,False
r3-pilot,62fc2a11f58ff84c748cd8a90968846c022685dcbd0d5eb8e8c7f16ed15ad74d,2,1,342,206,False,False
r3-pilot,62fc2a11f58ff84c748cd8a90968846c022685dcbd0d5eb8e8c7f16ed15ad74d,2,1,343,206,False,False
r3-pilot,62fc2a11f58ff84c748cd8a90968846c022685dcbd0d5eb8e8c7f16ed15ad74d,2,1,344,206,False,False
r3-pilot,62fc2a11f58ff84c748cd8a90968846c022685dcbd0d5eb8e8c7f16ed15ad74d,2,1,345,206,False,False
r3-pilot,62fc2a11f58ff84c748cd8a90968846c022685dcbd0d5eb8e8c7f16ed15ad74d,2,1,346,206,False,False
r3-pilot,62fc2a11f58ff84c748cd8a90968846c022685dcbd0d5eb8e8c7f16ed15ad74d,2,1,347,206,False,False
r3-pilot,62fc2a11f58ff84c748cd8a90968846c022685dcbd0d5eb8e8c7f16ed15ad74d,2,1,348,206,False,False
r3-pilot,62fc2a11f58ff84c748cd8a90968846c022685dcbd0d5eb8e8c7f16ed15ad74d,2,1,349,206,False,False
r3-pilot,62fc2a11f58ff84c748cd8a90968846c022685dcbd0d5eb8e8c7f16ed15ad74d,2,1,350,206,False,False
r3-pilot,62fc2a11f58ff84c748cd8a90968846c022685dcbd0d5eb8e8c7f16ed15ad74d,2,1,351,206,False,False
r3-pilot,62fc2a11f58ff84c748cd8a90968846c022685dcbd0d5eb8e8c7f16ed15ad74d,2,1,352,206,False,False
r3-pilot,62fc2a11f58ff84c748cd8a90968846c022685dcbd0d5eb8e8c7f16ed15ad74d,2,1,353,206,False,False
r3-pilot,62fc2a11f58ff84c748cd8a90968846c022685dcbd0d5eb8e8c7f16ed15ad74d,2,1,354,206,False,False
r3-pilot,62fc2a11f58ff84c748cd8a90968846c022685dcbd0d5eb8e8c7f16ed15ad74d,2,1,355,206,False,False
r3-pilot,62fc2a11f58ff84c748cd8a90968846c022685dcbd0d5eb8e8c7f16ed15ad74d,2,1,356,206,False,False
r3-pilot,62fc2a11f58ff84c748cd8a90968846c022685dcbd0d5eb8e8c7f16ed15ad74d,2,1,357,206,False,False
r3-pilot,62fc2a11f58ff84c748cd8a90968846c022685dcbd0d5eb8e8c7f16ed15ad74d,2,1,358,206,False,False
r3-pilot,62fc2a11f58ff84c748cd8a90968846c022685dcbd0d5eb8e8c7f16ed15ad74d,2,1,359,206,False,False
r3-pilot,62fc2a11f58ff84c748cd8a90968846c022685dcbd0d5eb8e8c7f16ed15ad74d,2,1,360,206,False,False
r3-pilot,62fc2a11f58ff84c748cd8a90968846c022685dcbd0d5eb8e8c7f16ed15ad74d,2,1,361,206,False,False
r3-pilot,62fc2a11f58ff84c748cd8a90968846c022685dcbd0d5eb8e8c7f16ed15ad74d,2,1,362,206,False,False
r3-pilot,62fc2a11f58ff84c748cd8a90968846c022685dcbd0d5eb8e8c7f16ed15ad74d,2,1,363,206,False,False
r3-pilot,62fc2a11f58ff84c748cd8a90968846c022685dcbd0d5eb8e8c7f16ed15ad74d,2,1,364,206,False,False
r3-pilot,62fc2a11f58ff84c748cd8a90968846c022685dcbd0d5eb8e8c7f16ed15ad74d,2,1,365,206,False,False
r3-pilot,62fc2a11f58ff84c748cd8a90968846c022685dcbd0d5eb8e8c7f16ed15ad74d,2,1,366,206,False,False
r3-pilot,62fc2a11f58ff84c748cd8a90968846c022685dcbd0d5eb8e8c7f16ed15ad74d,2,1,367,206,False,False
r3-pilot,62fc2a11f58ff84c748cd8a90968846c022685dcbd0d5eb8e8c7f16ed15ad74d,2,1,368,206,False,False
r3-pilot,62fc2a11f58ff84c748cd8a90968846c022685dcbd0d5eb8e8c7f16ed15ad74d,2,1,369,206,False,False
r3-pilot,62fc2a11f58ff84c748cd8a90968846c022685dcbd0d5eb8e8c7f16ed15ad74d,2,1,370,206,False,False
r3-pilot,62fc2a11f58ff84c748cd8a90968846c022685dcbd0d5eb8e8c7f16ed15ad74d,2,1,288,207,False,False
r3-pilot,62fc2a11f58ff84c748cd8a90968846c022685dcbd0d5eb8e8c7f16ed15ad74d,2,1,289,207,False,False
r3-pilot,62fc2a11f58ff84c748cd8a90968846c022685dcbd0d5eb8e8c7f16ed15ad74d,2,1,290,207,False,False
r3-pilot,62fc2a11f58ff84c748cd8a90968846c022685dcbd0d5eb8e8c7f16ed15ad74d,2,1,291,207,False,False
r3-pilot,62fc2a11f58ff84c748cd8a90968846c022685dcbd0d5eb8e8c7f16ed15ad74d,2,1,292,207,False,False
r3-pilot,62fc2a11f58ff84c748cd8a90968846c022685dcbd0d5eb8e8c7f16ed15ad74d,2,1,293,207,False,False
r3-pilot,62fc2a11f58ff84c748cd8a90968846c022685dcbd0d5eb8e8c7f16ed15ad74d,2,1,294,207,False,False
r3-pilot,62fc2a11f58ff84c748cd8a90968846c022685dcbd0d5eb8e8c7f16ed15ad74d,2,1,295,207,False,False
r3-pilot,62fc2a11f58ff84c748cd8a90968846c022685dcbd0d5eb8e8c7f16ed15ad74d,2,1,296,207,False,False
r3-pilot,62fc2a11f58ff84c748cd8a90968846c022685dcbd0d5eb8e8c7f16ed15ad74d,2,1,297,207,False,False
r3-pilot,62fc2a11f58ff84c748cd8a90968846c022685dcbd0d5eb8e8c7f16ed15ad74d,2,1,298,207,False,False
r3-pilot,62fc2a11f58ff84c748cd8a90968846c022685dcbd0d5eb8e8c7f16ed15ad74d,2,1,299,207,False,False
r3-pilot,62fc2a11f58ff84c748cd8a90968846c022685dcbd0d5eb8e8c7f16ed15ad74d,2,1,300,207,False,False
r3-pilot,62fc2a11f58ff84c748cd8a90968846c022685dcbd0d5eb8e8c7f16ed15ad74d,2,1,301,207,False,False
r3-pilot,62fc2a11f58ff84c748cd8a90968846c022685dcbd0d5eb8e8c7f16ed15ad74d,2,1,302,207,False,False
r3-pilot,62fc2a11f58ff84c748cd8a90968846c022685dcbd0d5eb8e8c7f16ed15ad74d,2,1,303,207,False,False
r3-pilot,62fc2a11f58ff84c748cd8a90968846c022685dcbd0d5eb8e8c7f16ed15ad74d,2,1,304,207,False,False
r3-pilot,62fc2a11f58ff84c748cd8a90968846c022685dcbd0d5eb8e8c7f16ed15ad74d,2,1,305,207,False,False
r3-pilot,62fc2a11f58ff84c748cd8a90968846c022685dcbd0d5eb8e8c7f16ed15ad74d,2,1,306,207,False,False
r3-pilot,62fc2a11f58ff84c748cd8a90968846c022685dcbd0d5eb8e8c7f16ed15ad74d,2,1,307,207,False,False
r3-pilot,62fc2a11f58ff84c748cd8a90968846c022685dcbd0d5eb8e8c7f16ed15ad74d,2,1,308,207,False,False
r3-pilot,62fc2a11f58ff84c748cd8a90968846c022685dcbd0d5eb8e8c7f16ed15ad74d,2,1,309,207,False,False
r3-pilot,62fc2a11f58ff84c748cd8a90968846c022685dcbd0d5eb8e8c7f16ed15ad74d,2,1,310,207,False,False
r3-pilot,62fc2a11f58ff84c748cd8a90968846c022685dcbd0d5eb8e8c7f16ed15ad74d,2,1,311,207,False,False
r3-pilot,62fc2a11f58ff84c748cd8a90968846c022685dcbd0d5eb8e8c7f16ed15ad74d,2,1,312,207,False,False
r3-pilot,62fc2a11f58ff84c748cd8a90968846c022685dcbd0d5eb8e8c7f16ed15ad74d,2,1,313,207,False,False
r3-pilot,62fc2a11f58ff84c748cd8a90968846c022685dcbd0d5eb8e8c7f16ed15ad74d,2,1,314,207,False,False
r3-pilot,62fc2a11f58ff84c748cd8a90968846c022685dcbd0d5eb8e8c7f16ed15ad74d,2,1,315,207,False,False
r3-pilot,62fc2a11f58ff84c748cd8a90968846c022685dcbd0d5eb8e8c7f16ed15ad74d,2,1,316,207,False,False
r3-pilot,62fc2a11f58ff84c748cd8a90968846c022685dcbd0d5eb8e8c7f16ed15ad74d,2,1,317,207,False,False
r3-pilot,62fc2a11f58ff84c748cd8a90968846c022685dcbd0d5eb8e8c7f16ed15ad74d,2,1,318,207,False,False
r3-pilot,62fc2a11f58ff84c748cd8a90968846c022685dcbd0d5eb8e8c7f16ed15ad74d,2,1,319,207,False,False
r3-pilot,62fc2a11f58ff84c748cd8a90968846c022685dcbd0d5eb8e8c7f16ed15ad74d,2,1,320,207,False,False
r3-pilot,62fc2a11f58ff84c748cd8a90968846c022685dcbd0d5eb8e8c7f16ed15ad74d,2,1,321,207,False,False
r3-pilot,62fc2a11f58ff84c748cd8a90968846c022685dcbd0d5eb8e8c7f16ed15ad74d,2,1,322,207,False,False
r3-pilot,62fc2a11f58ff84c748cd8a90968846c022685dcbd0d5eb8e8c7f16ed15ad74d,2,1,323,207,False,False
r3-pilot,62fc2a11f58ff84c748cd8a90968846c022685dcbd0d5eb8e8c7f16ed15ad74d,2,1,324,207,False,False
r3-pilot,62fc2a11f58ff84c748cd8a90968846c022685dcbd0d5eb8e8c7f16ed15ad74d,2,1,325,207,False,False
r3-pilot,62fc2a11f58ff84c748cd8a90968846c022685dcbd0d5eb8e8c7f16ed15ad74d,2,1,326,207,False,False
r3-pilot,62fc2a11f58ff84c748cd8a90968846c022685dcbd0d5eb8e8c7f16ed15ad74d,2,1,327,207,False,False
r3-pilot,62fc2a11f58ff84c748cd8a90968846c022685dcbd0d5eb8e8c7f16ed15ad74d,2,1,328,207,False,False
r3-pilot,62fc2a11f58ff84c748cd8a90968846c022685dcbd0d5eb8e8c7f16ed15ad74d,2,1,329,207,False,False
r3-pilot,62fc2a11f58ff84c748cd8a90968846c022685dcbd0d5eb8e8c7f16ed15ad74d,2,1,330,207,False,False
r3-pilot,62fc2a11f58ff84c748cd8a90968846c022685dcbd0d5eb8e8c7f16ed15ad74d,2,1,331,207,False,False
r3-pilot,62fc2a11f58ff84c748cd8a90968846c022685dcbd0d5eb8e8c7f16ed15ad74d,2,1,332,207,False,False
r3-pilot,62fc2a11f58ff84c748cd8a90968846c022685dcbd0d5eb8e8c7f16ed15ad74d,2,1,333,207,False,False
r3-pilot,62fc2a11f58ff84c748cd8a90968846c022685dcbd0d5eb8e8c7f16ed15ad74d,2,1,334,207,False,False
r3-pilot,62fc2a11f58ff84c748cd8a90968846c022685dcbd0d5eb8e8c7f16ed15ad74d,2,1,335,207,False,False
r3-pilot,62fc2a11f58ff84c748cd8a90968846c022685dcbd0d5eb8e8c7f16ed15ad74d,2,1,336,207,False,False
r3-pilot,62fc2a11f58ff84c748cd8a90968846c022685dcbd0d5eb8e8c7f16ed15ad74d,2,1,337,207,False,False
r3-pilot,62fc2a11f58ff84c748cd8a90968846c022685dcbd0d5eb8e8c7f16ed15ad74d,2,1,338,207,False,False
r3-pilot,62fc2a11f58ff84c748cd8a90968846c022685dcbd0d5eb8e8c7f16ed15ad74d,2,1,339,207,False,False
r3-pilot,62fc2a11f58ff84c748cd8a90968846c022685dcbd0d5eb8e8c7f16ed15ad74d,2,1,340,207,False,False
r3-pilot,62fc2a11f58ff84c748cd8a90968846c022685dcbd0d5eb8e8c7f16ed15ad74d,2,1,341,207,False,False
r3-pilot,62fc2a11f58ff84c748cd8a90968846c022685dcbd0d5eb8e8c7f16ed15ad74d,2,1,342,207,False,False
r3-pilot,62fc2a11f58ff84c748cd8a90968846c022685dcbd0d5eb8e8c7f16ed15ad74d,2,1,343,207,False,False
r3-pilot,62fc2a11f58ff84c748cd8a90968846c022685dcbd0d5eb8e8c7f16ed15ad74d,2,1,344,207,False,False
r3-pilot,62fc2a11f58ff84c748cd8a90968846c022685dcbd0d5eb8e8c7f16ed15ad74d,2,1,345,207,False,False
r3-pilot,62fc2a11f58ff84c748cd8a90968846c022685dcbd0d5eb8e8c7f16ed15ad74d,2,1,346,207,False,False
r3-pilot,62fc2a11f58ff84c748cd8a90968846c022685dcbd0d5eb8e8c7f16ed15ad74d,2,1,347,207,False,False
r3-pilot,62fc2a11f58ff84c748cd8a90968846c022685dcbd0d5eb8e8c7f16ed15ad74d,2,1,348,207,False,False
r3-pilot,62fc2a11f58ff84c748cd8a90968846c022685dcbd0d5eb8e8c7f16ed15ad74d,2,1,349,207,False,False
r3-pilot,62fc2a11f58ff84c748cd8a90968846c022685dcbd0d5eb8e8c7f16ed15ad74d,2,1,350,207,False,False
r3-pilot,62fc2a11f58ff84c748cd8a90968846c022685dcbd0d5eb8e8c7f16ed15ad74d,2,1,351,207,False,False
r3-pilot,62fc2a11f58ff84c748cd8a90968846c022685dcbd0d5eb8e8c7f16ed15ad74d,2,1,352,207,False,False
r3-pilot,62fc2a11f58ff84c748cd8a90968846c022685dcbd0d5eb8e8c7f16ed15ad74d,2,1,353,207,False,False
r3-pilot,62fc2a11f58ff84c748cd8a90968846c022685dcbd0d5eb8e8c7f16ed15ad74d,2,1,354,207,False,False
r3-pilot,62fc2a11f58ff84c748cd8a90968846c022685dcbd0d5eb8e8c7f16ed15ad74d,2,1,355,207,False,False
r3-pilot,62fc2a11f58ff84c748cd8a90968846c022685dcbd0d5eb8e8c7f16ed15ad74d,2,1,356,207,False,False
r3-pilot,62fc2a11f58ff84c748cd8a90968846c022685dcbd0d5eb8e8c7f16ed15ad74d,2,1,357,207,False,False
r3-pilot,62fc2a11f58ff84c748cd8a90968846c022685dcbd0d5eb8e8c7f16ed15ad74d,2,1,358,207,False,False
r3-pilot,62fc2a11f58ff84c748cd8a90968846c022685dcbd0d5eb8e8c7f16ed15ad74d,2,1,359,207,False,False
r3-pilot,62fc2a11f58ff84c748cd8a90968846c022685dcbd0d5eb8e8c7f16ed15ad74d,2,1,360,207,False,False
r3-pilot,62fc2a11f58ff84c748cd8a90968846c022685dcbd0d5eb8e8c7f16ed15ad74d,2,1,361,207,False,False
r3-pilot,62fc2a11f58ff84c748cd8a90968846c022685dcbd0d5eb8e8c7f16ed15ad74d,2,1,362,207,False,False
r3-pilot,62fc2a11f58ff84c748cd8a90968846c022685dcbd0d5eb8e8c7f16ed15ad74d,2,1,363,207,False,False
r3-pilot,62fc2a11f58ff84c748cd8a90968846c022685dcbd0d5eb8e8c7f16ed15ad74d,2,1,364,207,False,False
r3-pilot,62fc2a11f58ff84c748cd8a90968846c022685dcbd0d5eb8e8c7f16ed15ad74d,2,1,365,207,False,False
r3-pilot,62fc2a11f58ff84c748cd8a90968846c022685dcbd0d5eb8e8c7f16ed15ad74d,2,1,366,207,False,False
r3-pilot,62fc2a11f58ff84c748cd8a90968846c022685dcbd0d5eb8e8c7f16ed15ad74d,2,1,367,207,False,False
r3-pilot,62fc2a11f58ff84c748cd8a90968846c022685dcbd0d5eb8e8c7f16ed15ad74d,2,1,368,207,False,False
r3-pilot,62fc2a11f58ff84c748cd8a90968846c022685dcbd0d5eb8e8c7f16ed15ad74d,2,1,369,207,False,False
r3-pilot,62fc2a11f58ff84c748cd8a90968846c022685dcbd0d5eb8e8c7f16ed15ad74d,2,1,370,207,False,False
r3-pilot,62fc2a11f58ff84c748cd8a90968846c022685dcbd0d5eb8e8c7f16ed15ad74d,2,1,371,207,False,True
r3-pilot,62fc2a11f58ff84c748cd8a90968846c022685dcbd0d5eb8e8c7f16ed15ad74d,2,1,288,208,False,False
r3-pilot,62fc2a11f58ff84c748cd8a90968846c022685dcbd0d5eb8e8c7f16ed15ad74d,2,1,289,208,False,False
r3-pilot,62fc2a11f58ff84c748cd8a90968846c022685dcbd0d5eb8e8c7f16ed15ad74d,2,1,290,208,False,False
r3-pilot,62fc2a11f58ff84c748cd8a90968846c022685dcbd0d5eb8e8c7f16ed15ad74d,2,1,291,208,False,False
r3-pilot,62fc2a11f58ff84c748cd8a90968846c022685dcbd0d5eb8e8c7f16ed15ad74d,2,1,292,208,False,False
r3-pilot,62fc2a11f58ff84c748cd8a90968846c022685dcbd0d5eb8e8c7f16ed15ad74d,2,1,293,208,False,False
r3-pilot,62fc2a11f58ff84c748cd8a90968846c022685dcbd0d5eb8e8c7f16ed15ad74d,2,1,294,208,False,False
r3-pilot,62fc2a11f58ff84c748cd8a90968846c022685dcbd0d5eb8e8c7f16ed15ad74d,2,1,295,208,False,False
r3-pilot,62fc2a11f58ff84c748cd8a90968846c022685dcbd0d5eb8e8c7f16ed15ad74d,2,1,296,208,False,False
r3-pilot,62fc2a11f58ff84c748cd8a90968846c022685dcbd0d5eb8e8c7f16ed15ad74d,2,1,297,208,False,False
r3-pilot,62fc2a11f58ff84c748cd8a90968846c022685dcbd0d5eb8e8c7f16ed15ad74d,2,1,298,208,False,False
r3-pilot,62fc2a11f58ff84c748cd8a90968846c022685dcbd0d5eb8e8c7f16ed15ad74d,2,1,299,208,False,False
r3-pilot,62fc2a11f58ff84c748cd8a90968846c022685dcbd0d5eb8e8c7f16ed15ad74d,2,1,300,208,False,False
r3-pilot,62fc2a11f58ff84c748cd8a90968846c022685dcbd0d5eb8e8c7f16ed15ad74d,2,1,301,208,False,False
r3-pilot,62fc2a11f58ff84c748cd8a90968846c022685dcbd0d5eb8e8c7f16ed15ad74d,2,1,302,208,False,False
r3-pilot,62fc2a11f58ff84c748cd8a90968846c022685dcbd0d5eb8e8c7f16ed15ad74d,2,1,303,208,False,False
r3-pilot,62fc2a11f58ff84c748cd8a90968846c022685dcbd0d5eb8e8c7f16ed15ad74d,2,1,304,208,False,False
r3-pilot,62fc2a11f58ff84c748cd8a90968846c022685dcbd0d5eb8e8c7f16ed15ad74d,2,1,305,208,False,False
r3-pilot,62fc2a11f58ff84c748cd8a90968846c022685dcbd0d5eb8e8c7f16ed15ad74d,2,1,306,208,False,False
r3-pilot,62fc2a11f58ff84c748cd8a90968846c022685dcbd0d5eb8e8c7f16ed15ad74d,2,1,307,208,False,False
r3-pilot,62fc2a11f58ff84c748cd8a90968846c022685dcbd0d5eb8e8c7f16ed15ad74d,2,1,308,208,False,False
r3-pilot,62fc2a11f58ff84c748cd8a90968846c022685dcbd0d5eb8e8c7f16ed15ad74d,2,1,309,208,False,False
r3-pilot,62fc2a11f58ff84c748cd8a90968846c022685dcbd0d5eb8e8c7f16ed15ad74d,2,1,310,208,False,False
r3-pilot,62fc2a11f58ff84c748cd8a90968846c022685dcbd0d5eb8e8c7f16ed15ad74d,2,1,311,208,False,False
r3-pilot,62fc2a11f58ff84c748cd8a90968846c022685dcbd0d5eb8e8c7f16ed15ad74d,2,1,312,208,False,False
r3-pilot,62fc2a11f58ff84c748cd8a90968846c022685dcbd0d5eb8e8c7f16ed15ad74d,2,1,313,208,False,False
r3-pilot,62fc2a11f58ff84c748cd8a90968846c022685dcbd0d5eb8e8c7f16ed15ad74d,2,1,314,208,False,False
r3-pilot,62fc2a11f58ff84c748cd8a90968846c022685dcbd0d5eb8e8c7f16ed15ad74d,2,1,315,208,False,False
r3-pilot,62fc2a11f58ff84c748cd8a90968846c022685dcbd0d5eb8e8c7f16ed15ad74d,2,1,316,208,False,False
r3-pilot,62fc2a11f58ff84c748cd8a90968846c022685dcbd0d5eb8e8c7f16ed15ad74d,2,1,317,208,False,False
r3-pilot,62fc2a11f58ff84c748cd8a90968846c022685dcbd0d5eb8e8c7f16ed15ad74d,2,1,318,208,False,False
r3-pilot,62fc2a11f58ff84c748cd8a90968846c022685dcbd0d5eb8e8c7f16ed15ad74d,2,1,319,208,False,False
r3-pilot,62fc2a11f58ff84c748cd8a90968846c022685dcbd0d5eb8e8c7f16ed15ad74d,2,1,320,208,False,False
r3-pilot,62fc2a11f58ff84c748cd8a90968846c022685dcbd0d5eb8e8c7f16ed15ad74d,2,1,321,208,False,False
r3-pilot,62fc2a11f58ff84c748cd8a90968846c022685dcbd0d5eb8e8c7f16ed15ad74d,2,1,322,208,False,False
r3-pilot,62fc2a11f58ff84c748cd8a90968846c022685dcbd0d5eb8e8c7f16ed15ad74d,2,1,323,208,False,False
r3-pilot,62fc2a11f58ff84c748cd8a90968846c022685dcbd0d5eb8e8c7f16ed15ad74d,2,1,324,208,False,False
r3-pilot,62fc2a11f58ff84c748cd8a90968846c022685dcbd0d5eb8e8c7f16ed15ad74d,2,1,325,208,False,False
r3-pilot,62fc2a11f58ff84c748cd8a90968846c022685dcbd0d5eb8e8c7f16ed15ad74d,2,1,326,208,False,False
r3-pilot,62fc2a11f58ff84c748cd8a90968846c022685dcbd0d5eb8e8c7f16ed15ad74d,2,1,327,208,False,False
r3-pilot,62fc2a11f58ff84c748cd8a90968846c022685dcbd0d5eb8e8c7f16ed15ad74d,2,1,328,208,False,False
r3-pilot,62fc2a11f58ff84c748cd8a90968846c022685dcbd0d5eb8e8c7f16ed15ad74d,2,1,329,208,False,False
r3-pilot,62fc2a11f58ff84c748cd8a90968846c022685dcbd0d5eb8e8c7f16ed15ad74d,2,1,330,208,False,False
r3-pilot,62fc2a11f58ff84c748cd8a90968846c022685dcbd0d5eb8e8c7f16ed15ad74d,2,1,331,208,False,False
r3-pilot,62fc2a11f58ff84c748cd8a90968846c022685dcbd0d5eb8e8c7f16ed15ad74d,2,1,332,208,False,False
r3-pilot,62fc2a11f58ff84c748cd8a90968846c022685dcbd0d5eb8e8c7f16ed15ad74d,2,1,333,208,False,False
r3-pilot,62fc2a11f58ff84c748cd8a90968846c022685dcbd0d5eb8e8c7f16ed15ad74d,2,1,334,208,False,False
r3-pilot,62fc2a11f58ff84c748cd8a90968846c022685dcbd0d5eb8e8c7f16ed15ad74d,2,1,335,208,False,False
r3-pilot,62fc2a11f58ff84c748cd8a90968846c022685dcbd0d5eb8e8c7f16ed15ad74d,2,1,336,208,False,False
r3-pilot,62fc2a11f58ff84c748cd8a90968846c022685dcbd0d5eb8e8c7f16ed15ad74d,2,1,337,208,False,False
r3-pilot,62fc2a11f58ff84c748cd8a90968846c022685dcbd0d5eb8e8c7f16ed15ad74d,2,1,338,208,False,False
r3-pilot,62fc2a11f58ff84c748cd8a90968846c022685dcbd0d5eb8e8c7f16ed15ad74d,2,1,339,208,False,False
r3-pilot,62fc2a11f58ff84c748cd8a90968846c022685dcbd0d5eb8e8c7f16ed15ad74d,2,1,340,208,False,False
r3-pilot,62fc2a11f58ff84c748cd8a90968846c022685dcbd0d5eb8e8c7f16ed15ad74d,2,1,341,208,False,False
r3-pilot,62fc2a11f58ff84c748cd8a90968846c022685dcbd0d5eb8e8c7f16ed15ad74d,2,1,342,208,False,False
r3-pilot,62fc2a11f58ff84c748cd8a90968846c022685dcbd0d5eb8e8c7f16ed15ad74d,2,1,343,208,False,False
r3-pilot,62fc2a11f58ff84c748cd8a90968846c022685dcbd0d5eb8e8c7f16ed15ad74d,2,1,344,208,False,False
r3-pilot,62fc2a11f58ff84c748cd8a90968846c022685dcbd0d5eb8e8c7f16ed15ad74d,2,1,345,208,False,False
r3-pilot,62fc2a11f58ff84c748cd8a90968846c022685dcbd0d5eb8e8c7f16ed15ad74d,2,1,346,208,False,False
r3-pilot,62fc2a11f58ff84c748cd8a90968846c022685dcbd0d5eb8e8c7f16ed15ad74d,2,1,347,208,False,False
r3-pilot,62fc2a11f58ff84c748cd8a90968846c022685dcbd0d5eb8e8c7f16ed15ad74d,2,1,348,208,False,False
r3-pilot,62fc2a11f58ff84c748cd8a90968846c022685dcbd0d5eb8e8c7f16ed15ad74d,2,1,349,208,False,False
r3-pilot,62fc2a11f58ff84c748cd8a90968846c022685dcbd0d5eb8e8c7f16ed15ad74d,2,1,350,208,False,False
r3-pilot,62fc2a11f58ff84c748cd8a90968846c022685dcbd0d5eb8e8c7f16ed15ad74d,2,1,351,208,False,False
r3-pilot,62fc2a11f58ff84c748cd8a90968846c022685dcbd0d5eb8e8c7f16ed15ad74d,2,1,352,208,False,False
r3-pilot,62fc2a11f58ff84c748cd8a90968846c022685dcbd0d5eb8e8c7f16ed15ad74d,2,1,353,208,False,False
r3-pilot,62fc2a11f58ff84c748cd8a90968846c022685dcbd0d5eb8e8c7f16ed15ad74d,2,1,354,208,False,False
r3-pilot,62fc2a11f58ff84c748cd8a90968846c022685dcbd0d5eb8e8c7f16ed15ad74d,2,1,355,208,False,False
r3-pilot,62fc2a11f58ff84c748cd8a90968846c022685dcbd0d5eb8e8c7f16ed15ad74d,2,1,356,208,False,False
r3-pilot,62fc2a11f58ff84c748cd8a90968846c022685dcbd0d5eb8e8c7f16ed15ad74d,2,1,357,208,False,False
r3-pilot,62fc2a11f58ff84c748cd8a90968846c022685dcbd0d5eb8e8c7f16ed15ad74d,2,1,358,208,False,False
r3-pilot,62fc2a11f58ff84c748cd8a90968846c022685dcbd0d5eb8e8c7f16ed15ad74d,2,1,359,208,False,False
r3-pilot,62fc2a11f58ff84c748cd8a90968846c022685dcbd0d5eb8e8c7f16ed15ad74d,2,1,360,208,False,False
r3-pilot,62fc2a11f58ff84c748cd8a90968846c022685dcbd0d5eb8e8c7f16ed15ad74d,2,1,361,208,False,False
r3-pilot,62fc2a11f58ff84c748cd8a90968846c022685dcbd0d5eb8e8c7f16ed15ad74d,2,1,362,208,False,False
r3-pilot,62fc2a11f58ff84c748cd8a90968846c022685dcbd0d5eb8e8c7f16ed15ad74d,2,1,363,208,False,False
r3-pilot,62fc2a11f58ff84c748cd8a90968846c022685dcbd0d5eb8e8c7f16ed15ad74d,2,1,364,208,False,False
r3-pilot,62fc2a11f58ff84c748cd8a90968846c022685dcbd0d5eb8e8c7f16ed15ad74d,2,1,365,208,False,False
r3-pilot,62fc2a11f58ff84c748cd8a90968846c022685dcbd0d5eb8e8c7f16ed15ad74d,2,1,366,208,False,False
r3-pilot,62fc2a11f58ff84c748cd8a90968846c022685dcbd0d5eb8e8c7f16ed15ad74d,2,1,367,208,False,False
r3-pilot,62fc2a11f58ff84c748cd8a90968846c022685dcbd0d5eb8e8c7f16ed15ad74d,2,1,368,208,False,False
r3-pilot,62fc2a11f58ff84c748cd8a90968846c022685dcbd0d5eb8e8c7f16ed15ad74d,2,1,369,208,False,False
r3-pilot,62fc2a11f58ff84c748cd8a90968846c022685dcbd0d5eb8e8c7f16ed15ad74d,2,1,370,208,False,False
r3-pilot,62fc2a11f58ff84c748cd8a90968846c022685dcbd0d5eb8e8c7f16ed15ad74d,2,1,371,208,False,True
r3-pilot,62fc2a11f58ff84c748cd8a90968846c022685dcbd0d5eb8e8c7f16ed15ad74d,2,1,288,209,False,False
r3-pilot,62fc2a11f58ff84c748cd8a90968846c022685dcbd0d5eb8e8c7f16ed15ad74d,2,1,289,209,False,False
r3-pilot,62fc2a11f58ff84c748cd8a90968846c022685dcbd0d5eb8e8c7f16ed15ad74d,2,1,290,209,False,False
r3-pilot,62fc2a11f58ff84c748cd8a90968846c022685dcbd0d5eb8e8c7f16ed15ad74d,2,1,291,209,False,False
r3-pilot,62fc2a11f58ff84c748cd8a90968846c022685dcbd0d5eb8e8c7f16ed15ad74d,2,1,292,209,False,False
r3-pilot,62fc2a11f58ff84c748cd8a90968846c022685dcbd0d5eb8e8c7f16ed15ad74d,2,1,293,209,False,False
r3-pilot,62fc2a11f58ff84c748cd8a90968846c022685dcbd0d5eb8e8c7f16ed15ad74d,2,1,294,209,False,False
r3-pilot,62fc2a11f58ff84c748cd8a90968846c022685dcbd0d5eb8e8c7f16ed15ad74d,2,1,295,209,False,False
r3-pilot,62fc2a11f58ff84c748cd8a90968846c022685dcbd0d5eb8e8c7f16ed15ad74d,2,1,296,209,False,False
r3-pilot,62fc2a11f58ff84c748cd8a90968846c022685dcbd0d5eb8e8c7f16ed15ad74d,2,1,297,209,False,False
r3-pilot,62fc2a11f58ff84c748cd8a90968846c022685dcbd0d5eb8e8c7f16ed15ad74d,2,1,298,209,False,False
r3-pilot,62fc2a11f58ff84c748cd8a90968846c022685dcbd0d5eb8e8c7f16ed15ad74d,2,1,299,209,False,False
r3-pilot,62fc2a11f58ff84c748cd8a90968846c022685dcbd0d5eb8e8c7f16ed15ad74d,2,1,300,209,False,False
r3-pilot,62fc2a11f58ff84c748cd8a90968846c022685dcbd0d5eb8e8c7f16ed15ad74d,2,1,301,209,False,False
r3-pilot,62fc2a11f58ff84c748cd8a90968846c022685dcbd0d5eb8e8c7f16ed15ad74d,2,1,302,209,False,False
r3-pilot,62fc2a11f58ff84c748cd8a90968846c022685dcbd0d5eb8e8c7f16ed15ad74d,2,1,303,209,False,False
r3-pilot,62fc2a11f58ff84c748cd8a90968846c022685dcbd0d5eb8e8c7f16ed15ad74d,2,1,304,209,False,False
r3-pilot,62fc2a11f58ff84c748cd8a90968846c022685dcbd0d5eb8e8c7f16ed15ad74d,2,1,305,209,False,False
r3-pilot,62fc2a11f58ff84c748cd8a90968846c022685dcbd0d5eb8e8c7f16ed15ad74d,2,1,306,209,False,False
r3-pilot,62fc2a11f58ff84c748cd8a90968846c022685dcbd0d5eb8e8c7f16ed15ad74d,2,1,307,209,False,False
r3-pilot,62fc2a11f58ff84c748cd8a90968846c022685dcbd0d5eb8e8c7f16ed15ad74d,2,1,308,209,False,False
r3-pilot,62fc2a11f58ff84c748cd8a90968846c022685dcbd0d5eb8e8c7f16ed15ad74d,2,1,309,209,False,False
r3-pilot,62fc2a11f58ff84c748cd8a90968846c022685dcbd0d5eb8e8c7f16ed15ad74d,2,1,310,209,False,False
r3-pilot,62fc2a11f58ff84c748cd8a90968846c022685dcbd0d5eb8e8c7f16ed15ad74d,2,1,311,209,False,False
r3-pilot,62fc2a11f58ff84c748cd8a90968846c022685dcbd0d5eb8e8c7f16ed15ad74d,2,1,312,209,False,False
r3-pilot,62fc2a11f58ff84c748cd8a90968846c022685dcbd0d5eb8e8c7f16ed15ad74d,2,1,313,209,False,False
r3-pilot,62fc2a11f58ff84c748cd8a90968846c022685dcbd0d5eb8e8c7f16ed15ad74d,2,1,314,209,False,False
r3-pilot,62fc2a11f58ff84c748cd8a90968846c022685dcbd0d5eb8e8c7f16ed15ad74d,2,1,315,209,False,False
r3-pilot,62fc2a11f58ff84c748cd8a90968846c022685dcbd0d5eb8e8c7f16ed15ad74d,2,1,316,209,False,False
r3-pilot,62fc2a11f58ff84c748cd8a90968846c022685dcbd0d5eb8e8c7f16ed15ad74d,2,1,317,209,False,False
r3-pilot,62fc2a11f58ff84c748cd8a90968846c022685dcbd0d5eb8e8c7f16ed15ad74d,2,1,318,209,False,False
r3-pilot,62fc2a11f58ff84c748cd8a90968846c022685dcbd0d5eb8e8c7f16ed15ad74d,2,1,319,209,False,False
r3-pilot,62fc2a11f58ff84c748cd8a90968846c022685dcbd0d5eb8e8c7f16ed15ad74d,2,1,320,209,False,False
r3-pilot,62fc2a11f58ff84c748cd8a90968846c022685dcbd0d5eb8e8c7f16ed15ad74d,2,1,321,209,False,False
r3-pilot,62fc2a11f58ff84c748cd8a90968846c022685dcbd0d5eb8e8c7f16ed15ad74d,2,1,322,209,False,False
r3-pilot,62fc2a11f58ff84c748cd8a90968846c022685dcbd0d5eb8e8c7f16ed15ad74d,2,1,323,209,False,False
r3-pilot,62fc2a11f58ff84c748cd8a90968846c022685dcbd0d5eb8e8c7f16ed15ad74d,2,1,324,209,False,False
r3-pilot,62fc2a11f58ff84c748cd8a90968846c022685dcbd0d5eb8e8c7f16ed15ad74d,2,1,325,209,False,False
r3-pilot,62fc2a11f58ff84c748cd8a90968846c022685dcbd0d5eb8e8c7f16ed15ad74d,2,1,326,209,False,False
r3-pilot,62fc2a11f58ff84c748cd8a90968846c022685dcbd0d5eb8e8c7f16ed15ad74d,2,1,327,209,False,False
r3-pilot,62fc2a11f58ff84c748cd8a90968846c022685dcbd0d5eb8e8c7f16ed15ad74d,2,1,328,209,False,False
r3-pilot,62fc2a11f58ff84c748cd8a90968846c022685dcbd0d5eb8e8c7f16ed15ad74d,2,1,329,209,False,False
r3-pilot,62fc2a11f58ff84c748cd8a90968846c022685dcbd0d5eb8e8c7f16ed15ad74d,2,1,330,209,False,False
r3-pilot,62fc2a11f58ff84c748cd8a90968846c022685dcbd0d5eb8e8c7f16ed15ad74d,2,1,331,209,False,False
r3-pilot,62fc2a11f58ff84c748cd8a90968846c022685dcbd0d5eb8e8c7f16ed15ad74d,2,1,332,209,False,False
r3-pilot,62fc2a11f58ff84c748cd8a90968846c022685dcbd0d5eb8e8c7f16ed15ad74d,2,1,333,209,False,False
r3-pilot,62fc2a11f58ff84c748cd8a90968846c022685dcbd0d5eb8e8c7f16ed15ad74d,2,1,334,209,False,False
r3-pilot,62fc2a11f58ff84c748cd8a90968846c022685dcbd0d5eb8e8c7f16ed15ad74d,2,1,335,209,False,False
r3-pilot,62fc2a11f58ff84c748cd8a90968846c022685dcbd0d5eb8e8c7f16ed15ad74d,2,1,336,209,False,False
r3-pilot,62fc2a11f58ff84c748cd8a90968846c022685dcbd0d5eb8e8c7f16ed15ad74d,2,1,337,209,False,False
r3-pilot,62fc2a11f58ff84c748cd8a90968846c022685dcbd0d5eb8e8c7f16ed15ad74d,2,1,338,209,False,False
r3-pilot,62fc2a11f58ff84c748cd8a90968846c022685dcbd0d5eb8e8c7f16ed15ad74d,2,1,339,209,False,False
r3-pilot,62fc2a11f58ff84c748cd8a90968846c022685dcbd0d5eb8e8c7f16ed15ad74d,2,1,340,209,False,False
r3-pilot,62fc2a11f58ff84c748cd8a90968846c022685dcbd0d5eb8e8c7f16ed15ad74d,2,1,341,209,False,False
r3-pilot,62fc2a11f58ff84c748cd8a90968846c022685dcbd0d5eb8e8c7f16ed15ad74d,2,1,342,209,False,False
r3-pilot,62fc2a11f58ff84c748cd8a90968846c022685dcbd0d5eb8e8c7f16ed15ad74d,2,1,343,209,False,False
r3-pilot,62fc2a11f58ff84c748cd8a90968846c022685dcbd0d5eb8e8c7f16ed15ad74d,2,1,344,209,False,False
r3-pilot,62fc2a11f58ff84c748cd8a90968846c022685dcbd0d5eb8e8c7f16ed15ad74d,2,1,345,209,False,False
r3-pilot,62fc2a11f58ff84c748cd8a90968846c022685dcbd0d5eb8e8c7f16ed15ad74d,2,1,346,209,False,False
r3-pilot,62fc2a11f58ff84c748cd8a90968846c022685dcbd0d5eb8e8c7f16ed15ad74d,2,1,347,209,False,False
r3-pilot,62fc2a11f58ff84c748cd8a90968846c022685dcbd0d5eb8e8c7f16ed15ad74d,2,1,348,209,False,False
r3-pilot,62fc2a11f58ff84c748cd8a90968846c022685dcbd0d5eb8e8c7f16ed15ad74d,2,1,349,209,False,False
r3-pilot,62fc2a11f58ff84c748cd8a90968846c022685dcbd0d5eb8e8c7f16ed15ad74d,2,1,350,209,False,False
r3-pilot,62fc2a11f58ff84c748cd8a90968846c022685dcbd0d5eb8e8c7f16ed15ad74d,2,1,351,209,False,False
r3-pilot,62fc2a11f58ff84c748cd8a90968846c022685dcbd0d5eb8e8c7f16ed15ad74d,2,1,352,209,False,False
r3-pilot,62fc2a11f58ff84c748cd8a90968846c022685dcbd0d5eb8e8c7f16ed15ad74d,2,1,353,209,False,False
r3-pilot,62fc2a11f58ff84c748cd8a90968846c022685dcbd0d5eb8e8c7f16ed15ad74d,2,1,354,209,False,False
r3-pilot,62fc2a11f58ff84c748cd8a90968846c022685dcbd0d5eb8e8c7f16ed15ad74d,2,1,355,209,False,False
r3-pilot,62fc2a11f58ff84c748cd8a90968846c022685dcbd0d5eb8e8c7f16ed15ad74d,2,1,356,209,False,False
r3-pilot,62fc2a11f58ff84c748cd8a90968846c022685dcbd0d5eb8e8c7f16ed15ad74d,2,1,357,209,False,False
r3-pilot,62fc2a11f58ff84c748cd8a90968846c022685dcbd0d5eb8e8c7f16ed15ad74d,2,1,358,209,False,False
r3-pilot,62fc2a11f58ff84c748cd8a90968846c022685dcbd0d5eb8e8c7f16ed15ad74d,2,1,359,209,False,False
r3-pilot,62fc2a11f58ff84c748cd8a90968846c022685dcbd0d5eb8e8c7f16ed15ad74d,2,1,360,209,False,False
r3-pilot,62fc2a11f58ff84c748cd8a90968846c022685dcbd0d5eb8e8c7f16ed15ad74d,2,1,361,209,False,False
r3-pilot,62fc2a11f58ff84c748cd8a90968846c022685dcbd0d5eb8e8c7f16ed15ad74d,2,1,362,209,False,False
r3-pilot,62fc2a11f58ff84c748cd8a90968846c022685dcbd0d5eb8e8c7f16ed15ad74d,2,1,363,209,False,False
r3-pilot,62fc2a11f58ff84c748cd8a90968846c022685dcbd0d5eb8e8c7f16ed15ad74d,2,1,364,209,False,False
r3-pilot,62fc2a11f58ff84c748cd8a90968846c022685dcbd0d5eb8e8c7f16ed15ad74d,2,1,365,209,False,False
r3-pilot,62fc2a11f58ff84c748cd8a90968846c022685dcbd0d5eb8e8c7f16ed15ad74d,2,1,366,209,False,False
r3-pilot,62fc2a11f58ff84c748cd8a90968846c022685dcbd0d5eb8e8c7f16ed15ad74d,2,1,367,209,False,False
r3-pilot,62fc2a11f58ff84c748cd8a90968846c022685dcbd0d5eb8e8c7f16ed15ad74d,2,1,368,209,False,False
r3-pilot,62fc2a11f58ff84c748cd8a90968846c022685dcbd0d5eb8e8c7f16ed15ad74d,2,1,369,209,False,False
r3-pilot,62fc2a11f58ff84c748cd8a90968846c022685dcbd0d5eb8e8c7f16ed15ad74d,2,1,370,209,False,False
r3-pilot,62fc2a11f58ff84c748cd8a90968846c022685dcbd0d5eb8e8c7f16ed15ad74d,2,1,371,209,False,True
r3-pilot,62fc2a11f58ff84c748cd8a90968846c022685dcbd0d5eb8e8c7f16ed15ad74d,2,1,288,210,False,False
r3-pilot,62fc2a11f58ff84c748cd8a90968846c022685dcbd0d5eb8e8c7f16ed15ad74d,2,1,289,210,False,False
r3-pilot,62fc2a11f58ff84c748cd8a90968846c022685dcbd0d5eb8e8c7f16ed15ad74d,2,1,290,210,False,False
r3-pilot,62fc2a11f58ff84c748cd8a90968846c022685dcbd0d5eb8e8c7f16ed15ad74d,2,1,291,210,False,False
r3-pilot,62fc2a11f58ff84c748cd8a90968846c022685dcbd0d5eb8e8c7f16ed15ad74d,2,1,292,210,False,False
r3-pilot,62fc2a11f58ff84c748cd8a90968846c022685dcbd0d5eb8e8c7f16ed15ad74d,2,1,293,210,False,False
r3-pilot,62fc2a11f58ff84c748cd8a90968846c022685dcbd0d5eb8e8c7f16ed15ad74d,2,1,294,210,False,False
r3-pilot,62fc2a11f58ff84c748cd8a90968846c022685dcbd0d5eb8e8c7f16ed15ad74d,2,1,295,210,False,False
r3-pilot,62fc2a11f58ff84c748cd8a90968846c022685dcbd0d5eb8e8c7f16ed15ad74d,2,1,296,210,False,False
r3-pilot,62fc2a11f58ff84c748cd8a90968846c022685dcbd0d5eb8e8c7f16ed15ad74d,2,1,297,210,False,False
r3-pilot,62fc2a11f58ff84c748cd8a90968846c022685dcbd0d5eb8e8c7f16ed15ad74d,2,1,298,210,False,False
r3-pilot,62fc2a11f58ff84c748cd8a90968846c022685dcbd0d5eb8e8c7f16ed15ad74d,2,1,299,210,False,False
r3-pilot,62fc2a11f58ff84c748cd8a90968846c022685dcbd0d5eb8e8c7f16ed15ad74d,2,1,300,210,False,False
r3-pilot,62fc2a11f58ff84c748cd8a90968846c022685dcbd0d5eb8e8c7f16ed15ad74d,2,1,301,210,False,False
r3-pilot,62fc2a11f58ff84c748cd8a90968846c022685dcbd0d5eb8e8c7f16ed15ad74d,2,1,302,210,False,False
r3-pilot,62fc2a11f58ff84c748cd8a90968846c022685dcbd0d5eb8e8c7f16ed15ad74d,2,1,303,210,False,False
r3-pilot,62fc2a11f58ff84c748cd8a90968846c022685dcbd0d5eb8e8c7f16ed15ad74d,2,1,304,210,False,False
r3-pilot,62fc2a11f58ff84c748cd8a90968846c022685dcbd0d5eb8e8c7f16ed15ad74d,2,1,305,210,False,False
r3-pilot,62fc2a11f58ff84c748cd8a90968846c022685dcbd0d5eb8e8c7f16ed15ad74d,2,1,306,210,False,False
r3-pilot,62fc2a11f58ff84c748cd8a90968846c022685dcbd0d5eb8e8c7f16ed15ad74d,2,1,307,210,False,False
r3-pilot,62fc2a11f58ff84c748cd8a90968846c022685dcbd0d5eb8e8c7f16ed15ad74d,2,1,308,210,False,False
r3-pilot,62fc2a11f58ff84c748cd8a90968846c022685dcbd0d5eb8e8c7f16ed15ad74d,2,1,309,210,False,False
r3-pilot,62fc2a11f58ff84c748cd8a90968846c022685dcbd0d5eb8e8c7f16ed15ad74d,2,1,310,210,False,False
r3-pilot,62fc2a11f58ff84c748cd8a90968846c022685dcbd0d5eb8e8c7f16ed15ad74d,2,1,311,210,False,False
r3-pilot,62fc2a11f58ff84c748cd8a90968846c022685dcbd0d5eb8e8c7f16ed15ad74d,2,1,312,210,False,False
r3-pilot,62fc2a11f58ff84c748cd8a90968846c022685dcbd0d5eb8e8c7f16ed15ad74d,2,1,313,210,False,False
r3-pilot,62fc2a11f58ff84c748cd8a90968846c022685dcbd0d5eb8e8c7f16ed15ad74d,2,1,314,210,False,False
r3-pilot,62fc2a11f58ff84c748cd8a90968846c022685dcbd0d5eb8e8c7f16ed15ad74d,2,1,315,210,False,False
r3-pilot,62fc2a11f58ff84c748cd8a90968846c022685dcbd0d5eb8e8c7f16ed15ad74d,2,1,316,210,False,False
r3-pilot,62fc2a11f58ff84c748cd8a90968846c022685dcbd0d5eb8e8c7f16ed15ad74d,2,1,317,210,False,False
r3-pilot,62fc2a11f58ff84c748cd8a90968846c022685dcbd0d5eb8e8c7f16ed15ad74d,2,1,318,210,False,False
r3-pilot,62fc2a11f58ff84c748cd8a90968846c022685dcbd0d5eb8e8c7f16ed15ad74d,2,1,319,210,False,False
r3-pilot,62fc2a11f58ff84c748cd8a90968846c022685dcbd0d5eb8e8c7f16ed15ad74d,2,1,320,210,False,False
r3-pilot,62fc2a11f58ff84c748cd8a90968846c022685dcbd0d5eb8e8c7f16ed15ad74d,2,1,321,210,False,False
r3-pilot,62fc2a11f58ff84c748cd8a90968846c022685dcbd0d5eb8e8c7f16ed15ad74d,2,1,322,210,False,False
r3-pilot,62fc2a11f58ff84c748cd8a90968846c022685dcbd0d5eb8e8c7f16ed15ad74d,2,1,323,210,False,False
r3-pilot,62fc2a11f58ff84c748cd8a90968846c022685dcbd0d5eb8e8c7f16ed15ad74d,2,1,324,210,False,False
r3-pilot,62fc2a11f58ff84c748cd8a90968846c022685dcbd0d5eb8e8c7f16ed15ad74d,2,1,325,210,False,False
r3-pilot,62fc2a11f58ff84c748cd8a90968846c022685dcbd0d5eb8e8c7f16ed15ad74d,2,1,326,210,False,False
r3-pilot,62fc2a11f58ff84c748cd8a90968846c022685dcbd0d5eb8e8c7f16ed15ad74d,2,1,327,210,False,False
r3-pilot,62fc2a11f58ff84c748cd8a90968846c022685dcbd0d5eb8e8c7f16ed15ad74d,2,1,328,210,False,False
r3-pilot,62fc2a11f58ff84c748cd8a90968846c022685dcbd0d5eb8e8c7f16ed15ad74d,2,1,329,210,False,False
r3-pilot,62fc2a11f58ff84c748cd8a90968846c022685dcbd0d5eb8e8c7f16ed15ad74d,2,1,330,210,False,False
r3-pilot,62fc2a11f58ff84c748cd8a90968846c022685dcbd0d5eb8e8c7f16ed15ad74d,2,1,331,210,False,False
r3-pilot,62fc2a11f58ff84c748cd8a90968846c022685dcbd0d5eb8e8c7f16ed15ad74d,2,1,332,210,False,False
r3-pilot,62fc2a11f58ff84c748cd8a90968846c022685dcbd0d5eb8e8c7f16ed15ad74d,2,1,333,210,False,False
r3-pilot,62fc2a11f58ff84c748cd8a90968846c022685dcbd0d5eb8e8c7f16ed15ad74d,2,1,334,210,False,False
r3-pilot,62fc2a11f58ff84c748cd8a90968846c022685dcbd0d5eb8e8c7f16ed15ad74d,2,1,335,210,False,False
r3-pilot,62fc2a11f58ff84c748cd8a90968846c022685dcbd0d5eb8e8c7f16ed15ad74d,2,1,336,210,False,False
r3-pilot,62fc2a11f58ff84c748cd8a90968846c022685dcbd0d5eb8e8c7f16ed15ad74d,2,1,337,210,False,False
r3-pilot,62fc2a11f58ff84c748cd8a90968846c022685dcbd0d5eb8e8c7f16ed15ad74d,2,1,338,210,False,False
r3-pilot,62fc2a11f58ff84c748cd8a90968846c022685dcbd0d5eb8e8c7f16ed15ad74d,2,1,339,210,False,False
r3-pilot,62fc2a11f58ff84c748cd8a90968846c022685dcbd0d5eb8e8c7f16ed15ad74d,2,1,340,210,False,False
r3-pilot,62fc2a11f58ff84c748cd8a90968846c022685dcbd0d5eb8e8c7f16ed15ad74d,2,1,341,210,False,False
r3-pilot,62fc2a11f58ff84c748cd8a90968846c022685dcbd0d5eb8e8c7f16ed15ad74d,2,1,342,210,False,False
r3-pilot,62fc2a11f58ff84c748cd8a90968846c022685dcbd0d5eb8e8c7f16ed15ad74d,2,1,343,210,False,False
r3-pilot,62fc2a11f58ff84c748cd8a90968846c022685dcbd0d5eb8e8c7f16ed15ad74d,2,1,344,210,False,False
r3-pilot,62fc2a11f58ff84c748cd8a90968846c022685dcbd0d5eb8e8c7f16ed15ad74d,2,1,345,210,False,False
r3-pilot,62fc2a11f58ff84c748cd8a90968846c022685dcbd0d5eb8e8c7f16ed15ad74d,2,1,346,210,False,False
r3-pilot,62fc2a11f58ff84c748cd8a90968846c022685dcbd0d5eb8e8c7f16ed15ad74d,2,1,347,210,False,False
r3-pilot,62fc2a11f58ff84c748cd8a90968846c022685dcbd0d5eb8e8c7f16ed15ad74d,2,1,348,210,False,False
r3-pilot,62fc2a11f58ff84c748cd8a90968846c022685dcbd0d5eb8e8c7f16ed15ad74d,2,1,349,210,False,False
r3-pilot,62fc2a11f58ff84c748cd8a90968846c022685dcbd0d5eb8e8c7f16ed15ad74d,2,1,350,210,False,False
r3-pilot,62fc2a11f58ff84c748cd8a90968846c022685dcbd0d5eb8e8c7f16ed15ad74d,2,1,351,210,False,False
r3-pilot,62fc2a11f58ff84c748cd8a90968846c022685dcbd0d5eb8e8c7f16ed15ad74d,2,1,352,210,False,False
r3-pilot,62fc2a11f58ff84c748cd8a90968846c022685dcbd0d5eb8e8c7f16ed15ad74d,2,1,353,210,False,False
r3-pilot,62fc2a11f58ff84c748cd8a90968846c022685dcbd0d5eb8e8c7f16ed15ad74d,2,1,354,210,False,False
r3-pilot,62fc2a11f58ff84c748cd8a90968846c022685dcbd0d5eb8e8c7f16ed15ad74d,2,1,355,210,False,False
r3-pilot,62fc2a11f58ff84c748cd8a90968846c022685dcbd0d5eb8e8c7f16ed15ad74d,2,1,356,210,False,False
r3-pilot,62fc2a11f58ff84c748cd8a90968846c022685dcbd0d5eb8e8c7f16ed15ad74d,2,1,357,210,False,False
r3-pilot,62fc2a11f58ff84c748cd8a90968846c022685dcbd0d5eb8e8c7f16ed15ad74d,2,1,358,210,False,False
r3-pilot,62fc2a11f58ff84c748cd8a90968846c022685dcbd0d5eb8e8c7f16ed15ad74d,2,1,359,210,False,False
r3-pilot,62fc2a11f58ff84c748cd8a90968846c022685dcbd0d5eb8e8c7f16ed15ad74d,2,1,360,210,False,False
r3-pilot,62fc2a11f58ff84c748cd8a90968846c022685dcbd0d5eb8e8c7f16ed15ad74d,2,1,361,210,False,False
r3-pilot,62fc2a11f58ff84c748cd8a90968846c022685dcbd0d5eb8e8c7f16ed15ad74d,2,1,362,210,False,False
r3-pilot,62fc2a11f58ff84c748cd8a90968846c022685dcbd0d5eb8e8c7f16ed15ad74d,2,1,363,210,False,False
r3-pilot,62fc2a11f58ff84c748cd8a90968846c022685dcbd0d5eb8e8c7f16ed15ad74d,2,1,364,210,False,False
r3-pilot,62fc2a11f58ff84c748cd8a90968846c022685dcbd0d5eb8e8c7f16ed15ad74d,2,1,365,210,False,False
r3-pilot,62fc2a11f58ff84c748cd8a90968846c022685dcbd0d5eb8e8c7f16ed15ad74d,2,1,366,210,False,False
r3-pilot,62fc2a11f58ff84c748cd8a90968846c022685dcbd0d5eb8e8c7f16ed15ad74d,2,1,367,210,False,False
r3-pilot,62fc2a11f58ff84c748cd8a90968846c022685dcbd0d5eb8e8c7f16ed15ad74d,2,1,368,210,False,False
r3-pilot,62fc2a11f58ff84c748cd8a90968846c022685dcbd0d5eb8e8c7f16ed15ad74d,2,1,369,210,False,False
r3-pilot,62fc2a11f58ff84c748cd8a90968846c022685dcbd0d5eb8e8c7f16ed15ad74d,2,1,370,210,False,False
r3-pilot,62fc2a11f58ff84c748cd8a90968846c022685dcbd0d5eb8e8c7f16ed15ad74d,2,1,371,210,False,True
r3-pilot,62fc2a11f58ff84c748cd8a90968846c022685dcbd0d5eb8e8c7f16ed15ad74d,2,1,288,211,False,False
r3-pilot,62fc2a11f58ff84c748cd8a90968846c022685dcbd0d5eb8e8c7f16ed15ad74d,2,1,289,211,False,False
r3-pilot,62fc2a11f58ff84c748cd8a90968846c022685dcbd0d5eb8e8c7f16ed15ad74d,2,1,290,211,False,False
r3-pilot,62fc2a11f58ff84c748cd8a90968846c022685dcbd0d5eb8e8c7f16ed15ad74d,2,1,291,211,False,False
r3-pilot,62fc2a11f58ff84c748cd8a90968846c022685dcbd0d5eb8e8c7f16ed15ad74d,2,1,292,211,False,False
r3-pilot,62fc2a11f58ff84c748cd8a90968846c022685dcbd0d5eb8e8c7f16ed15ad74d,2,1,293,211,False,False
r3-pilot,62fc2a11f58ff84c748cd8a90968846c022685dcbd0d5eb8e8c7f16ed15ad74d,2,1,294,211,False,False
r3-pilot,62fc2a11f58ff84c748cd8a90968846c022685dcbd0d5eb8e8c7f16ed15ad74d,2,1,295,211,False,False
r3-pilot,62fc2a11f58ff84c748cd8a90968846c022685dcbd0d5eb8e8c7f16ed15ad74d,2,1,296,211,False,False
r3-pilot,62fc2a11f58ff84c748cd8a90968846c022685dcbd0d5eb8e8c7f16ed15ad74d,2,1,297,211,False,False
r3-pilot,62fc2a11f58ff84c748cd8a90968846c022685dcbd0d5eb8e8c7f16ed15ad74d,2,1,298,211,False,False
r3-pilot,62fc2a11f58ff84c748cd8a90968846c022685dcbd0d5eb8e8c7f16ed15ad74d,2,1,299,211,False,False
r3-pilot,62fc2a11f58ff84c748cd8a90968846c022685dcbd0d5eb8e8c7f16ed15ad74d,2,1,300,211,False,False
r3-pilot,62fc2a11f58ff84c748cd8a90968846c022685dcbd0d5eb8e8c7f16ed15ad74d,2,1,301,211,False,False
r3-pilot,62fc2a11f58ff84c748cd8a90968846c022685dcbd0d5eb8e8c7f16ed15ad74d,2,1,302,211,False,False
r3-pilot,62fc2a11f58ff84c748cd8a90968846c022685dcbd0d5eb8e8c7f16ed15ad74d,2,1,303,211,False,False
r3-pilot,62fc2a11f58ff84c748cd8a90968846c022685dcbd0d5eb8e8c7f16ed15ad74d,2,1,304,211,False,False
r3-pilot,62fc2a11f58ff84c748cd8a90968846c022685dcbd0d5eb8e8c7f16ed15ad74d,2,1,305,211,False,False
r3-pilot,62fc2a11f58ff84c748cd8a90968846c022685dcbd0d5eb8e8c7f16ed15ad74d,2,1,306,211,False,False
r3-pilot,62fc2a11f58ff84c748cd8a90968846c022685dcbd0d5eb8e8c7f16ed15ad74d,2,1,307,211,False,False
r3-pilot,62fc2a11f58ff84c748cd8a90968846c022685dcbd0d5eb8e8c7f16ed15ad74d,2,1,308,211,False,False
r3-pilot,62fc2a11f58ff84c748cd8a90968846c022685dcbd0d5eb8e8c7f16ed15ad74d,2,1,309,211,False,False
r3-pilot,62fc2a11f58ff84c748cd8a90968846c022685dcbd0d5eb8e8c7f16ed15ad74d,2,1,310,211,False,False
r3-pilot,62fc2a11f58ff84c748cd8a90968846c022685dcbd0d5eb8e8c7f16ed15ad74d,2,1,311,211,False,False
r3-pilot,62fc2a11f58ff84c748cd8a90968846c022685dcbd0d5eb8e8c7f16ed15ad74d,2,1,312,211,False,False
r3-pilot,62fc2a11f58ff84c748cd8a90968846c022685dcbd0d5eb8e8c7f16ed15ad74d,2,1,313,211,False,False
r3-pilot,62fc2a11f58ff84c748cd8a90968846c022685dcbd0d5eb8e8c7f16ed15ad74d,2,1,314,211,False,False
r3-pilot,62fc2a11f58ff84c748cd8a90968846c022685dcbd0d5eb8e8c7f16ed15ad74d,2,1,315,211,False,False
r3-pilot,62fc2a11f58ff84c748cd8a90968846c022685dcbd0d5eb8e8c7f16ed15ad74d,2,1,316,211,False,False
r3-pilot,62fc2a11f58ff84c748cd8a90968846c022685dcbd0d5eb8e8c7f16ed15ad74d,2,1,317,211,False,False
r3-pilot,62fc2a11f58ff84c748cd8a90968846c022685dcbd0d5eb8e8c7f16ed15ad74d,2,1,318,211,False,False
r3-pilot,62fc2a11f58ff84c748cd8a90968846c022685dcbd0d5eb8e8c7f16ed15ad74d,2,1,319,211,False,False
r3-pilot,62fc2a11f58ff84c748cd8a90968846c022685dcbd0d5eb8e8c7f16ed15ad74d,2,1,320,211,False,False
r3-pilot,62fc2a11f58ff84c748cd8a90968846c022685dcbd0d5eb8e8c7f16ed15ad74d,2,1,321,211,False,False
r3-pilot,62fc2a11f58ff84c748cd8a90968846c022685dcbd0d5eb8e8c7f16ed15ad74d,2,1,322,211,False,False
r3-pilot,62fc2a11f58ff84c748cd8a90968846c022685dcbd0d5eb8e8c7f16ed15ad74d,2,1,323,211,False,False
r3-pilot,62fc2a11f58ff84c748cd8a90968846c022685dcbd0d5eb8e8c7f16ed15ad74d,2,1,324,211,False,False
r3-pilot,62fc2a11f58ff84c748cd8a90968846c022685dcbd0d5eb8e8c7f16ed15ad74d,2,1,325,211,False,False
r3-pilot,62fc2a11f58ff84c748cd8a90968846c022685dcbd0d5eb8e8c7f16ed15ad74d,2,1,326,211,False,False
r3-pilot,62fc2a11f58ff84c748cd8a90968846c022685dcbd0d5eb8e8c7f16ed15ad74d,2,1,327,211,False,False
r3-pilot,62fc2a11f58ff84c748cd8a90968846c022685dcbd0d5eb8e8c7f16ed15ad74d,2,1,328,211,False,False
r3-pilot,62fc2a11f58ff84c748cd8a90968846c022685dcbd0d5eb8e8c7f16ed15ad74d,2,1,329,211,False,False
r3-pilot,62fc2a11f58ff84c748cd8a90968846c022685dcbd0d5eb8e8c7f16ed15ad74d,2,1,330,211,False,False
r3-pilot,62fc2a11f58ff84c748cd8a90968846c022685dcbd0d5eb8e8c7f16ed15ad74d,2,1,331,211,False,False
r3-pilot,62fc2a11f58ff84c748cd8a90968846c022685dcbd0d5eb8e8c7f16ed15ad74d,2,1,332,211,False,False
r3-pilot,62fc2a11f58ff84c748cd8a90968846c022685dcbd0d5eb8e8c7f16ed15ad74d,2,1,333,211,False,False
r3-pilot,62fc2a11f58ff84c748cd8a90968846c022685dcbd0d5eb8e8c7f16ed15ad74d,2,1,334,211,False,False
r3-pilot,62fc2a11f58ff84c748cd8a90968846c022685dcbd0d5eb8e8c7f16ed15ad74d,2,1,335,211,False,False
r3-pilot,62fc2a11f58ff84c748cd8a90968846c022685dcbd0d5eb8e8c7f16ed15ad74d,2,1,336,211,False,False
r3-pilot,62fc2a11f58ff84c748cd8a90968846c022685dcbd0d5eb8e8c7f16ed15ad74d,2,1,337,211,False,False
r3-pilot,62fc2a11f58ff84c748cd8a90968846c022685dcbd0d5eb8e8c7f16ed15ad74d,2,1,338,211,False,False
r3-pilot,62fc2a11f58ff84c748cd8a90968846c022685dcbd0d5eb8e8c7f16ed15ad74d,2,1,339,211,False,False
r3-pilot,62fc2a11f58ff84c748cd8a90968846c022685dcbd0d5eb8e8c7f16ed15ad74d,2,1,340,211,False,False
r3-pilot,62fc2a11f58ff84c748cd8a90968846c022685dcbd0d5eb8e8c7f16ed15ad74d,2,1,341,211,False,False
r3-pilot,62fc2a11f58ff84c748cd8a90968846c022685dcbd0d5eb8e8c7f16ed15ad74d,2,1,342,211,False,False
r3-pilot,62fc2a11f58ff84c748cd8a90968846c022685dcbd0d5eb8e8c7f16ed15ad74d,2,1,343,211,False,False
r3-pilot,62fc2a11f58ff84c748cd8a90968846c022685dcbd0d5eb8e8c7f16ed15ad74d,2,1,344,211,False,False
r3-pilot,62fc2a11f58ff84c748cd8a90968846c022685dcbd0d5eb8e8c7f16ed15ad74d,2,1,345,211,False,False
r3-pilot,62fc2a11f58ff84c748cd8a90968846c022685dcbd0d5eb8e8c7f16ed15ad74d,2,1,346,211,False,False
r3-pilot,62fc2a11f58ff84c748cd8a90968846c022685dcbd0d5eb8e8c7f16ed15ad74d,2,1,347,211,False,False
r3-pilot,62fc2a11f58ff84c748cd8a90968846c022685dcbd0d5eb8e8c7f16ed15ad74d,2,1,348,211,False,False
r3-pilot,62fc2a11f58ff84c748cd8a90968846c022685dcbd0d5eb8e8c7f16ed15ad74d,2,1,349,211,False,False
r3-pilot,62fc2a11f58ff84c748cd8a90968846c022685dcbd0d5eb8e8c7f16ed15ad74d,2,1,350,211,False,False
r3-pilot,62fc2a11f58ff84c748cd8a90968846c022685dcbd0d5eb8e8c7f16ed15ad74d,2,1,351,211,False,False
r3-pilot,62fc2a11f58ff84c748cd8a90968846c022685dcbd0d5eb8e8c7f16ed15ad74d,2,1,352,211,False,False
r3-pilot,62fc2a11f58ff84c748cd8a90968846c022685dcbd0d5eb8e8c7f16ed15ad74d,2,1,353,211,False,False
r3-pilot,62fc2a11f58ff84c748cd8a90968846c022685dcbd0d5eb8e8c7f16ed15ad74d,2,1,354,211,False,False
r3-pilot,62fc2a11f58ff84c748cd8a90968846c022685dcbd0d5eb8e8c7f16ed15ad74d,2,1,355,211,False,False
r3-pilot,62fc2a11f58ff84c748cd8a90968846c022685dcbd0d5eb8e8c7f16ed15ad74d,2,1,356,211,False,False
r3-pilot,62fc2a11f58ff84c748cd8a90968846c022685dcbd0d5eb8e8c7f16ed15ad74d,2,1,357,211,False,False
r3-pilot,62fc2a11f58ff84c748cd8a90968846c022685dcbd0d5eb8e8c7f16ed15ad74d,2,1,358,211,False,False
r3-pilot,62fc2a11f58ff84c748cd8a90968846c022685dcbd0d5eb8e8c7f16ed15ad74d,2,1,359,211,False,False
r3-pilot,62fc2a11f58ff84c748cd8a90968846c022685dcbd0d5eb8e8c7f16ed15ad74d,2,1,360,211,False,False
r3-pilot,62fc2a11f58ff84c748cd8a90968846c022685dcbd0d5eb8e8c7f16ed15ad74d,2,1,361,211,False,False
r3-pilot,62fc2a11f58ff84c748cd8a90968846c022685dcbd0d5eb8e8c7f16ed15ad74d,2,1,362,211,False,False
r3-pilot,62fc2a11f58ff84c748cd8a90968846c022685dcbd0d5eb8e8c7f16ed15ad74d,2,1,363,211,False,False
r3-pilot,62fc2a11f58ff84c748cd8a90968846c022685dcbd0d5eb8e8c7f16ed15ad74d,2,1,364,211,False,False
r3-pilot,62fc2a11f58ff84c748cd8a90968846c022685dcbd0d5eb8e8c7f16ed15ad74d,2,1,365,211,False,False
r3-pilot,62fc2a11f58ff84c748cd8a90968846c022685dcbd0d5eb8e8c7f16ed15ad74d,2,1,366,211,False,False
r3-pilot,62fc2a11f58ff84c748cd8a90968846c022685dcbd0d5eb8e8c7f16ed15ad74d,2,1,367,211,False,False
r3-pilot,62fc2a11f58ff84c748cd8a90968846c022685dcbd0d5eb8e8c7f16ed15ad74d,2,1,368,211,False,False
r3-pilot,62fc2a11f58ff84c748cd8a90968846c022685dcbd0d5eb8e8c7f16ed15ad74d,2,1,369,211,False,False
r3-pilot,62fc2a11f58ff84c748cd8a90968846c022685dcbd0d5eb8e8c7f16ed15ad74d,2,1,370,211,False,False
r3-pilot,62fc2a11f58ff84c748cd8a90968846c022685dcbd0d5eb8e8c7f16ed15ad74d,2,1,371,211,False,True
r3-pilot,62fc2a11f58ff84c748cd8a90968846c022685dcbd0d5eb8e8c7f16ed15ad74d,2,1,288,212,False,False
r3-pilot,62fc2a11f58ff84c748cd8a90968846c022685dcbd0d5eb8e8c7f16ed15ad74d,2,1,289,212,False,False
r3-pilot,62fc2a11f58ff84c748cd8a90968846c022685dcbd0d5eb8e8c7f16ed15ad74d,2,1,290,212,False,False
r3-pilot,62fc2a11f58ff84c748cd8a90968846c022685dcbd0d5eb8e8c7f16ed15ad74d,2,1,291,212,False,False
r3-pilot,62fc2a11f58ff84c748cd8a90968846c022685dcbd0d5eb8e8c7f16ed15ad74d,2,1,292,212,False,False
r3-pilot,62fc2a11f58ff84c748cd8a90968846c022685dcbd0d5eb8e8c7f16ed15ad74d,2,1,293,212,False,False
r3-pilot,62fc2a11f58ff84c748cd8a90968846c022685dcbd0d5eb8e8c7f16ed15ad74d,2,1,294,212,False,False
r3-pilot,62fc2a11f58ff84c748cd8a90968846c022685dcbd0d5eb8e8c7f16ed15ad74d,2,1,295,212,False,False
r3-pilot,62fc2a11f58ff84c748cd8a90968846c022685dcbd0d5eb8e8c7f16ed15ad74d,2,1,296,212,False,False
r3-pilot,62fc2a11f58ff84c748cd8a90968846c022685dcbd0d5eb8e8c7f16ed15ad74d,2,1,297,212,False,False
r3-pilot,62fc2a11f58ff84c748cd8a90968846c022685dcbd0d5eb8e8c7f16ed15ad74d,2,1,298,212,False,False
r3-pilot,62fc2a11f58ff84c748cd8a90968846c022685dcbd0d5eb8e8c7f16ed15ad74d,2,1,299,212,False,False
r3-pilot,62fc2a11f58ff84c748cd8a90968846c022685dcbd0d5eb8e8c7f16ed15ad74d,2,1,300,212,False,False
r3-pilot,62fc2a11f58ff84c748cd8a90968846c022685dcbd0d5eb8e8c7f16ed15ad74d,2,1,301,212,False,False
r3-pilot,62fc2a11f58ff84c748cd8a90968846c022685dcbd0d5eb8e8c7f16ed15ad74d,2,1,302,212,False,False
r3-pilot,62fc2a11f58ff84c748cd8a90968846c022685dcbd0d5eb8e8c7f16ed15ad74d,2,1,303,212,False,False
r3-pilot,62fc2a11f58ff84c748cd8a90968846c022685dcbd0d5eb8e8c7f16ed15ad74d,2,1,304,212,False,False
r3-pilot,62fc2a11f58ff84c748cd8a90968846c022685dcbd0d5eb8e8c7f16ed15ad74d,2,1,305,212,False,False
r3-pilot,62fc2a11f58ff84c748cd8a90968846c022685dcbd0d5eb8e8c7f16ed15ad74d,2,1,306,212,False,False
r3-pilot,62fc2a11f58ff84c748cd8a90968846c022685dcbd0d5eb8e8c7f16ed15ad74d,2,1,307,212,False,False
r3-pilot,62fc2a11f58ff84c748cd8a90968846c022685dcbd0d5eb8e8c7f16ed15ad74d,2,1,308,212,False,False
r3-pilot,62fc2a11f58ff84c748cd8a90968846c022685dcbd0d5eb8e8c7f16ed15ad74d,2,1,309,212,False,False
r3-pilot,62fc2a11f58ff84c748cd8a90968846c022685dcbd0d5eb8e8c7f16ed15ad74d,2,1,310,212,False,False
r3-pilot,62fc2a11f58ff84c748cd8a90968846c022685dcbd0d5eb8e8c7f16ed15ad74d,2,1,311,212,False,False
r3-pilot,62fc2a11f58ff84c748cd8a90968846c022685dcbd0d5eb8e8c7f16ed15ad74d,2,1,312,212,False,False
r3-pilot,62fc2a11f58ff84c748cd8a90968846c022685dcbd0d5eb8e8c7f16ed15ad74d,2,1,313,212,False,False
r3-pilot,62fc2a11f58ff84c748cd8a90968846c022685dcbd0d5eb8e8c7f16ed15ad74d,2,1,314,212,False,False
r3-pilot,62fc2a11f58ff84c748cd8a90968846c022685dcbd0d5eb8e8c7f16ed15ad74d,2,1,315,212,False,False
r3-pilot,62fc2a11f58ff84c748cd8a90968846c022685dcbd0d5eb8e8c7f16ed15ad74d,2,1,316,212,False,False
r3-pilot,62fc2a11f58ff84c748cd8a90968846c022685dcbd0d5eb8e8c7f16ed15ad74d,2,1,317,212,False,False
r3-pilot,62fc2a11f58ff84c748cd8a90968846c022685dcbd0d5eb8e8c7f16ed15ad74d,2,1,318,212,False,False
r3-pilot,62fc2a11f58ff84c748cd8a90968846c022685dcbd0d5eb8e8c7f16ed15ad74d,2,1,319,212,False,False
r3-pilot,62fc2a11f58ff84c748cd8a90968846c022685dcbd0d5eb8e8c7f16ed15ad74d,2,1,320,212,False,False
r3-pilot,62fc2a11f58ff84c748cd8a90968846c022685dcbd0d5eb8e8c7f16ed15ad74d,2,1,321,212,False,False
r3-pilot,62fc2a11f58ff84c748cd8a90968846c022685dcbd0d5eb8e8c7f16ed15ad74d,2,1,322,212,False,False
r3-pilot,62fc2a11f58ff84c748cd8a90968846c022685dcbd0d5eb8e8c7f16ed15ad74d,2,1,323,212,False,False
r3-pilot,62fc2a11f58ff84c748cd8a90968846c022685dcbd0d5eb8e8c7f16ed15ad74d,2,1,324,212,False,False
r3-pilot,62fc2a11f58ff84c748cd8a90968846c022685dcbd0d5eb8e8c7f16ed15ad74d,2,1,325,212,False,False
r3-pilot,62fc2a11f58ff84c748cd8a90968846c022685dcbd0d5eb8e8c7f16ed15ad74d,2,1,326,212,False,False
r3-pilot,62fc2a11f58ff84c748cd8a90968846c022685dcbd0d5eb8e8c7f16ed15ad74d,2,1,327,212,False,False
r3-pilot,62fc2a11f58ff84c748cd8a90968846c022685dcbd0d5eb8e8c7f16ed15ad74d,2,1,328,212,False,False
r3-pilot,62fc2a11f58ff84c748cd8a90968846c022685dcbd0d5eb8e8c7f16ed15ad74d,2,1,329,212,False,False
r3-pilot,62fc2a11f58ff84c748cd8a90968846c022685dcbd0d5eb8e8c7f16ed15ad74d,2,1,330,212,False,False
r3-pilot,62fc2a11f58ff84c748cd8a90968846c022685dcbd0d5eb8e8c7f16ed15ad74d,2,1,331,212,False,False
r3-pilot,62fc2a11f58ff84c748cd8a90968846c022685dcbd0d5eb8e8c7f16ed15ad74d,2,1,332,212,False,False
r3-pilot,62fc2a11f58ff84c748cd8a90968846c022685dcbd0d5eb8e8c7f16ed15ad74d,2,1,333,212,False,False
r3-pilot,62fc2a11f58ff84c748cd8a90968846c022685dcbd0d5eb8e8c7f16ed15ad74d,2,1,334,212,False,False
r3-pilot,62fc2a11f58ff84c748cd8a90968846c022685dcbd0d5eb8e8c7f16ed15ad74d,2,1,335,212,False,False
r3-pilot,62fc2a11f58ff84c748cd8a90968846c022685dcbd0d5eb8e8c7f16ed15ad74d,2,1,336,212,False,False
r3-pilot,62fc2a11f58ff84c748cd8a90968846c022685dcbd0d5eb8e8c7f16ed15ad74d,2,1,337,212,False,False
r3-pilot,62fc2a11f58ff84c748cd8a90968846c022685dcbd0d5eb8e8c7f16ed15ad74d,2,1,338,212,False,False
r3-pilot,62fc2a11f58ff84c748cd8a90968846c022685dcbd0d5eb8e8c7f16ed15ad74d,2,1,339,212,False,False
r3-pilot,62fc2a11f58ff84c748cd8a90968846c022685dcbd0d5eb8e8c7f16ed15ad74d,2,1,340,212,False,False
r3-pilot,62fc2a11f58ff84c748cd8a90968846c022685dcbd0d5eb8e8c7f16ed15ad74d,2,1,341,212,False,False
r3-pilot,62fc2a11f58ff84c748cd8a90968846c022685dcbd0d5eb8e8c7f16ed15ad74d,2,1,342,212,False,False
r3-pilot,62fc2a11f58ff84c748cd8a90968846c022685dcbd0d5eb8e8c7f16ed15ad74d,2,1,343,212,False,False
r3-pilot,62fc2a11f58ff84c748cd8a90968846c022685dcbd0d5eb8e8c7f16ed15ad74d,2,1,344,212,False,False
r3-pilot,62fc2a11f58ff84c748cd8a90968846c022685dcbd0d5eb8e8c7f16ed15ad74d,2,1,345,212,False,False
r3-pilot,62fc2a11f58ff84c748cd8a90968846c022685dcbd0d5eb8e8c7f16ed15ad74d,2,1,346,212,False,False
r3-pilot,62fc2a11f58ff84c748cd8a90968846c022685dcbd0d5eb8e8c7f16ed15ad74d,2,1,347,212,False,False
r3-pilot,62fc2a11f58ff84c748cd8a90968846c022685dcbd0d5eb8e8c7f16ed15ad74d,2,1,348,212,False,False
r3-pilot,62fc2a11f58ff84c748cd8a90968846c022685dcbd0d5eb8e8c7f16ed15ad74d,2,1,349,212,False,False
r3-pilot,62fc2a11f58ff84c748cd8a90968846c022685dcbd0d5eb8e8c7f16ed15ad74d,2,1,350,212,False,False
r3-pilot,62fc2a11f58ff84c748cd8a90968846c022685dcbd0d5eb8e8c7f16ed15ad74d,2,1,351,212,False,False
r3-pilot,62fc2a11f58ff84c748cd8a90968846c022685dcbd0d5eb8e8c7f16ed15ad74d,2,1,352,212,False,False
r3-pilot,62fc2a11f58ff84c748cd8a90968846c022685dcbd0d5eb8e8c7f16ed15ad74d,2,1,353,212,False,False
r3-pilot,62fc2a11f58ff84c748cd8a90968846c022685dcbd0d5eb8e8c7f16ed15ad74d,2,1,354,212,False,False
r3-pilot,62fc2a11f58ff84c748cd8a90968846c022685dcbd0d5eb8e8c7f16ed15ad74d,2,1,355,212,False,False
r3-pilot,62fc2a11f58ff84c748cd8a90968846c022685dcbd0d5eb8e8c7f16ed15ad74d,2,1,356,212,False,False
r3-pilot,62fc2a11f58ff84c748cd8a90968846c022685dcbd0d5eb8e8c7f16ed15ad74d,2,1,357,212,False,False
r3-pilot,62fc2a11f58ff84c748cd8a90968846c022685dcbd0d5eb8e8c7f16ed15ad74d,2,1,358,212,False,False
r3-pilot,62fc2a11f58ff84c748cd8a90968846c022685dcbd0d5eb8e8c7f16ed15ad74d,2,1,359,212,False,False
r3-pilot,62fc2a11f58ff84c748cd8a90968846c022685dcbd0d5eb8e8c7f16ed15ad74d,2,1,360,212,False,False
r3-pilot,62fc2a11f58ff84c748cd8a90968846c022685dcbd0d5eb8e8c7f16ed15ad74d,2,1,361,212,False,False
r3-pilot,62fc2a11f58ff84c748cd8a90968846c022685dcbd0d5eb8e8c7f16ed15ad74d,2,1,362,212,False,False
r3-pilot,62fc2a11f58ff84c748cd8a90968846c022685dcbd0d5eb8e8c7f16ed15ad74d,2,1,363,212,False,False
r3-pilot,62fc2a11f58ff84c748cd8a90968846c022685dcbd0d5eb8e8c7f16ed15ad74d,2,1,364,212,False,False
r3-pilot,62fc2a11f58ff84c748cd8a90968846c022685dcbd0d5eb8e8c7f16ed15ad74d,2,1,365,212,False,False
r3-pilot,62fc2a11f58ff84c748cd8a90968846c022685dcbd0d5eb8e8c7f16ed15ad74d,2,1,366,212,False,False
r3-pilot,62fc2a11f58ff84c748cd8a90968846c022685dcbd0d5eb8e8c7f16ed15ad74d,2,1,367,212,False,False
r3-pilot,62fc2a11f58ff84c748cd8a90968846c022685dcbd0d5eb8e8c7f16ed15ad74d,2,1,368,212,False,False
r3-pilot,62fc2a11f58ff84c748cd8a90968846c022685dcbd0d5eb8e8c7f16ed15ad74d,2,1,369,212,False,False
r3-pilot,62fc2a11f58ff84c748cd8a90968846c022685dcbd0d5eb8e8c7f16ed15ad74d,2,1,370,212,False,False
r3-pilot,62fc2a11f58ff84c748cd8a90968846c022685dcbd0d5eb8e8c7f16ed15ad74d,2,1,371,212,False,True
r3-pilot,62fc2a11f58ff84c748cd8a90968846c022685dcbd0d5eb8e8c7f16ed15ad74d,2,1,288,213,False,False
r3-pilot,62fc2a11f58ff84c748cd8a90968846c022685dcbd0d5eb8e8c7f16ed15ad74d,2,1,289,213,False,False
r3-pilot,62fc2a11f58ff84c748cd8a90968846c022685dcbd0d5eb8e8c7f16ed15ad74d,2,1,290,213,False,False
r3-pilot,62fc2a11f58ff84c748cd8a90968846c022685dcbd0d5eb8e8c7f16ed15ad74d,2,1,291,213,False,False
r3-pilot,62fc2a11f58ff84c748cd8a90968846c022685dcbd0d5eb8e8c7f16ed15ad74d,2,1,292,213,False,False
r3-pilot,62fc2a11f58ff84c748cd8a90968846c022685dcbd0d5eb8e8c7f16ed15ad74d,2,1,293,213,False,False
r3-pilot,62fc2a11f58ff84c748cd8a90968846c022685dcbd0d5eb8e8c7f16ed15ad74d,2,1,294,213,False,False
r3-pilot,62fc2a11f58ff84c748cd8a90968846c022685dcbd0d5eb8e8c7f16ed15ad74d,2,1,295,213,False,False
r3-pilot,62fc2a11f58ff84c748cd8a90968846c022685dcbd0d5eb8e8c7f16ed15ad74d,2,1,296,213,False,False
r3-pilot,62fc2a11f58ff84c748cd8a90968846c022685dcbd0d5eb8e8c7f16ed15ad74d,2,1,297,213,False,False
r3-pilot,62fc2a11f58ff84c748cd8a90968846c022685dcbd0d5eb8e8c7f16ed15ad74d,2,1,298,213,False,False
r3-pilot,62fc2a11f58ff84c748cd8a90968846c022685dcbd0d5eb8e8c7f16ed15ad74d,2,1,299,213,False,False
r3-pilot,62fc2a11f58ff84c748cd8a90968846c022685dcbd0d5eb8e8c7f16ed15ad74d,2,1,300,213,False,False
r3-pilot,62fc2a11f58ff84c748cd8a90968846c022685dcbd0d5eb8e8c7f16ed15ad74d,2,1,301,213,False,False
r3-pilot,62fc2a11f58ff84c748cd8a90968846c022685dcbd0d5eb8e8c7f16ed15ad74d,2,1,302,213,False,False
r3-pilot,62fc2a11f58ff84c748cd8a90968846c022685dcbd0d5eb8e8c7f16ed15ad74d,2,1,303,213,False,False
r3-pilot,62fc2a11f58ff84c748cd8a90968846c022685dcbd0d5eb8e8c7f16ed15ad74d,2,1,304,213,False,False
r3-pilot,62fc2a11f58ff84c748cd8a90968846c022685dcbd0d5eb8e8c7f16ed15ad74d,2,1,305,213,False,False
r3-pilot,62fc2a11f58ff84c748cd8a90968846c022685dcbd0d5eb8e8c7f16ed15ad74d,2,1,306,213,False,False
r3-pilot,62fc2a11f58ff84c748cd8a90968846c022685dcbd0d5eb8e8c7f16ed15ad74d,2,1,307,213,False,False
r3-pilot,62fc2a11f58ff84c748cd8a90968846c022685dcbd0d5eb8e8c7f16ed15ad74d,2,1,308,213,False,False
r3-pilot,62fc2a11f58ff84c748cd8a90968846c022685dcbd0d5eb8e8c7f16ed15ad74d,2,1,309,213,False,False
r3-pilot,62fc2a11f58ff84c748cd8a90968846c022685dcbd0d5eb8e8c7f16ed15ad74d,2,1,310,213,False,False
r3-pilot,62fc2a11f58ff84c748cd8a90968846c022685dcbd0d5eb8e8c7f16ed15ad74d,2,1,311,213,False,False
r3-pilot,62fc2a11f58ff84c748cd8a90968846c022685dcbd0d5eb8e8c7f16ed15ad74d,2,1,312,213,False,False
r3-pilot,62fc2a11f58ff84c748cd8a90968846c022685dcbd0d5eb8e8c7f16ed15ad74d,2,1,313,213,False,False
r3-pilot,62fc2a11f58ff84c748cd8a90968846c022685dcbd0d5eb8e8c7f16ed15ad74d,2,1,314,213,False,False
r3-pilot,62fc2a11f58ff84c748cd8a90968846c022685dcbd0d5eb8e8c7f16ed15ad74d,2,1,315,213,False,False
r3-pilot,62fc2a11f58ff84c748cd8a90968846c022685dcbd0d5eb8e8c7f16ed15ad74d,2,1,316,213,False,False
r3-pilot,62fc2a11f58ff84c748cd8a90968846c022685dcbd0d5eb8e8c7f16ed15ad74d,2,1,317,213,False,False
r3-pilot,62fc2a11f58ff84c748cd8a90968846c022685dcbd0d5eb8e8c7f16ed15ad74d,2,1,318,213,False,False
r3-pilot,62fc2a11f58ff84c748cd8a90968846c022685dcbd0d5eb8e8c7f16ed15ad74d,2,1,319,213,False,False
r3-pilot,62fc2a11f58ff84c748cd8a90968846c022685dcbd0d5eb8e8c7f16ed15ad74d,2,1,320,213,False,False
r3-pilot,62fc2a11f58ff84c748cd8a90968846c022685dcbd0d5eb8e8c7f16ed15ad74d,2,1,321,213,False,False
r3-pilot,62fc2a11f58ff84c748cd8a90968846c022685dcbd0d5eb8e8c7f16ed15ad74d,2,1,322,213,False,False
r3-pilot,62fc2a11f58ff84c748cd8a90968846c022685dcbd0d5eb8e8c7f16ed15ad74d,2,1,323,213,False,False
r3-pilot,62fc2a11f58ff84c748cd8a90968846c022685dcbd0d5eb8e8c7f16ed15ad74d,2,1,324,213,False,False
r3-pilot,62fc2a11f58ff84c748cd8a90968846c022685dcbd0d5eb8e8c7f16ed15ad74d,2,1,325,213,False,False
r3-pilot,62fc2a11f58ff84c748cd8a90968846c022685dcbd0d5eb8e8c7f16ed15ad74d,2,1,326,213,False,False
r3-pilot,62fc2a11f58ff84c748cd8a90968846c022685dcbd0d5eb8e8c7f16ed15ad74d,2,1,327,213,False,False
r3-pilot,62fc2a11f58ff84c748cd8a90968846c022685dcbd0d5eb8e8c7f16ed15ad74d,2,1,328,213,False,False
r3-pilot,62fc2a11f58ff84c748cd8a90968846c022685dcbd0d5eb8e8c7f16ed15ad74d,2,1,329,213,False,False
r3-pilot,62fc2a11f58ff84c748cd8a90968846c022685dcbd0d5eb8e8c7f16ed15ad74d,2,1,330,213,False,False
r3-pilot,62fc2a11f58ff84c748cd8a90968846c022685dcbd0d5eb8e8c7f16ed15ad74d,2,1,331,213,False,False
r3-pilot,62fc2a11f58ff84c748cd8a90968846c022685dcbd0d5eb8e8c7f16ed15ad74d,2,1,332,213,False,False
r3-pilot,62fc2a11f58ff84c748cd8a90968846c022685dcbd0d5eb8e8c7f16ed15ad74d,2,1,333,213,False,False
r3-pilot,62fc2a11f58ff84c748cd8a90968846c022685dcbd0d5eb8e8c7f16ed15ad74d,2,1,334,213,False,False
r3-pilot,62fc2a11f58ff84c748cd8a90968846c022685dcbd0d5eb8e8c7f16ed15ad74d,2,1,335,213,False,False
r3-pilot,62fc2a11f58ff84c748cd8a90968846c022685dcbd0d5eb8e8c7f16ed15ad74d,2,1,336,213,False,False
r3-pilot,62fc2a11f58ff84c748cd8a90968846c022685dcbd0d5eb8e8c7f16ed15ad74d,2,1,337,213,False,False
r3-pilot,62fc2a11f58ff84c748cd8a90968846c022685dcbd0d5eb8e8c7f16ed15ad74d,2,1,338,213,False,False
r3-pilot,62fc2a11f58ff84c748cd8a90968846c022685dcbd0d5eb8e8c7f16ed15ad74d,2,1,339,213,False,False
r3-pilot,62fc2a11f58ff84c748cd8a90968846c022685dcbd0d5eb8e8c7f16ed15ad74d,2,1,340,213,False,False
r3-pilot,62fc2a11f58ff84c748cd8a90968846c022685dcbd0d5eb8e8c7f16ed15ad74d,2,1,341,213,False,False
r3-pilot,62fc2a11f58ff84c748cd8a90968846c022685dcbd0d5eb8e8c7f16ed15ad74d,2,1,342,213,False,False
r3-pilot,62fc2a11f58ff84c748cd8a90968846c022685dcbd0d5eb8e8c7f16ed15ad74d,2,1,343,213,False,False
r3-pilot,62fc2a11f58ff84c748cd8a90968846c022685dcbd0d5eb8e8c7f16ed15ad74d,2,1,344,213,False,False
r3-pilot,62fc2a11f58ff84c748cd8a90968846c022685dcbd0d5eb8e8c7f16ed15ad74d,2,1,345,213,False,False
r3-pilot,62fc2a11f58ff84c748cd8a90968846c022685dcbd0d5eb8e8c7f16ed15ad74d,2,1,346,213,False,False
r3-pilot,62fc2a11f58ff84c748cd8a90968846c022685dcbd0d5eb8e8c7f16ed15ad74d,2,1,347,213,False,False
r3-pilot,62fc2a11f58ff84c748cd8a90968846c022685dcbd0d5eb8e8c7f16ed15ad74d,2,1,348,213,False,False
r3-pilot,62fc2a11f58ff84c748cd8a90968846c022685dcbd0d5eb8e8c7f16ed15ad74d,2,1,349,213,False,False
r3-pilot,62fc2a11f58ff84c748cd8a90968846c022685dcbd0d5eb8e8c7f16ed15ad74d,2,1,350,213,False,False
r3-pilot,62fc2a11f58ff84c748cd8a90968846c022685dcbd0d5eb8e8c7f16ed15ad74d,2,1,351,213,False,False
r3-pilot,62fc2a11f58ff84c748cd8a90968846c022685dcbd0d5eb8e8c7f16ed15ad74d,2,1,352,213,False,False
r3-pilot,62fc2a11f58ff84c748cd8a90968846c022685dcbd0d5eb8e8c7f16ed15ad74d,2,1,353,213,False,False
r3-pilot,62fc2a11f58ff84c748cd8a90968846c022685dcbd0d5eb8e8c7f16ed15ad74d,2,1,354,213,False,False
r3-pilot,62fc2a11f58ff84c748cd8a90968846c022685dcbd0d5eb8e8c7f16ed15ad74d,2,1,355,213,False,False
r3-pilot,62fc2a11f58ff84c748cd8a90968846c022685dcbd0d5eb8e8c7f16ed15ad74d,2,1,356,213,False,False
r3-pilot,62fc2a11f58ff84c748cd8a90968846c022685dcbd0d5eb8e8c7f16ed15ad74d,2,1,357,213,False,False
r3-pilot,62fc2a11f58ff84c748cd8a90968846c022685dcbd0d5eb8e8c7f16ed15ad74d,2,1,358,213,False,False
r3-pilot,62fc2a11f58ff84c748cd8a90968846c022685dcbd0d5eb8e8c7f16ed15ad74d,2,1,359,213,False,False
r3-pilot,62fc2a11f58ff84c748cd8a90968846c022685dcbd0d5eb8e8c7f16ed15ad74d,2,1,360,213,False,False
r3-pilot,62fc2a11f58ff84c748cd8a90968846c022685dcbd0d5eb8e8c7f16ed15ad74d,2,1,361,213,False,False
r3-pilot,62fc2a11f58ff84c748cd8a90968846c022685dcbd0d5eb8e8c7f16ed15ad74d,2,1,362,213,False,False
r3-pilot,62fc2a11f58ff84c748cd8a90968846c022685dcbd0d5eb8e8c7f16ed15ad74d,2,1,363,213,False,False
r3-pilot,62fc2a11f58ff84c748cd8a90968846c022685dcbd0d5eb8e8c7f16ed15ad74d,2,1,364,213,False,False
r3-pilot,62fc2a11f58ff84c748cd8a90968846c022685dcbd0d5eb8e8c7f16ed15ad74d,2,1,365,213,False,False
r3-pilot,62fc2a11f58ff84c748cd8a90968846c022685dcbd0d5eb8e8c7f16ed15ad74d,2,1,366,213,False,False
r3-pilot,62fc2a11f58ff84c748cd8a90968846c022685dcbd0d5eb8e8c7f16ed15ad74d,2,1,367,213,False,False
r3-pilot,62fc2a11f58ff84c748cd8a90968846c022685dcbd0d5eb8e8c7f16ed15ad74d,2,1,368,213,False,False
r3-pilot,62fc2a11f58ff84c748cd8a90968846c022685dcbd0d5eb8e8c7f16ed15ad74d,2,1,369,213,False,False
r3-pilot,62fc2a11f58ff84c748cd8a90968846c022685dcbd0d5eb8e8c7f16ed15ad74d,2,1,370,213,False,False
r3-pilot,62fc2a11f58ff84c748cd8a90968846c022685dcbd0d5eb8e8c7f16ed15ad74d,2,1,288,214,False,False
r3-pilot,62fc2a11f58ff84c748cd8a90968846c022685dcbd0d5eb8e8c7f16ed15ad74d,2,1,289,214,False,False
r3-pilot,62fc2a11f58ff84c748cd8a90968846c022685dcbd0d5eb8e8c7f16ed15ad74d,2,1,290,214,False,False
r3-pilot,62fc2a11f58ff84c748cd8a90968846c022685dcbd0d5eb8e8c7f16ed15ad74d,2,1,291,214,False,False
r3-pilot,62fc2a11f58ff84c748cd8a90968846c022685dcbd0d5eb8e8c7f16ed15ad74d,2,1,292,214,False,False
r3-pilot,62fc2a11f58ff84c748cd8a90968846c022685dcbd0d5eb8e8c7f16ed15ad74d,2,1,293,214,False,False
r3-pilot,62fc2a11f58ff84c748cd8a90968846c022685dcbd0d5eb8e8c7f16ed15ad74d,2,1,294,214,False,False
r3-pilot,62fc2a11f58ff84c748cd8a90968846c022685dcbd0d5eb8e8c7f16ed15ad74d,2,1,295,214,False,False
r3-pilot,62fc2a11f58ff84c748cd8a90968846c022685dcbd0d5eb8e8c7f16ed15ad74d,2,1,296,214,False,False
r3-pilot,62fc2a11f58ff84c748cd8a90968846c022685dcbd0d5eb8e8c7f16ed15ad74d,2,1,297,214,False,False
r3-pilot,62fc2a11f58ff84c748cd8a90968846c022685dcbd0d5eb8e8c7f16ed15ad74d,2,1,298,214,False,False
r3-pilot,62fc2a11f58ff84c748cd8a90968846c022685dcbd0d5eb8e8c7f16ed15ad74d,2,1,299,214,False,False
r3-pilot,62fc2a11f58ff84c748cd8a90968846c022685dcbd0d5eb8e8c7f16ed15ad74d,2,1,300,214,False,False
r3-pilot,62fc2a11f58ff84c748cd8a90968846c022685dcbd0d5eb8e8c7f16ed15ad74d,2,1,301,214,False,False
r3-pilot,62fc2a11f58ff84c748cd8a90968846c022685dcbd0d5eb8e8c7f16ed15ad74d,2,1,302,214,False,False
r3-pilot,62fc2a11f58ff84c748cd8a90968846c022685dcbd0d5eb8e8c7f16ed15ad74d,2,1,303,214,False,False
r3-pilot,62fc2a11f58ff84c748cd8a90968846c022685dcbd0d5eb8e8c7f16ed15ad74d,2,1,304,214,False,False
r3-pilot,62fc2a11f58ff84c748cd8a90968846c022685dcbd0d5eb8e8c7f16ed15ad74d,2,1,305,214,False,False
r3-pilot,62fc2a11f58ff84c748cd8a90968846c022685dcbd0d5eb8e8c7f16ed15ad74d,2,1,306,214,False,False
r3-pilot,62fc2a11f58ff84c748cd8a90968846c022685dcbd0d5eb8e8c7f16ed15ad74d,2,1,307,214,False,False
r3-pilot,62fc2a11f58ff84c748cd8a90968846c022685dcbd0d5eb8e8c7f16ed15ad74d,2,1,308,214,False,False
r3-pilot,62fc2a11f58ff84c748cd8a90968846c022685dcbd0d5eb8e8c7f16ed15ad74d,2,1,309,214,False,False
r3-pilot,62fc2a11f58ff84c748cd8a90968846c022685dcbd0d5eb8e8c7f16ed15ad74d,2,1,310,214,False,False
r3-pilot,62fc2a11f58ff84c748cd8a90968846c022685dcbd0d5eb8e8c7f16ed15ad74d,2,1,311,214,False,False
r3-pilot,62fc2a11f58ff84c748cd8a90968846c022685dcbd0d5eb8e8c7f16ed15ad74d,2,1,312,214,False,False
r3-pilot,62fc2a11f58ff84c748cd8a90968846c022685dcbd0d5eb8e8c7f16ed15ad74d,2,1,313,214,False,False
r3-pilot,62fc2a11f58ff84c748cd8a90968846c022685dcbd0d5eb8e8c7f16ed15ad74d,2,1,314,214,False,False
r3-pilot,62fc2a11f58ff84c748cd8a90968846c022685dcbd0d5eb8e8c7f16ed15ad74d,2,1,315,214,False,False
r3-pilot,62fc2a11f58ff84c748cd8a90968846c022685dcbd0d5eb8e8c7f16ed15ad74d,2,1,316,214,False,False
r3-pilot,62fc2a11f58ff84c748cd8a90968846c022685dcbd0d5eb8e8c7f16ed15ad74d,2,1,317,214,False,False
r3-pilot,62fc2a11f58ff84c748cd8a90968846c022685dcbd0d5eb8e8c7f16ed15ad74d,2,1,318,214,False,False
r3-pilot,62fc2a11f58ff84c748cd8a90968846c022685dcbd0d5eb8e8c7f16ed15ad74d,2,1,319,214,False,False
r3-pilot,62fc2a11f58ff84c748cd8a90968846c022685dcbd0d5eb8e8c7f16ed15ad74d,2,1,320,214,False,False
r3-pilot,62fc2a11f58ff84c748cd8a90968846c022685dcbd0d5eb8e8c7f16ed15ad74d,2,1,321,214,False,False
r3-pilot,62fc2a11f58ff84c748cd8a90968846c022685dcbd0d5eb8e8c7f16ed15ad74d,2,1,322,214,False,False
r3-pilot,62fc2a11f58ff84c748cd8a90968846c022685dcbd0d5eb8e8c7f16ed15ad74d,2,1,323,214,False,False
r3-pilot,62fc2a11f58ff84c748cd8a90968846c022685dcbd0d5eb8e8c7f16ed15ad74d,2,1,324,214,False,False
r3-pilot,62fc2a11f58ff84c748cd8a90968846c022685dcbd0d5eb8e8c7f16ed15ad74d,2,1,325,214,False,False
r3-pilot,62fc2a11f58ff84c748cd8a90968846c022685dcbd0d5eb8e8c7f16ed15ad74d,2,1,326,214,False,False
r3-pilot,62fc2a11f58ff84c748cd8a90968846c022685dcbd0d5eb8e8c7f16ed15ad74d,2,1,327,214,False,False
r3-pilot,62fc2a11f58ff84c748cd8a90968846c022685dcbd0d5eb8e8c7f16ed15ad74d,2,1,328,214,False,False
r3-pilot,62fc2a11f58ff84c748cd8a90968846c022685dcbd0d5eb8e8c7f16ed15ad74d,2,1,329,214,False,False
r3-pilot,62fc2a11f58ff84c748cd8a90968846c022685dcbd0d5eb8e8c7f16ed15ad74d,2,1,330,214,False,False
r3-pilot,62fc2a11f58ff84c748cd8a90968846c022685dcbd0d5eb8e8c7f16ed15ad74d,2,1,331,214,False,False
r3-pilot,62fc2a11f58ff84c748cd8a90968846c022685dcbd0d5eb8e8c7f16ed15ad74d,2,1,332,214,False,False
r3-pilot,62fc2a11f58ff84c748cd8a90968846c022685dcbd0d5eb8e8c7f16ed15ad74d,2,1,333,214,False,False
r3-pilot,62fc2a11f58ff84c748cd8a90968846c022685dcbd0d5eb8e8c7f16ed15ad74d,2,1,334,214,False,False
r3-pilot,62fc2a11f58ff84c748cd8a90968846c022685dcbd0d5eb8e8c7f16ed15ad74d,2,1,335,214,False,False
r3-pilot,62fc2a11f58ff84c748cd8a90968846c022685dcbd0d5eb8e8c7f16ed15ad74d,2,1,336,214,False,False
r3-pilot,62fc2a11f58ff84c748cd8a90968846c022685dcbd0d5eb8e8c7f16ed15ad74d,2,1,337,214,False,False
r3-pilot,62fc2a11f58ff84c748cd8a90968846c022685dcbd0d5eb8e8c7f16ed15ad74d,2,1,338,214,False,False
r3-pilot,62fc2a11f58ff84c748cd8a90968846c022685dcbd0d5eb8e8c7f16ed15ad74d,2,1,339,214,False,False
r3-pilot,62fc2a11f58ff84c748cd8a90968846c022685dcbd0d5eb8e8c7f16ed15ad74d,2,1,340,214,False,False
r3-pilot,62fc2a11f58ff84c748cd8a90968846c022685dcbd0d5eb8e8c7f16ed15ad74d,2,1,341,214,False,False
r3-pilot,62fc2a11f58ff84c748cd8a90968846c022685dcbd0d5eb8e8c7f16ed15ad74d,2,1,342,214,False,False
r3-pilot,62fc2a11f58ff84c748cd8a90968846c022685dcbd0d5eb8e8c7f16ed15ad74d,2,1,343,214,False,False
r3-pilot,62fc2a11f58ff84c748cd8a90968846c022685dcbd0d5eb8e8c7f16ed15ad74d,2,1,344,214,False,False
r3-pilot,62fc2a11f58ff84c748cd8a90968846c022685dcbd0d5eb8e8c7f16ed15ad74d,2,1,345,214,False,False
r3-pilot,62fc2a11f58ff84c748cd8a90968846c022685dcbd0d5eb8e8c7f16ed15ad74d,2,1,346,214,False,False
r3-pilot,62fc2a11f58ff84c748cd8a90968846c022685dcbd0d5eb8e8c7f16ed15ad74d,2,1,347,214,False,False
r3-pilot,62fc2a11f58ff84c748cd8a90968846c022685dcbd0d5eb8e8c7f16ed15ad74d,2,1,348,214,False,False
r3-pilot,62fc2a11f58ff84c748cd8a90968846c022685dcbd0d5eb8e8c7f16ed15ad74d,2,1,349,214,False,False
r3-pilot,62fc2a11f58ff84c748cd8a90968846c022685dcbd0d5eb8e8c7f16ed15ad74d,2,1,350,214,False,False
r3-pilot,62fc2a11f58ff84c748cd8a90968846c022685dcbd0d5eb8e8c7f16ed15ad74d,2,1,351,214,False,False
r3-pilot,62fc2a11f58ff84c748cd8a90968846c022685dcbd0d5eb8e8c7f16ed15ad74d,2,1,352,214,False,False
r3-pilot,62fc2a11f58ff84c748cd8a90968846c022685dcbd0d5eb8e8c7f16ed15ad74d,2,1,353,214,False,False
r3-pilot,62fc2a11f58ff84c748cd8a90968846c022685dcbd0d5eb8e8c7f16ed15ad74d,2,1,354,214,False,False
r3-pilot,62fc2a11f58ff84c748cd8a90968846c022685dcbd0d5eb8e8c7f16ed15ad74d,2,1,355,214,False,False
r3-pilot,62fc2a11f58ff84c748cd8a90968846c022685dcbd0d5eb8e8c7f16ed15ad74d,2,1,356,214,False,False
r3-pilot,62fc2a11f58ff84c748cd8a90968846c022685dcbd0d5eb8e8c7f16ed15ad74d,2,1,357,214,False,False
r3-pilot,62fc2a11f58ff84c748cd8a90968846c022685dcbd0d5eb8e8c7f16ed15ad74d,2,1,358,214,False,False
r3-pilot,62fc2a11f58ff84c748cd8a90968846c022685dcbd0d5eb8e8c7f16ed15ad74d,2,1,359,214,False,False
r3-pilot,62fc2a11f58ff84c748cd8a90968846c022685dcbd0d5eb8e8c7f16ed15ad74d,2,1,362,214,False,False
r3-pilot,62fc2a11f58ff84c748cd8a90968846c022685dcbd0d5eb8e8c7f16ed15ad74d,2,1,363,214,False,False
r3-pilot,62fc2a11f58ff84c748cd8a90968846c022685dcbd0d5eb8e8c7f16ed15ad74d,2,1,364,214,False,False
r3-pilot,62fc2a11f58ff84c748cd8a90968846c022685dcbd0d5eb8e8c7f16ed15ad74d,2,1,365,214,False,False
r3-pilot,62fc2a11f58ff84c748cd8a90968846c022685dcbd0d5eb8e8c7f16ed15ad74d,2,1,366,214,False,False
r3-pilot,62fc2a11f58ff84c748cd8a90968846c022685dcbd0d5eb8e8c7f16ed15ad74d,2,1,367,214,False,False
r3-pilot,62fc2a11f58ff84c748cd8a90968846c022685dcbd0d5eb8e8c7f16ed15ad74d,2,1,368,214,False,False
r3-pilot,62fc2a11f58ff84c748cd8a90968846c022685dcbd0d5eb8e8c7f16ed15ad74d,2,1,369,214,False,False
r3-pilot,62fc2a11f58ff84c748cd8a90968846c022685dcbd0d5eb8e8c7f16ed15ad74d,2,1,288,215,False,False
r3-pilot,62fc2a11f58ff84c748cd8a90968846c022685dcbd0d5eb8e8c7f16ed15ad74d,2,1,289,215,False,False
r3-pilot,62fc2a11f58ff84c748cd8a90968846c022685dcbd0d5eb8e8c7f16ed15ad74d,2,1,290,215,False,False
r3-pilot,62fc2a11f58ff84c748cd8a90968846c022685dcbd0d5eb8e8c7f16ed15ad74d,2,1,291,215,False,False
r3-pilot,62fc2a11f58ff84c748cd8a90968846c022685dcbd0d5eb8e8c7f16ed15ad74d,2,1,292,215,False,False
r3-pilot,62fc2a11f58ff84c748cd8a90968846c022685dcbd0d5eb8e8c7f16ed15ad74d,2,1,293,215,False,False
r3-pilot,62fc2a11f58ff84c748cd8a90968846c022685dcbd0d5eb8e8c7f16ed15ad74d,2,1,294,215,False,False
r3-pilot,62fc2a11f58ff84c748cd8a90968846c022685dcbd0d5eb8e8c7f16ed15ad74d,2,1,295,215,False,False
r3-pilot,62fc2a11f58ff84c748cd8a90968846c022685dcbd0d5eb8e8c7f16ed15ad74d,2,1,296,215,False,False
r3-pilot,62fc2a11f58ff84c748cd8a90968846c022685dcbd0d5eb8e8c7f16ed15ad74d,2,1,297,215,False,False
r3-pilot,62fc2a11f58ff84c748cd8a90968846c022685dcbd0d5eb8e8c7f16ed15ad74d,2,1,298,215,False,False
r3-pilot,62fc2a11f58ff84c748cd8a90968846c022685dcbd0d5eb8e8c7f16ed15ad74d,2,1,299,215,False,False
r3-pilot,62fc2a11f58ff84c748cd8a90968846c022685dcbd0d5eb8e8c7f16ed15ad74d,2,1,300,215,False,False
r3-pilot,62fc2a11f58ff84c748cd8a90968846c022685dcbd0d5eb8e8c7f16ed15ad74d,2,1,301,215,False,False
r3-pilot,62fc2a11f58ff84c748cd8a90968846c022685dcbd0d5eb8e8c7f16ed15ad74d,2,1,302,215,False,False
r3-pilot,62fc2a11f58ff84c748cd8a90968846c022685dcbd0d5eb8e8c7f16ed15ad74d,2,1,303,215,False,False
r3-pilot,62fc2a11f58ff84c748cd8a90968846c022685dcbd0d5eb8e8c7f16ed15ad74d,2,1,304,215,False,False
r3-pilot,62fc2a11f58ff84c748cd8a90968846c022685dcbd0d5eb8e8c7f16ed15ad74d,2,1,305,215,False,False
r3-pilot,62fc2a11f58ff84c748cd8a90968846c022685dcbd0d5eb8e8c7f16ed15ad74d,2,1,306,215,False,False
r3-pilot,62fc2a11f58ff84c748cd8a90968846c022685dcbd0d5eb8e8c7f16ed15ad74d,2,1,307,215,False,False
r3-pilot,62fc2a11f58ff84c748cd8a90968846c022685dcbd0d5eb8e8c7f16ed15ad74d,2,1,308,215,False,False
r3-pilot,62fc2a11f58ff84c748cd8a90968846c022685dcbd0d5eb8e8c7f16ed15ad74d,2,1,309,215,False,False
r3-pilot,62fc2a11f58ff84c748cd8a90968846c022685dcbd0d5eb8e8c7f16ed15ad74d,2,1,310,215,False,False
r3-pilot,62fc2a11f58ff84c748cd8a90968846c022685dcbd0d5eb8e8c7f16ed15ad74d,2,1,311,215,False,False
r3-pilot,62fc2a11f58ff84c748cd8a90968846c022685dcbd0d5eb8e8c7f16ed15ad74d,2,1,312,215,False,False
r3-pilot,62fc2a11f58ff84c748cd8a90968846c022685dcbd0d5eb8e8c7f16ed15ad74d,2,1,313,215,False,False
r3-pilot,62fc2a11f58ff84c748cd8a90968846c022685dcbd0d5eb8e8c7f16ed15ad74d,2,1,314,215,False,False
r3-pilot,62fc2a11f58ff84c748cd8a90968846c022685dcbd0d5eb8e8c7f16ed15ad74d,2,1,315,215,False,False
r3-pilot,62fc2a11f58ff84c748cd8a90968846c022685dcbd0d5eb8e8c7f16ed15ad74d,2,1,316,215,False,False
r3-pilot,62fc2a11f58ff84c748cd8a90968846c022685dcbd0d5eb8e8c7f16ed15ad74d,2,1,317,215,False,False
r3-pilot,62fc2a11f58ff84c748cd8a90968846c022685dcbd0d5eb8e8c7f16ed15ad74d,2,1,318,215,False,False
r3-pilot,62fc2a11f58ff84c748cd8a90968846c022685dcbd0d5eb8e8c7f16ed15ad74d,2,1,319,215,False,False
r3-pilot,62fc2a11f58ff84c748cd8a90968846c022685dcbd0d5eb8e8c7f16ed15ad74d,2,1,320,215,False,False
r3-pilot,62fc2a11f58ff84c748cd8a90968846c022685dcbd0d5eb8e8c7f16ed15ad74d,2,1,321,215,False,False
r3-pilot,62fc2a11f58ff84c748cd8a90968846c022685dcbd0d5eb8e8c7f16ed15ad74d,2,1,322,215,False,False
r3-pilot,62fc2a11f58ff84c748cd8a90968846c022685dcbd0d5eb8e8c7f16ed15ad74d,2,1,323,215,False,False
r3-pilot,62fc2a11f58ff84c748cd8a90968846c022685dcbd0d5eb8e8c7f16ed15ad74d,2,1,324,215,False,False
r3-pilot,62fc2a11f58ff84c748cd8a90968846c022685dcbd0d5eb8e8c7f16ed15ad74d,2,1,325,215,False,False
r3-pilot,62fc2a11f58ff84c748cd8a90968846c022685dcbd0d5eb8e8c7f16ed15ad74d,2,1,326,215,False,False
r3-pilot,62fc2a11f58ff84c748cd8a90968846c022685dcbd0d5eb8e8c7f16ed15ad74d,2,1,327,215,False,False
r3-pilot,62fc2a11f58ff84c748cd8a90968846c022685dcbd0d5eb8e8c7f16ed15ad74d,2,1,328,215,False,False
r3-pilot,62fc2a11f58ff84c748cd8a90968846c022685dcbd0d5eb8e8c7f16ed15ad74d,2,1,329,215,False,False
r3-pilot,62fc2a11f58ff84c748cd8a90968846c022685dcbd0d5eb8e8c7f16ed15ad74d,2,1,330,215,False,False
r3-pilot,62fc2a11f58ff84c748cd8a90968846c022685dcbd0d5eb8e8c7f16ed15ad74d,2,1,331,215,False,False
r3-pilot,62fc2a11f58ff84c748cd8a90968846c022685dcbd0d5eb8e8c7f16ed15ad74d,2,1,332,215,False,False
r3-pilot,62fc2a11f58ff84c748cd8a90968846c022685dcbd0d5eb8e8c7f16ed15ad74d,2,1,333,215,False,False
r3-pilot,62fc2a11f58ff84c748cd8a90968846c022685dcbd0d5eb8e8c7f16ed15ad74d,2,1,334,215,False,False
r3-pilot,62fc2a11f58ff84c748cd8a90968846c022685dcbd0d5eb8e8c7f16ed15ad74d,2,1,335,215,False,False
r3-pilot,62fc2a11f58ff84c748cd8a90968846c022685dcbd0d5eb8e8c7f16ed15ad74d,2,1,336,215,False,False
r3-pilot,62fc2a11f58ff84c748cd8a90968846c022685dcbd0d5eb8e8c7f16ed15ad74d,2,1,337,215,False,False
r3-pilot,62fc2a11f58ff84c748cd8a90968846c022685dcbd0d5eb8e8c7f16ed15ad74d,2,1,338,215,False,False
r3-pilot,62fc2a11f58ff84c748cd8a90968846c022685dcbd0d5eb8e8c7f16ed15ad74d,2,1,339,215,False,False
r3-pilot,62fc2a11f58ff84c748cd8a90968846c022685dcbd0d5eb8e8c7f16ed15ad74d,2,1,340,215,False,False
r3-pilot,62fc2a11f58ff84c748cd8a90968846c022685dcbd0d5eb8e8c7f16ed15ad74d,2,1,341,215,False,False
r3-pilot,62fc2a11f58ff84c748cd8a90968846c022685dcbd0d5eb8e8c7f16ed15ad74d,2,1,342,215,False,False
r3-pilot,62fc2a11f58ff84c748cd8a90968846c022685dcbd0d5eb8e8c7f16ed15ad74d,2,1,343,215,False,False
r3-pilot,62fc2a11f58ff84c748cd8a90968846c022685dcbd0d5eb8e8c7f16ed15ad74d,2,1,344,215,False,False
r3-pilot,62fc2a11f58ff84c748cd8a90968846c022685dcbd0d5eb8e8c7f16ed15ad74d,2,1,345,215,False,False
r3-pilot,62fc2a11f58ff84c748cd8a90968846c022685dcbd0d5eb8e8c7f16ed15ad74d,2,1,346,215,False,False
r3-pilot,62fc2a11f58ff84c748cd8a90968846c022685dcbd0d5eb8e8c7f16ed15ad74d,2,1,347,215,False,False
r3-pilot,62fc2a11f58ff84c748cd8a90968846c022685dcbd0d5eb8e8c7f16ed15ad74d,2,1,348,215,False,False
r3-pilot,62fc2a11f58ff84c748cd8a90968846c022685dcbd0d5eb8e8c7f16ed15ad74d,2,1,349,215,False,False
r3-pilot,62fc2a11f58ff84c748cd8a90968846c022685dcbd0d5eb8e8c7f16ed15ad74d,2,1,350,215,False,False
r3-pilot,62fc2a11f58ff84c748cd8a90968846c022685dcbd0d5eb8e8c7f16ed15ad74d,2,1,351,215,False,False
r3-pilot,62fc2a11f58ff84c748cd8a90968846c022685dcbd0d5eb8e8c7f16ed15ad74d,2,1,352,215,False,False
r3-pilot,62fc2a11f58ff84c748cd8a90968846c022685dcbd0d5eb8e8c7f16ed15ad74d,2,1,353,215,False,False
r3-pilot,62fc2a11f58ff84c748cd8a90968846c022685dcbd0d5eb8e8c7f16ed15ad74d,2,1,288,216,False,False
r3-pilot,62fc2a11f58ff84c748cd8a90968846c022685dcbd0d5eb8e8c7f16ed15ad74d,2,1,289,216,False,False
r3-pilot,62fc2a11f58ff84c748cd8a90968846c022685dcbd0d5eb8e8c7f16ed15ad74d,2,1,290,216,False,False
r3-pilot,62fc2a11f58ff84c748cd8a90968846c022685dcbd0d5eb8e8c7f16ed15ad74d,2,1,291,216,False,False
r3-pilot,62fc2a11f58ff84c748cd8a90968846c022685dcbd0d5eb8e8c7f16ed15ad74d,2,1,292,216,False,False
r3-pilot,62fc2a11f58ff84c748cd8a90968846c022685dcbd0d5eb8e8c7f16ed15ad74d,2,1,293,216,False,False
r3-pilot,62fc2a11f58ff84c748cd8a90968846c022685dcbd0d5eb8e8c7f16ed15ad74d,2,1,294,216,False,False
r3-pilot,62fc2a11f58ff84c748cd8a90968846c022685dcbd0d5eb8e8c7f16ed15ad74d,2,1,295,216,False,False
r3-pilot,62fc2a11f58ff84c748cd8a90968846c022685dcbd0d5eb8e8c7f16ed15ad74d,2,1,296,216,False,False
r3-pilot,62fc2a11f58ff84c748cd8a90968846c022685dcbd0d5eb8e8c7f16ed15ad74d,2,1,297,216,False,False
r3-pilot,62fc2a11f58ff84c748cd8a90968846c022685dcbd0d5eb8e8c7f16ed15ad74d,2,1,298,216,False,False
r3-pilot,62fc2a11f58ff84c748cd8a90968846c022685dcbd0d5eb8e8c7f16ed15ad74d,2,1,299,216,False,False
r3-pilot,62fc2a11f58ff84c748cd8a90968846c022685dcbd0d5eb8e8c7f16ed15ad74d,2,1,300,216,False,False
r3-pilot,62fc2a11f58ff84c748cd8a90968846c022685dcbd0d5eb8e8c7f16ed15ad74d,2,1,301,216,False,False
r3-pilot,62fc2a11f58ff84c748cd8a90968846c022685dcbd0d5eb8e8c7f16ed15ad74d,2,1,302,216,False,False
r3-pilot,62fc2a11f58ff84c748cd8a90968846c022685dcbd0d5eb8e8c7f16ed15ad74d,2,1,303,216,False,False
r3-pilot,62fc2a11f58ff84c748cd8a90968846c022685dcbd0d5eb8e8c7f16ed15ad74d,2,1,304,216,False,False
r3-pilot,62fc2a11f58ff84c748cd8a90968846c022685dcbd0d5eb8e8c7f16ed15ad74d,2,1,305,216,False,False
r3-pilot,62fc2a11f58ff84c748cd8a90968846c022685dcbd0d5eb8e8c7f16ed15ad74d,2,1,306,216,False,False
r3-pilot,62fc2a11f58ff84c748cd8a90968846c022685dcbd0d5eb8e8c7f16ed15ad74d,2,1,307,216,False,False
r3-pilot,62fc2a11f58ff84c748cd8a90968846c022685dcbd0d5eb8e8c7f16ed15ad74d,2,1,308,216,False,False
r3-pilot,62fc2a11f58ff84c748cd8a90968846c022685dcbd0d5eb8e8c7f16ed15ad74d,2,1,309,216,False,False
r3-pilot,62fc2a11f58ff84c748cd8a90968846c022685dcbd0d5eb8e8c7f16ed15ad74d,2,1,310,216,False,False
r3-pilot,62fc2a11f58ff84c748cd8a90968846c022685dcbd0d5eb8e8c7f16ed15ad74d,2,1,311,216,False,False
r3-pilot,62fc2a11f58ff84c748cd8a90968846c022685dcbd0d5eb8e8c7f16ed15ad74d,2,1,312,216,False,False
r3-pilot,62fc2a11f58ff84c748cd8a90968846c022685dcbd0d5eb8e8c7f16ed15ad74d,2,1,313,216,False,False
r3-pilot,62fc2a11f58ff84c748cd8a90968846c022685dcbd0d5eb8e8c7f16ed15ad74d,2,1,314,216,False,False
r3-pilot,62fc2a11f58ff84c748cd8a90968846c022685dcbd0d5eb8e8c7f16ed15ad74d,2,1,315,216,False,False
r3-pilot,62fc2a11f58ff84c748cd8a90968846c022685dcbd0d5eb8e8c7f16ed15ad74d,2,1,316,216,False,False
r3-pilot,62fc2a11f58ff84c748cd8a90968846c022685dcbd0d5eb8e8c7f16ed15ad74d,2,1,317,216,False,False
r3-pilot,62fc2a11f58ff84c748cd8a90968846c022685dcbd0d5eb8e8c7f16ed15ad74d,2,1,318,216,False,False
r3-pilot,62fc2a11f58ff84c748cd8a90968846c022685dcbd0d5eb8e8c7f16ed15ad74d,2,1,319,216,False,False
r3-pilot,62fc2a11f58ff84c748cd8a90968846c022685dcbd0d5eb8e8c7f16ed15ad74d,2,1,320,216,False,False
r3-pilot,62fc2a11f58ff84c748cd8a90968846c022685dcbd0d5eb8e8c7f16ed15ad74d,2,1,321,216,False,False
r3-pilot,62fc2a11f58ff84c748cd8a90968846c022685dcbd0d5eb8e8c7f16ed15ad74d,2,1,322,216,False,False
r3-pilot,62fc2a11f58ff84c748cd8a90968846c022685dcbd0d5eb8e8c7f16ed15ad74d,2,1,323,216,False,False
r3-pilot,62fc2a11f58ff84c748cd8a90968846c022685dcbd0d5eb8e8c7f16ed15ad74d,2,1,324,216,False,False
r3-pilot,62fc2a11f58ff84c748cd8a90968846c022685dcbd0d5eb8e8c7f16ed15ad74d,2,1,325,216,False,False
r3-pilot,62fc2a11f58ff84c748cd8a90968846c022685dcbd0d5eb8e8c7f16ed15ad74d,2,1,326,216,False,False
r3-pilot,62fc2a11f58ff84c748cd8a90968846c022685dcbd0d5eb8e8c7f16ed15ad74d,2,1,327,216,False,False
r3-pilot,62fc2a11f58ff84c748cd8a90968846c022685dcbd0d5eb8e8c7f16ed15ad74d,2,1,328,216,False,False
r3-pilot,62fc2a11f58ff84c748cd8a90968846c022685dcbd0d5eb8e8c7f16ed15ad74d,2,1,329,216,False,False
r3-pilot,62fc2a11f58ff84c748cd8a90968846c022685dcbd0d5eb8e8c7f16ed15ad74d,2,1,330,216,False,False
r3-pilot,62fc2a11f58ff84c748cd8a90968846c022685dcbd0d5eb8e8c7f16ed15ad74d,2,1,331,216,False,False
r3-pilot,62fc2a11f58ff84c748cd8a90968846c022685dcbd0d5eb8e8c7f16ed15ad74d,2,1,332,216,False,False
r3-pilot,62fc2a11f58ff84c748cd8a90968846c022685dcbd0d5eb8e8c7f16ed15ad74d,2,1,333,216,False,False
r3-pilot,62fc2a11f58ff84c748cd8a90968846c022685dcbd0d5eb8e8c7f16ed15ad74d,2,1,334,216,False,False
r3-pilot,62fc2a11f58ff84c748cd8a90968846c022685dcbd0d5eb8e8c7f16ed15ad74d,2,1,335,216,False,False
r3-pilot,62fc2a11f58ff84c748cd8a90968846c022685dcbd0d5eb8e8c7f16ed15ad74d,2,1,336,216,False,False
r3-pilot,62fc2a11f58ff84c748cd8a90968846c022685dcbd0d5eb8e8c7f16ed15ad74d,2,1,337,216,False,False
r3-pilot,62fc2a11f58ff84c748cd8a90968846c022685dcbd0d5eb8e8c7f16ed15ad74d,2,1,338,216,False,False
r3-pilot,62fc2a11f58ff84c748cd8a90968846c022685dcbd0d5eb8e8c7f16ed15ad74d,2,1,339,216,False,False
r3-pilot,62fc2a11f58ff84c748cd8a90968846c022685dcbd0d5eb8e8c7f16ed15ad74d,2,1,340,216,False,False
r3-pilot,62fc2a11f58ff84c748cd8a90968846c022685dcbd0d5eb8e8c7f16ed15ad74d,2,1,288,217,False,False
r3-pilot,62fc2a11f58ff84c748cd8a90968846c022685dcbd0d5eb8e8c7f16ed15ad74d,2,1,289,217,False,False
r3-pilot,62fc2a11f58ff84c748cd8a90968846c022685dcbd0d5eb8e8c7f16ed15ad74d,2,1,290,217,False,False
r3-pilot,62fc2a11f58ff84c748cd8a90968846c022685dcbd0d5eb8e8c7f16ed15ad74d,2,1,291,217,False,False
r3-pilot,62fc2a11f58ff84c748cd8a90968846c022685dcbd0d5eb8e8c7f16ed15ad74d,2,1,292,217,False,False
r3-pilot,62fc2a11f58ff84c748cd8a90968846c022685dcbd0d5eb8e8c7f16ed15ad74d,2,1,293,217,False,False
r3-pilot,62fc2a11f58ff84c748cd8a90968846c022685dcbd0d5eb8e8c7f16ed15ad74d,2,1,294,217,False,False
r3-pilot,62fc2a11f58ff84c748cd8a90968846c022685dcbd0d5eb8e8c7f16ed15ad74d,2,1,295,217,False,False
r3-pilot,62fc2a11f58ff84c748cd8a90968846c022685dcbd0d5eb8e8c7f16ed15ad74d,2,1,296,217,False,False
r3-pilot,62fc2a11f58ff84c748cd8a90968846c022685dcbd0d5eb8e8c7f16ed15ad74d,2,1,297,217,False,False
r3-pilot,62fc2a11f58ff84c748cd8a90968846c022685dcbd0d5eb8e8c7f16ed15ad74d,2,1,298,217,False,False
r3-pilot,62fc2a11f58ff84c748cd8a90968846c022685dcbd0d5eb8e8c7f16ed15ad74d,2,1,299,217,False,False
r3-pilot,62fc2a11f58ff84c748cd8a90968846c022685dcbd0d5eb8e8c7f16ed15ad74d,2,1,300,217,False,False
r3-pilot,62fc2a11f58ff84c748cd8a90968846c022685dcbd0d5eb8e8c7f16ed15ad74d,2,1,301,217,False,False
r3-pilot,62fc2a11f58ff84c748cd8a90968846c022685dcbd0d5eb8e8c7f16ed15ad74d,2,1,302,217,False,False
r3-pilot,62fc2a11f58ff84c748cd8a90968846c022685dcbd0d5eb8e8c7f16ed15ad74d,2,1,303,217,False,False
r3-pilot,62fc2a11f58ff84c748cd8a90968846c022685dcbd0d5eb8e8c7f16ed15ad74d,2,1,304,217,False,False
r3-pilot,62fc2a11f58ff84c748cd8a90968846c022685dcbd0d5eb8e8c7f16ed15ad74d,2,1,305,217,False,False
r3-pilot,62fc2a11f58ff84c748cd8a90968846c022685dcbd0d5eb8e8c7f16ed15ad74d,2,1,308,217,False,False
r3-pilot,62fc2a11f58ff84c748cd8a90968846c022685dcbd0d5eb8e8c7f16ed15ad74d,2,1,309,217,False,False
r3-pilot,62fc2a11f58ff84c748cd8a90968846c022685dcbd0d5eb8e8c7f16ed15ad74d,2,1,310,217,False,False
r3-pilot,62fc2a11f58ff84c748cd8a90968846c022685dcbd0d5eb8e8c7f16ed15ad74d,2,1,311,217,False,False
r3-pilot,62fc2a11f58ff84c748cd8a90968846c022685dcbd0d5eb8e8c7f16ed15ad74d,2,1,312,217,False,False
r3-pilot,62fc2a11f58ff84c748cd8a90968846c022685dcbd0d5eb8e8c7f16ed15ad74d,2,1,313,217,False,False
r3-pilot,62fc2a11f58ff84c748cd8a90968846c022685dcbd0d5eb8e8c7f16ed15ad74d,2,1,314,217,False,False
r3-pilot,62fc2a11f58ff84c748cd8a90968846c022685dcbd0d5eb8e8c7f16ed15ad74d,2,1,315,217,False,False
r3-pilot,62fc2a11f58ff84c748cd8a90968846c022685dcbd0d5eb8e8c7f16ed15ad74d,2,1,316,217,False,False
r3-pilot,62fc2a11f58ff84c748cd8a90968846c022685dcbd0d5eb8e8c7f16ed15ad74d,2,1,317,217,False,False
r3-pilot,62fc2a11f58ff84c748cd8a90968846c022685dcbd0d5eb8e8c7f16ed15ad74d,2,1,318,217,False,False
r3-pilot,62fc2a11f58ff84c748cd8a90968846c022685dcbd0d5eb8e8c7f16ed15ad74d,2,1,319,217,False,False
r3-pilot,62fc2a11f58ff84c748cd8a90968846c022685dcbd0d5eb8e8c7f16ed15ad74d,2,1,320,217,False,False
r3-pilot,62fc2a11f58ff84c748cd8a90968846c022685dcbd0d5eb8e8c7f16ed15ad74d,2,1,321,217,False,False
r3-pilot,62fc2a11f58ff84c748cd8a90968846c022685dcbd0d5eb8e8c7f16ed15ad74d,2,1,322,217,False,False
r3-pilot,62fc2a11f58ff84c748cd8a90968846c022685dcbd0d5eb8e8c7f16ed15ad74d,2,1,323,217,False,False
r3-pilot,62fc2a11f58ff84c748cd8a90968846c022685dcbd0d5eb8e8c7f16ed15ad74d,2,1,324,217,False,False
r3-pilot,62fc2a11f58ff84c748cd8a90968846c022685dcbd0d5eb8e8c7f16ed15ad74d,2,1,325,217,False,False
r3-pilot,62fc2a11f58ff84c748cd8a90968846c022685dcbd0d5eb8e8c7f16ed15ad74d,2,1,326,217,False,False
r3-pilot,62fc2a11f58ff84c748cd8a90968846c022685dcbd0d5eb8e8c7f16ed15ad74d,2,1,327,217,False,False
r3-pilot,62fc2a11f58ff84c748cd8a90968846c022685dcbd0d5eb8e8c7f16ed15ad74d,2,1,328,217,False,False
r3-pilot,62fc2a11f58ff84c748cd8a90968846c022685dcbd0d5eb8e8c7f16ed15ad74d,2,1,329,217,False,False
r3-pilot,62fc2a11f58ff84c748cd8a90968846c022685dcbd0d5eb8e8c7f16ed15ad74d,2,1,330,217,False,False
r3-pilot,62fc2a11f58ff84c748cd8a90968846c022685dcbd0d5eb8e8c7f16ed15ad74d,2,1,331,217,False,False
r3-pilot,62fc2a11f58ff84c748cd8a90968846c022685dcbd0d5eb8e8c7f16ed15ad74d,2,1,289,218,False,True
r3-pilot,62fc2a11f58ff84c748cd8a90968846c022685dcbd0d5eb8e8c7f16ed15ad74d,2,1,290,218,False,True
r3-pilot,62fc2a11f58ff84c748cd8a90968846c022685dcbd0d5eb8e8c7f16ed15ad74d,2,1,291,218,False,True
r3-pilot,62fc2a11f58ff84c748cd8a90968846c022685dcbd0d5eb8e8c7f16ed15ad74d,2,1,292,218,False,True
r3-pilot,62fc2a11f58ff84c748cd8a90968846c022685dcbd0d5eb8e8c7f16ed15ad74d,2,1,293,218,False,True
r3-pilot,62fc2a11f58ff84c748cd8a90968846c022685dcbd0d5eb8e8c7f16ed15ad74d,2,1,294,218,False,True
r3-pilot,62fc2a11f58ff84c748cd8a90968846c022685dcbd0d5eb8e8c7f16ed15ad74d,2,1,295,218,False,True
r3-pilot,62fc2a11f58ff84c748cd8a90968846c022685dcbd0d5eb8e8c7f16ed15ad74d,2,1,296,218,False,True
r5-pilot,d4b9476b565847953527aa3cccfb748b8ad63f79d31190d4ea604d18aae69625,1,1,370,100,False,True
r5-pilot,d4b9476b565847953527aa3cccfb748b8ad63f79d31190d4ea604d18aae69625,1,1,371,100,False,True
r5-pilot,d4b9476b565847953527aa3cccfb748b8ad63f79d31190d4ea604d18aae69625,1,1,372,100,False,True
r5-pilot,d4b9476b565847953527aa3cccfb748b8ad63f79d31190d4ea604d18aae69625,1,1,373,100,False,True
r5-pilot,d4b9476b565847953527aa3cccfb748b8ad63f79d31190d4ea604d18aae69625,1,1,374,100,False,True
r5-pilot,d4b9476b565847953527aa3cccfb748b8ad63f79d31190d4ea604d18aae69625,1,1,375,100,False,True
r5-pilot,d4b9476b565847953527aa3cccfb748b8ad63f79d31190d4ea604d18aae69625,1,1,376,100,False,True
r5-pilot,d4b9476b565847953527aa3cccfb748b8ad63f79d31190d4ea604d18aae69625,1,1,377,100,False,True
r5-pilot,d4b9476b565847953527aa3cccfb748b8ad63f79d31190d4ea604d18aae69625,1,1,378,100,False,True
r5-pilot,d4b9476b565847953527aa3cccfb748b8ad63f79d31190d4ea604d18aae69625,1,1,379,100,False,True
r5-pilot,d4b9476b565847953527aa3cccfb748b8ad63f79d31190d4ea604d18aae69625,1,1,380,100,False,True
r5-pilot,d4b9476b565847953527aa3cccfb748b8ad63f79d31190d4ea604d18aae69625,1,1,381,100,False,True
r5-pilot,d4b9476b565847953527aa3cccfb748b8ad63f79d31190d4ea604d18aae69625,1,1,356,101,False,False
r5-pilot,d4b9476b565847953527aa3cccfb748b8ad63f79d31190d4ea604d18aae69625,1,1,358,101,False,False
r5-pilot,d4b9476b565847953527aa3cccfb748b8ad63f79d31190d4ea604d18aae69625,1,1,359,101,False,False
r5-pilot,d4b9476b565847953527aa3cccfb748b8ad63f79d31190d4ea604d18aae69625,1,1,360,101,False,False
r5-pilot,d4b9476b565847953527aa3cccfb748b8ad63f79d31190d4ea604d18aae69625,1,1,361,101,False,False
r5-pilot,d4b9476b565847953527aa3cccfb748b8ad63f79d31190d4ea604d18aae69625,1,1,362,101,False,False
r5-pilot,d4b9476b565847953527aa3cccfb748b8ad63f79d31190d4ea604d18aae69625,1,1,363,101,False,False
r5-pilot,d4b9476b565847953527aa3cccfb748b8ad63f79d31190d4ea604d18aae69625,1,1,364,101,False,False
r5-pilot,d4b9476b565847953527aa3cccfb748b8ad63f79d31190d4ea604d18aae69625,1,1,365,101,False,False
r5-pilot,d4b9476b565847953527aa3cccfb748b8ad63f79d31190d4ea604d18aae69625,1,1,366,101,False,False
r5-pilot,d4b9476b565847953527aa3cccfb748b8ad63f79d31190d4ea604d18aae69625,1,1,367,101,False,False
r5-pilot,d4b9476b565847953527aa3cccfb748b8ad63f79d31190d4ea604d18aae69625,1,1,368,101,False,False
r5-pilot,d4b9476b565847953527aa3cccfb748b8ad63f79d31190d4ea604d18aae69625,1,1,369,101,False,False
r5-pilot,d4b9476b565847953527aa3cccfb748b8ad63f79d31190d4ea604d18aae69625,1,1,370,101,False,False
r5-pilot,d4b9476b565847953527aa3cccfb748b8ad63f79d31190d4ea604d18aae69625,1,1,371,101,False,False
r5-pilot,d4b9476b565847953527aa3cccfb748b8ad63f79d31190d4ea604d18aae69625,1,1,372,101,False,False
r5-pilot,d4b9476b565847953527aa3cccfb748b8ad63f79d31190d4ea604d18aae69625,1,1,373,101,False,False
r5-pilot,d4b9476b565847953527aa3cccfb748b8ad63f79d31190d4ea604d18aae69625,1,1,374,101,False,False
r5-pilot,d4b9476b565847953527aa3cccfb748b8ad63f79d31190d4ea604d18aae69625,1,1,375,101,False,False
r5-pilot,d4b9476b565847953527aa3cccfb748b8ad63f79d31190d4ea604d18aae69625,1,1,376,101,False,False
r5-pilot,d4b9476b565847953527aa3cccfb748b8ad63f79d31190d4ea604d18aae69625,1,1,377,101,False,False
r5-pilot,d4b9476b565847953527aa3cccfb748b8ad63f79d31190d4ea604d18aae69625,1,1,378,101,False,False
r5-pilot,d4b9476b565847953527aa3cccfb748b8ad63f79d31190d4ea604d18aae69625,1,1,379,101,False,False
r5-pilot,d4b9476b565847953527aa3cccfb748b8ad63f79d31190d4ea604d18aae69625,1,1,380,101,False,False
r5-pilot,d4b9476b565847953527aa3cccfb748b8ad63f79d31190d4ea604d18aae69625,1,1,381,101,False,False
r5-pilot,d4b9476b565847953527aa3cccfb748b8ad63f79d31190d4ea604d18aae69625,1,1,350,102,False,False
r5-pilot,d4b9476b565847953527aa3cccfb748b8ad63f79d31190d4ea604d18aae69625,1,1,351,102,False,False
r5-pilot,d4b9476b565847953527aa3cccfb748b8ad63f79d31190d4ea604d18aae69625,1,1,352,102,False,False
r5-pilot,d4b9476b565847953527aa3cccfb748b8ad63f79d31190d4ea604d18aae69625,1,1,353,102,False,False
r5-pilot,d4b9476b565847953527aa3cccfb748b8ad63f79d31190d4ea604d18aae69625,1,1,354,102,False,False
r5-pilot,d4b9476b565847953527aa3cccfb748b8ad63f79d31190d4ea604d18aae69625,1,1,355,102,False,False
r5-pilot,d4b9476b565847953527aa3cccfb748b8ad63f79d31190d4ea604d18aae69625,1,1,356,102,False,False
r5-pilot,d4b9476b565847953527aa3cccfb748b8ad63f79d31190d4ea604d18aae69625,1,1,357,102,False,False
r5-pilot,d4b9476b565847953527aa3cccfb748b8ad63f79d31190d4ea604d18aae69625,1,1,358,102,False,False
r5-pilot,d4b9476b565847953527aa3cccfb748b8ad63f79d31190d4ea604d18aae69625,1,1,359,102,False,False
r5-pilot,d4b9476b565847953527aa3cccfb748b8ad63f79d31190d4ea604d18aae69625,1,1,360,102,False,False
r5-pilot,d4b9476b565847953527aa3cccfb748b8ad63f79d31190d4ea604d18aae69625,1,1,361,102,False,False
r5-pilot,d4b9476b565847953527aa3cccfb748b8ad63f79d31190d4ea604d18aae69625,1,1,362,102,False,False
r5-pilot,d4b9476b565847953527aa3cccfb748b8ad63f79d31190d4ea604d18aae69625,1,1,363,102,False,False
r5-pilot,d4b9476b565847953527aa3cccfb748b8ad63f79d31190d4ea604d18aae69625,1,1,364,102,False,False
r5-pilot,d4b9476b565847953527aa3cccfb748b8ad63f79d31190d4ea604d18aae69625,1,1,365,102,False,False
r5-pilot,d4b9476b565847953527aa3cccfb748b8ad63f79d31190d4ea604d18aae69625,1,1,366,102,False,False
r5-pilot,d4b9476b565847953527aa3cccfb748b8ad63f79d31190d4ea604d18aae69625,1,1,367,102,False,False
r5-pilot,d4b9476b565847953527aa3cccfb748b8ad63f79d31190d4ea604d18aae69625,1,1,368,102,False,False
r5-pilot,d4b9476b565847953527aa3cccfb748b8ad63f79d31190d4ea604d18aae69625,1,1,369,102,False,False
r5-pilot,d4b9476b565847953527aa3cccfb748b8ad63f79d31190d4ea604d18aae69625,1,1,370,102,False,False
r5-pilot,d4b9476b565847953527aa3cccfb748b8ad63f79d31190d4ea604d18aae69625,1,1,371,102,False,False
r5-pilot,d4b9476b565847953527aa3cccfb748b8ad63f79d31190d4ea604d18aae69625,1,1,372,102,False,False
r5-pilot,d4b9476b565847953527aa3cccfb748b8ad63f79d31190d4ea604d18aae69625,1,1,373,102,False,False
r5-pilot,d4b9476b565847953527aa3cccfb748b8ad63f79d31190d4ea604d18aae69625,1,1,374,102,False,False
r5-pilot,d4b9476b565847953527aa3cccfb748b8ad63f79d31190d4ea604d18aae69625,1,1,375,102,False,False
r5-pilot,d4b9476b565847953527aa3cccfb748b8ad63f79d31190d4ea604d18aae69625,1,1,376,102,False,False
r5-pilot,d4b9476b565847953527aa3cccfb748b8ad63f79d31190d4ea604d18aae69625,1,1,377,102,False,False
r5-pilot,d4b9476b565847953527aa3cccfb748b8ad63f79d31190d4ea604d18aae69625,1,1,378,102,False,False
r5-pilot,d4b9476b565847953527aa3cccfb748b8ad63f79d31190d4ea604d18aae69625,1,1,379,102,False,False
r5-pilot,d4b9476b565847953527aa3cccfb748b8ad63f79d31190d4ea604d18aae69625,1,1,380,102,False,False
r5-pilot,d4b9476b565847953527aa3cccfb748b8ad63f79d31190d4ea604d18aae69625,1,1,381,102,False,False
r5-pilot,d4b9476b565847953527aa3cccfb748b8ad63f79d31190d4ea604d18aae69625,1,1,350,103,False,False
r5-pilot,d4b9476b565847953527aa3cccfb748b8ad63f79d31190d4ea604d18aae69625,1,1,351,103,False,False
r5-pilot,d4b9476b565847953527aa3cccfb748b8ad63f79d31190d4ea604d18aae69625,1,1,352,103,False,False
r5-pilot,d4b9476b565847953527aa3cccfb748b8ad63f79d31190d4ea604d18aae69625,1,1,353,103,False,False
r5-pilot,d4b9476b565847953527aa3cccfb748b8ad63f79d31190d4ea604d18aae69625,1,1,354,103,False,False
r5-pilot,d4b9476b565847953527aa3cccfb748b8ad63f79d31190d4ea604d18aae69625,1,1,355,103,False,False
r5-pilot,d4b9476b565847953527aa3cccfb748b8ad63f79d31190d4ea604d18aae69625,1,1,356,103,False,False
r5-pilot,d4b9476b565847953527aa3cccfb748b8ad63f79d31190d4ea604d18aae69625,1,1,357,103,False,False
r5-pilot,d4b9476b565847953527aa3cccfb748b8ad63f79d31190d4ea604d18aae69625,1,1,358,103,False,False
r5-pilot,d4b9476b565847953527aa3cccfb748b8ad63f79d31190d4ea604d18aae69625,1,1,359,103,False,False
r5-pilot,d4b9476b565847953527aa3cccfb748b8ad63f79d31190d4ea604d18aae69625,1,1,362,103,False,False
r5-pilot,d4b9476b565847953527aa3cccfb748b8ad63f79d31190d4ea604d18aae69625,1,1,363,103,False,False
r5-pilot,d4b9476b565847953527aa3cccfb748b8ad63f79d31190d4ea604d18aae69625,1,1,366,103,False,False
r5-pilot,d4b9476b565847953527aa3cccfb748b8ad63f79d31190d4ea604d18aae69625,1,1,367,103,False,False
r5-pilot,d4b9476b565847953527aa3cccfb748b8ad63f79d31190d4ea604d18aae69625,1,1,368,103,False,False
r5-pilot,d4b9476b565847953527aa3cccfb748b8ad63f79d31190d4ea604d18aae69625,1,1,369,103,False,False
r5-pilot,d4b9476b565847953527aa3cccfb748b8ad63f79d31190d4ea604d18aae69625,1,1,370,103,False,False
r5-pilot,d4b9476b565847953527aa3cccfb748b8ad63f79d31190d4ea604d18aae69625,1,1,371,103,False,False
r5-pilot,d4b9476b565847953527aa3cccfb748b8ad63f79d31190d4ea604d18aae69625,1,1,377,103,False,False
r5-pilot,d4b9476b565847953527aa3cccfb748b8ad63f79d31190d4ea604d18aae69625,1,1,378,103,False,False
r5-pilot,d4b9476b565847953527aa3cccfb748b8ad63f79d31190d4ea604d18aae69625,1,1,379,103,False,False
r5-pilot,d4b9476b565847953527aa3cccfb748b8ad63f79d31190d4ea604d18aae69625,1,1,381,103,False,False
r5-pilot,d4b9476b565847953527aa3cccfb748b8ad63f79d31190d4ea604d18aae69625,1,1,354,104,False,False
r5-pilot,d4b9476b565847953527aa3cccfb748b8ad63f79d31190d4ea604d18aae69625,1,1,355,104,False,False
r5-pilot,d4b9476b565847953527aa3cccfb748b8ad63f79d31190d4ea604d18aae69625,1,1,356,104,False,False
r5-pilot,d4b9476b565847953527aa3cccfb748b8ad63f79d31190d4ea604d18aae69625,1,1,357,104,False,False
r5-pilot,d4b9476b565847953527aa3cccfb748b8ad63f79d31190d4ea604d18aae69625,1,1,358,104,False,False
r5-pilot,d4b9476b565847953527aa3cccfb748b8ad63f79d31190d4ea604d18aae69625,1,1,359,104,False,False
r5-pilot,d4b9476b565847953527aa3cccfb748b8ad63f79d31190d4ea604d18aae69625,1,1,362,104,False,False
r5-pilot,d4b9476b565847953527aa3cccfb748b8ad63f79d31190d4ea604d18aae69625,1,1,363,104,False,False
r5-pilot,d4b9476b565847953527aa3cccfb748b8ad63f79d31190d4ea604d18aae69625,1,1,370,104,False,False
r5-pilot,d4b9476b565847953527aa3cccfb748b8ad63f79d31190d4ea604d18aae69625,1,1,371,104,False,False
r5-pilot,d4b9476b565847953527aa3cccfb748b8ad63f79d31190d4ea604d18aae69625,1,1,372,104,False,False
r5-pilot,d4b9476b565847953527aa3cccfb748b8ad63f79d31190d4ea604d18aae69625,1,1,376,104,False,False
r5-pilot,d4b9476b565847953527aa3cccfb748b8ad63f79d31190d4ea604d18aae69625,1,1,377,104,False,False
r5-pilot,d4b9476b565847953527aa3cccfb748b8ad63f79d31190d4ea604d18aae69625,1,1,378,104,False,False
r5-pilot,d4b9476b565847953527aa3cccfb748b8ad63f79d31190d4ea604d18aae69625,1,1,379,104,False,False
r5-pilot,d4b9476b565847953527aa3cccfb748b8ad63f79d31190d4ea604d18aae69625,1,1,380,104,False,False
r5-pilot,d4b9476b565847953527aa3cccfb748b8ad63f79d31190d4ea604d18aae69625,1,1,381,104,False,False
r5-pilot,d4b9476b565847953527aa3cccfb748b8ad63f79d31190d4ea604d18aae69625,1,1,356,105,False,False
r5-pilot,d4b9476b565847953527aa3cccfb748b8ad63f79d31190d4ea604d18aae69625,1,1,357,105,False,False
r5-pilot,d4b9476b565847953527aa3cccfb748b8ad63f79d31190d4ea604d18aae69625,1,1,358,105,False,False
r5-pilot,d4b9476b565847953527aa3cccfb748b8ad63f79d31190d4ea604d18aae69625,1,1,359,105,False,False
r5-pilot,d4b9476b565847953527aa3cccfb748b8ad63f79d31190d4ea604d18aae69625,1,1,360,105,False,False
r5-pilot,d4b9476b565847953527aa3cccfb748b8ad63f79d31190d4ea604d18aae69625,1,1,361,105,False,False
r5-pilot,d4b9476b565847953527aa3cccfb748b8ad63f79d31190d4ea604d18aae69625,1,1,372,105,False,False
r5-pilot,d4b9476b565847953527aa3cccfb748b8ad63f79d31190d4ea604d18aae69625,1,1,373,105,False,False
r5-pilot,d4b9476b565847953527aa3cccfb748b8ad63f79d31190d4ea604d18aae69625,1,1,376,105,False,False
r5-pilot,d4b9476b565847953527aa3cccfb748b8ad63f79d31190d4ea604d18aae69625,1,1,377,105,False,False
r5-pilot,d4b9476b565847953527aa3cccfb748b8ad63f79d31190d4ea604d18aae69625,1,1,378,105,False,False
r5-pilot,d4b9476b565847953527aa3cccfb748b8ad63f79d31190d4ea604d18aae69625,1,1,379,105,False,False
r5-pilot,d4b9476b565847953527aa3cccfb748b8ad63f79d31190d4ea604d18aae69625,1,1,380,105,False,False
r5-pilot,d4b9476b565847953527aa3cccfb748b8ad63f79d31190d4ea604d18aae69625,1,1,381,105,False,False
r5-pilot,d4b9476b565847953527aa3cccfb748b8ad63f79d31190d4ea604d18aae69625,1,1,358,106,False,False
r5-pilot,d4b9476b565847953527aa3cccfb748b8ad63f79d31190d4ea604d18aae69625,1,1,359,106,False,False
r5-pilot,d4b9476b565847953527aa3cccfb748b8ad63f79d31190d4ea604d18aae69625,1,1,360,106,False,False
r5-pilot,d4b9476b565847953527aa3cccfb748b8ad63f79d31190d4ea604d18aae69625,1,1,361,106,False,False
r5-pilot,d4b9476b565847953527aa3cccfb748b8ad63f79d31190d4ea604d18aae69625,1,1,371,106,False,False
r5-pilot,d4b9476b565847953527aa3cccfb748b8ad63f79d31190d4ea604d18aae69625,1,1,372,106,False,False
r5-pilot,d4b9476b565847953527aa3cccfb748b8ad63f79d31190d4ea604d18aae69625,1,1,373,106,False,False
r5-pilot,d4b9476b565847953527aa3cccfb748b8ad63f79d31190d4ea604d18aae69625,1,1,376,106,False,False
r5-pilot,d4b9476b565847953527aa3cccfb748b8ad63f79d31190d4ea604d18aae69625,1,1,377,106,False,False
r5-pilot,d4b9476b565847953527aa3cccfb748b8ad63f79d31190d4ea604d18aae69625,1,1,378,106,False,False
r5-pilot,d4b9476b565847953527aa3cccfb748b8ad63f79d31190d4ea604d18aae69625,1,1,379,106,False,False
r5-pilot,d4b9476b565847953527aa3cccfb748b8ad63f79d31190d4ea604d18aae69625,1,1,380,106,False,False
r5-pilot,d4b9476b565847953527aa3cccfb748b8ad63f79d31190d4ea604d18aae69625,1,1,381,106,False,False
r5-pilot,d4b9476b565847953527aa3cccfb748b8ad63f79d31190d4ea604d18aae69625,1,1,356,107,False,False
r5-pilot,d4b9476b565847953527aa3cccfb748b8ad63f79d31190d4ea604d18aae69625,1,1,357,107,False,False
r5-pilot,d4b9476b565847953527aa3cccfb748b8ad63f79d31190d4ea604d18aae69625,1,1,358,107,False,False
r5-pilot,d4b9476b565847953527aa3cccfb748b8ad63f79d31190d4ea604d18aae69625,1,1,359,107,False,False
r5-pilot,d4b9476b565847953527aa3cccfb748b8ad63f79d31190d4ea604d18aae69625,1,1,360,107,False,False
r5-pilot,d4b9476b565847953527aa3cccfb748b8ad63f79d31190d4ea604d18aae69625,1,1,371,107,False,False
r5-pilot,d4b9476b565847953527aa3cccfb748b8ad63f79d31190d4ea604d18aae69625,1,1,372,107,False,False
r5-pilot,d4b9476b565847953527aa3cccfb748b8ad63f79d31190d4ea604d18aae69625,1,1,373,107,False,False
r5-pilot,d4b9476b565847953527aa3cccfb748b8ad63f79d31190d4ea604d18aae69625,1,1,376,107,False,False
r5-pilot,d4b9476b565847953527aa3cccfb748b8ad63f79d31190d4ea604d18aae69625,1,1,377,107,False,False
r5-pilot,d4b9476b565847953527aa3cccfb748b8ad63f79d31190d4ea604d18aae69625,1,1,378,107,False,False
r5-pilot,d4b9476b565847953527aa3cccfb748b8ad63f79d31190d4ea604d18aae69625,1,1,379,107,False,False
r5-pilot,d4b9476b565847953527aa3cccfb748b8ad63f79d31190d4ea604d18aae69625,1,1,380,107,False,False
r5-pilot,d4b9476b565847953527aa3cccfb748b8ad63f79d31190d4ea604d18aae69625,1,1,381,107,False,False
r5-pilot,d4b9476b565847953527aa3cccfb748b8ad63f79d31190d4ea604d18aae69625,1,1,356,108,False,False
r5-pilot,d4b9476b565847953527aa3cccfb748b8ad63f79d31190d4ea604d18aae69625,1,1,357,108,False,False
r5-pilot,d4b9476b565847953527aa3cccfb748b8ad63f79d31190d4ea604d18aae69625,1,1,358,108,False,False
r5-pilot,d4b9476b565847953527aa3cccfb748b8ad63f79d31190d4ea604d18aae69625,1,1,359,108,False,False
r5-pilot,d4b9476b565847953527aa3cccfb748b8ad63f79d31190d4ea604d18aae69625,1,1,360,108,False,False
r5-pilot,d4b9476b565847953527aa3cccfb748b8ad63f79d31190d4ea604d18aae69625,1,1,361,108,False,False
r5-pilot,d4b9476b565847953527aa3cccfb748b8ad63f79d31190d4ea604d18aae69625,1,1,370,108,False,False
r5-pilot,d4b9476b565847953527aa3cccfb748b8ad63f79d31190d4ea604d18aae69625,1,1,371,108,False,False
r5-pilot,d4b9476b565847953527aa3cccfb748b8ad63f79d31190d4ea604d18aae69625,1,1,372,108,False,False
r5-pilot,d4b9476b565847953527aa3cccfb748b8ad63f79d31190d4ea604d18aae69625,1,1,373,108,False,False
r5-pilot,d4b9476b565847953527aa3cccfb748b8ad63f79d31190d4ea604d18aae69625,1,1,374,108,False,False
r5-pilot,d4b9476b565847953527aa3cccfb748b8ad63f79d31190d4ea604d18aae69625,1,1,375,108,False,False
r5-pilot,d4b9476b565847953527aa3cccfb748b8ad63f79d31190d4ea604d18aae69625,1,1,378,108,False,False
r5-pilot,d4b9476b565847953527aa3cccfb748b8ad63f79d31190d4ea604d18aae69625,1,1,379,108,False,False
r5-pilot,d4b9476b565847953527aa3cccfb748b8ad63f79d31190d4ea604d18aae69625,1,1,380,108,False,False
r5-pilot,d4b9476b565847953527aa3cccfb748b8ad63f79d31190d4ea604d18aae69625,1,1,381,108,False,False
r5-pilot,d4b9476b565847953527aa3cccfb748b8ad63f79d31190d4ea604d18aae69625,1,1,360,109,False,False
r5-pilot,d4b9476b565847953527aa3cccfb748b8ad63f79d31190d4ea604d18aae69625,1,1,361,109,False,False
r5-pilot,d4b9476b565847953527aa3cccfb748b8ad63f79d31190d4ea604d18aae69625,1,1,362,109,False,False
r5-pilot,d4b9476b565847953527aa3cccfb748b8ad63f79d31190d4ea604d18aae69625,1,1,363,109,False,False
r5-pilot,d4b9476b565847953527aa3cccfb748b8ad63f79d31190d4ea604d18aae69625,1,1,370,109,False,False
r5-pilot,d4b9476b565847953527aa3cccfb748b8ad63f79d31190d4ea604d18aae69625,1,1,371,109,False,False
r5-pilot,d4b9476b565847953527aa3cccfb748b8ad63f79d31190d4ea604d18aae69625,1,1,373,109,False,False
r5-pilot,d4b9476b565847953527aa3cccfb748b8ad63f79d31190d4ea604d18aae69625,1,1,374,109,False,False
r5-pilot,d4b9476b565847953527aa3cccfb748b8ad63f79d31190d4ea604d18aae69625,1,1,375,109,False,False
r5-pilot,d4b9476b565847953527aa3cccfb748b8ad63f79d31190d4ea604d18aae69625,1,1,379,109,False,False
r5-pilot,d4b9476b565847953527aa3cccfb748b8ad63f79d31190d4ea604d18aae69625,1,1,380,109,False,False
r5-pilot,d4b9476b565847953527aa3cccfb748b8ad63f79d31190d4ea604d18aae69625,1,1,381,109,False,False
r5-pilot,d4b9476b565847953527aa3cccfb748b8ad63f79d31190d4ea604d18aae69625,1,1,357,110,False,False
r5-pilot,d4b9476b565847953527aa3cccfb748b8ad63f79d31190d4ea604d18aae69625,1,1,358,110,False,False
r5-pilot,d4b9476b565847953527aa3cccfb748b8ad63f79d31190d4ea604d18aae69625,1,1,359,110,False,False
r5-pilot,d4b9476b565847953527aa3cccfb748b8ad63f79d31190d4ea604d18aae69625,1,1,360,110,False,False
r5-pilot,d4b9476b565847953527aa3cccfb748b8ad63f79d31190d4ea604d18aae69625,1,1,361,110,False,False
r5-pilot,d4b9476b565847953527aa3cccfb748b8ad63f79d31190d4ea604d18aae69625,1,1,370,110,False,False
r5-pilot,d4b9476b565847953527aa3cccfb748b8ad63f79d31190d4ea604d18aae69625,1,1,374,110,False,False
r5-pilot,d4b9476b565847953527aa3cccfb748b8ad63f79d31190d4ea604d18aae69625,1,1,375,110,False,False
r5-pilot,d4b9476b565847953527aa3cccfb748b8ad63f79d31190d4ea604d18aae69625,1,1,376,110,False,False
r5-pilot,d4b9476b565847953527aa3cccfb748b8ad63f79d31190d4ea604d18aae69625,1,1,377,110,False,False
r5-pilot,d4b9476b565847953527aa3cccfb748b8ad63f79d31190d4ea604d18aae69625,1,1,378,110,False,False
r5-pilot,d4b9476b565847953527aa3cccfb748b8ad63f79d31190d4ea604d18aae69625,1,1,379,110,False,False
r5-pilot,d4b9476b565847953527aa3cccfb748b8ad63f79d31190d4ea604d18aae69625,1,1,380,110,False,False
r5-pilot,d4b9476b565847953527aa3cccfb748b8ad63f79d31190d4ea604d18aae69625,1,1,381,110,False,False
r5-pilot,d4b9476b565847953527aa3cccfb748b8ad63f79d31190d4ea604d18aae69625,1,1,358,111,False,False
r5-pilot,d4b9476b565847953527aa3cccfb748b8ad63f79d31190d4ea604d18aae69625,1,1,359,111,False,False
r5-pilot,d4b9476b565847953527aa3cccfb748b8ad63f79d31190d4ea604d18aae69625,1,1,360,111,False,False
r5-pilot,d4b9476b565847953527aa3cccfb748b8ad63f79d31190d4ea604d18aae69625,1,1,361,111,False,False
r5-pilot,d4b9476b565847953527aa3cccfb748b8ad63f79d31190d4ea604d18aae69625,1,1,370,111,False,False
r5-pilot,d4b9476b565847953527aa3cccfb748b8ad63f79d31190d4ea604d18aae69625,1,1,372,111,False,False
r5-pilot,d4b9476b565847953527aa3cccfb748b8ad63f79d31190d4ea604d18aae69625,1,1,373,111,False,False
r5-pilot,d4b9476b565847953527aa3cccfb748b8ad63f79d31190d4ea604d18aae69625,1,1,374,111,False,False
r5-pilot,d4b9476b565847953527aa3cccfb748b8ad63f79d31190d4ea604d18aae69625,1,1,375,111,False,False
r5-pilot,d4b9476b565847953527aa3cccfb748b8ad63f79d31190d4ea604d18aae69625,1,1,376,111,False,False
r5-pilot,d4b9476b565847953527aa3cccfb748b8ad63f79d31190d4ea604d18aae69625,1,1,377,111,False,False
r5-pilot,d4b9476b565847953527aa3cccfb748b8ad63f79d31190d4ea604d18aae69625,1,1,378,111,False,False
r5-pilot,d4b9476b565847953527aa3cccfb748b8ad63f79d31190d4ea604d18aae69625,1,1,379,111,False,False
r5-pilot,d4b9476b565847953527aa3cccfb748b8ad63f79d31190d4ea604d18aae69625,1,1,380,111,False,False
r5-pilot,d4b9476b565847953527aa3cccfb748b8ad63f79d31190d4ea604d18aae69625,1,1,381,111,False,False
r5-pilot,d4b9476b565847953527aa3cccfb748b8ad63f79d31190d4ea604d18aae69625,1,1,358,112,False,False
r5-pilot,d4b9476b565847953527aa3cccfb748b8ad63f79d31190d4ea604d18aae69625,1,1,359,112,False,False
r5-pilot,d4b9476b565847953527aa3cccfb748b8ad63f79d31190d4ea604d18aae69625,1,1,360,112,False,False
r5-pilot,d4b9476b565847953527aa3cccfb748b8ad63f79d31190d4ea604d18aae69625,1,1,361,112,False,False
r5-pilot,d4b9476b565847953527aa3cccfb748b8ad63f79d31190d4ea604d18aae69625,1,1,372,112,False,False
r5-pilot,d4b9476b565847953527aa3cccfb748b8ad63f79d31190d4ea604d18aae69625,1,1,373,112,False,False
r5-pilot,d4b9476b565847953527aa3cccfb748b8ad63f79d31190d4ea604d18aae69625,1,1,374,112,False,False
r5-pilot,d4b9476b565847953527aa3cccfb748b8ad63f79d31190d4ea604d18aae69625,1,1,375,112,False,False
r5-pilot,d4b9476b565847953527aa3cccfb748b8ad63f79d31190d4ea604d18aae69625,1,1,376,112,False,False
r5-pilot,d4b9476b565847953527aa3cccfb748b8ad63f79d31190d4ea604d18aae69625,1,1,377,112,False,False
r5-pilot,d4b9476b565847953527aa3cccfb748b8ad63f79d31190d4ea604d18aae69625,1,1,378,112,False,False
r5-pilot,d4b9476b565847953527aa3cccfb748b8ad63f79d31190d4ea604d18aae69625,1,1,379,112,False,False
r5-pilot,d4b9476b565847953527aa3cccfb748b8ad63f79d31190d4ea604d18aae69625,1,1,380,112,False,False
r5-pilot,d4b9476b565847953527aa3cccfb748b8ad63f79d31190d4ea604d18aae69625,1,1,381,112,False,False
r5-pilot,d4b9476b565847953527aa3cccfb748b8ad63f79d31190d4ea604d18aae69625,1,1,359,113,False,False
r5-pilot,d4b9476b565847953527aa3cccfb748b8ad63f79d31190d4ea604d18aae69625,1,1,372,113,False,False
r5-pilot,d4b9476b565847953527aa3cccfb748b8ad63f79d31190d4ea604d18aae69625,1,1,373,113,False,False
r5-pilot,d4b9476b565847953527aa3cccfb748b8ad63f79d31190d4ea604d18aae69625,1,1,374,113,False,False
r5-pilot,d4b9476b565847953527aa3cccfb748b8ad63f79d31190d4ea604d18aae69625,1,1,375,113,False,False
r5-pilot,d4b9476b565847953527aa3cccfb748b8ad63f79d31190d4ea604d18aae69625,1,1,376,113,False,False
r5-pilot,d4b9476b565847953527aa3cccfb748b8ad63f79d31190d4ea604d18aae69625,1,1,377,113,False,False
r5-pilot,d4b9476b565847953527aa3cccfb748b8ad63f79d31190d4ea604d18aae69625,1,1,378,113,False,False
r5-pilot,d4b9476b565847953527aa3cccfb748b8ad63f79d31190d4ea604d18aae69625,1,1,379,113,False,False
r5-pilot,d4b9476b565847953527aa3cccfb748b8ad63f79d31190d4ea604d18aae69625,1,1,380,113,False,False
r5-pilot,d4b9476b565847953527aa3cccfb748b8ad63f79d31190d4ea604d18aae69625,1,1,381,113,False,False
r5-pilot,d4b9476b565847953527aa3cccfb748b8ad63f79d31190d4ea604d18aae69625,1,1,358,114,False,False
r5-pilot,d4b9476b565847953527aa3cccfb748b8ad63f79d31190d4ea604d18aae69625,1,1,359,114,False,False
r5-pilot,d4b9476b565847953527aa3cccfb748b8ad63f79d31190d4ea604d18aae69625,1,1,370,114,False,False
r5-pilot,d4b9476b565847953527aa3cccfb748b8ad63f79d31190d4ea604d18aae69625,1,1,371,114,False,False
r5-pilot,d4b9476b565847953527aa3cccfb748b8ad63f79d31190d4ea604d18aae69625,1,1,372,114,False,False
r5-pilot,d4b9476b565847953527aa3cccfb748b8ad63f79d31190d4ea604d18aae69625,1,1,373,114,False,False
r5-pilot,d4b9476b565847953527aa3cccfb748b8ad63f79d31190d4ea604d18aae69625,1,1,374,114,False,False
r5-pilot,d4b9476b565847953527aa3cccfb748b8ad63f79d31190d4ea604d18aae69625,1,1,375,114,False,False
r5-pilot,d4b9476b565847953527aa3cccfb748b8ad63f79d31190d4ea604d18aae69625,1,1,376,114,False,False
r5-pilot,d4b9476b565847953527aa3cccfb748b8ad63f79d31190d4ea604d18aae69625,1,1,377,114,False,False
r5-pilot,d4b9476b565847953527aa3cccfb748b8ad63f79d31190d4ea604d18aae69625,1,1,378,114,False,False
r5-pilot,d4b9476b565847953527aa3cccfb748b8ad63f79d31190d4ea604d18aae69625,1,1,379,114,False,False
r5-pilot,d4b9476b565847953527aa3cccfb748b8ad63f79d31190d4ea604d18aae69625,1,1,380,114,False,False
r5-pilot,d4b9476b565847953527aa3cccfb748b8ad63f79d31190d4ea604d18aae69625,1,1,381,114,False,False
r5-pilot,d4b9476b565847953527aa3cccfb748b8ad63f79d31190d4ea604d18aae69625,1,1,358,115,False,False
r5-pilot,d4b9476b565847953527aa3cccfb748b8ad63f79d31190d4ea604d18aae69625,1,1,359,115,False,False
r5-pilot,d4b9476b565847953527aa3cccfb748b8ad63f79d31190d4ea604d18aae69625,1,1,374,115,False,False
r5-pilot,d4b9476b565847953527aa3cccfb748b8ad63f79d31190d4ea604d18aae69625,1,1,375,115,False,False
r5-pilot,d4b9476b565847953527aa3cccfb748b8ad63f79d31190d4ea604d18aae69625,1,1,376,115,False,False
r5-pilot,d4b9476b565847953527aa3cccfb748b8ad63f79d31190d4ea604d18aae69625,1,1,377,115,False,False
r5-pilot,d4b9476b565847953527aa3cccfb748b8ad63f79d31190d4ea604d18aae69625,1,1,378,115,False,False
r5-pilot,d4b9476b565847953527aa3cccfb748b8ad63f79d31190d4ea604d18aae69625,1,1,379,115,False,False
r5-pilot,d4b9476b565847953527aa3cccfb748b8ad63f79d31190d4ea604d18aae69625,1,1,380,115,False,False
r5-pilot,d4b9476b565847953527aa3cccfb748b8ad63f79d31190d4ea604d18aae69625,1,1,381,115,False,False
r5-pilot,d4b9476b565847953527aa3cccfb748b8ad63f79d31190d4ea604d18aae69625,1,1,370,116,False,False
r5-pilot,d4b9476b565847953527aa3cccfb748b8ad63f79d31190d4ea604d18aae69625,1,1,371,116,False,False
r5-pilot,d4b9476b565847953527aa3cccfb748b8ad63f79d31190d4ea604d18aae69625,1,1,373,116,False,False
r5-pilot,d4b9476b565847953527aa3cccfb748b8ad63f79d31190d4ea604d18aae69625,1,1,374,116,False,False
r5-pilot,d4b9476b565847953527aa3cccfb748b8ad63f79d31190d4ea604d18aae69625,1,1,375,116,False,False
r5-pilot,d4b9476b565847953527aa3cccfb748b8ad63f79d31190d4ea604d18aae69625,1,1,376,116,False,False
r5-pilot,d4b9476b565847953527aa3cccfb748b8ad63f79d31190d4ea604d18aae69625,1,1,377,116,False,False
r5-pilot,d4b9476b565847953527aa3cccfb748b8ad63f79d31190d4ea604d18aae69625,1,1,378,116,False,False
r5-pilot,d4b9476b565847953527aa3cccfb748b8ad63f79d31190d4ea604d18aae69625,1,1,379,116,False,False
r5-pilot,d4b9476b565847953527aa3cccfb748b8ad63f79d31190d4ea604d18aae69625,1,1,380,116,False,False
r5-pilot,d4b9476b565847953527aa3cccfb748b8ad63f79d31190d4ea604d18aae69625,1,1,381,116,False,False
r5-pilot,d4b9476b565847953527aa3cccfb748b8ad63f79d31190d4ea604d18aae69625,1,1,370,117,False,False
r5-pilot,d4b9476b565847953527aa3cccfb748b8ad63f79d31190d4ea604d18aae69625,1,1,371,117,False,False
r5-pilot,d4b9476b565847953527aa3cccfb748b8ad63f79d31190d4ea604d18aae69625,1,1,372,117,False,False
r5-pilot,d4b9476b565847953527aa3cccfb748b8ad63f79d31190d4ea604d18aae69625,1,1,373,117,False,False
r5-pilot,d4b9476b565847953527aa3cccfb748b8ad63f79d31190d4ea604d18aae69625,1,1,375,117,False,False
r5-pilot,d4b9476b565847953527aa3cccfb748b8ad63f79d31190d4ea604d18aae69625,1,1,376,117,False,False
r5-pilot,d4b9476b565847953527aa3cccfb748b8ad63f79d31190d4ea604d18aae69625,1,1,377,117,False,False
r5-pilot,d4b9476b565847953527aa3cccfb748b8ad63f79d31190d4ea604d18aae69625,1,1,378,117,False,False
r5-pilot,d4b9476b565847953527aa3cccfb748b8ad63f79d31190d4ea604d18aae69625,1,1,379,117,False,False
r5-pilot,d4b9476b565847953527aa3cccfb748b8ad63f79d31190d4ea604d18aae69625,1,1,380,117,False,False
r5-pilot,d4b9476b565847953527aa3cccfb748b8ad63f79d31190d4ea604d18aae69625,1,1,381,117,False,False
r5-pilot,d4b9476b565847953527aa3cccfb748b8ad63f79d31190d4ea604d18aae69625,1,1,376,118,False,False
r5-pilot,d4b9476b565847953527aa3cccfb748b8ad63f79d31190d4ea604d18aae69625,1,1,377,118,False,False
r5-pilot,d4b9476b565847953527aa3cccfb748b8ad63f79d31190d4ea604d18aae69625,1,1,378,118,False,False
r5-pilot,d4b9476b565847953527aa3cccfb748b8ad63f79d31190d4ea604d18aae69625,1,1,379,118,False,False
r5-pilot,d4b9476b565847953527aa3cccfb748b8ad63f79d31190d4ea604d18aae69625,1,1,380,118,False,False
r5-pilot,d4b9476b565847953527aa3cccfb748b8ad63f79d31190d4ea604d18aae69625,1,1,381,118,False,False
r5-pilot,d4b9476b565847953527aa3cccfb748b8ad63f79d31190d4ea604d18aae69625,1,1,372,119,False,False
r5-pilot,d4b9476b565847953527aa3cccfb748b8ad63f79d31190d4ea604d18aae69625,1,1,373,119,False,False
r5-pilot,d4b9476b565847953527aa3cccfb748b8ad63f79d31190d4ea604d18aae69625,1,1,376,119,False,False
r5-pilot,d4b9476b565847953527aa3cccfb748b8ad63f79d31190d4ea604d18aae69625,1,1,377,119,False,False
r5-pilot,d4b9476b565847953527aa3cccfb748b8ad63f79d31190d4ea604d18aae69625,1,1,378,119,False,False
r5-pilot,d4b9476b565847953527aa3cccfb748b8ad63f79d31190d4ea604d18aae69625,1,1,379,119,False,False
r5-pilot,d4b9476b565847953527aa3cccfb748b8ad63f79d31190d4ea604d18aae69625,1,1,380,119,False,False
r5-pilot,d4b9476b565847953527aa3cccfb748b8ad63f79d31190d4ea604d18aae69625,1,1,381,119,False,False
r5-pilot,d4b9476b565847953527aa3cccfb748b8ad63f79d31190d4ea604d18aae69625,1,1,382,119,False,False
r5-pilot,d4b9476b565847953527aa3cccfb748b8ad63f79d31190d4ea604d18aae69625,1,1,372,120,False,False
r5-pilot,d4b9476b565847953527aa3cccfb748b8ad63f79d31190d4ea604d18aae69625,1,1,373,120,False,False
r5-pilot,d4b9476b565847953527aa3cccfb748b8ad63f79d31190d4ea604d18aae69625,1,1,374,120,False,False
r5-pilot,d4b9476b565847953527aa3cccfb748b8ad63f79d31190d4ea604d18aae69625,1,1,375,120,False,False
r5-pilot,d4b9476b565847953527aa3cccfb748b8ad63f79d31190d4ea604d18aae69625,1,1,376,120,False,False
r5-pilot,d4b9476b565847953527aa3cccfb748b8ad63f79d31190d4ea604d18aae69625,1,1,377,120,False,False
r5-pilot,d4b9476b565847953527aa3cccfb748b8ad63f79d31190d4ea604d18aae69625,1,1,378,120,False,False
r5-pilot,d4b9476b565847953527aa3cccfb748b8ad63f79d31190d4ea604d18aae69625,1,1,379,120,False,False
r5-pilot,d4b9476b565847953527aa3cccfb748b8ad63f79d31190d4ea604d18aae69625,1,1,380,120,False,False
r5-pilot,d4b9476b565847953527aa3cccfb748b8ad63f79d31190d4ea604d18aae69625,1,1,381,120,False,False
r5-pilot,d4b9476b565847953527aa3cccfb748b8ad63f79d31190d4ea604d18aae69625,1,1,382,120,False,False
r5-pilot,d4b9476b565847953527aa3cccfb748b8ad63f79d31190d4ea604d18aae69625,1,1,383,120,False,False
r5-pilot,d4b9476b565847953527aa3cccfb748b8ad63f79d31190d4ea604d18aae69625,1,1,372,121,False,False
r5-pilot,d4b9476b565847953527aa3cccfb748b8ad63f79d31190d4ea604d18aae69625,1,1,373,121,False,False
r5-pilot,d4b9476b565847953527aa3cccfb748b8ad63f79d31190d4ea604d18aae69625,1,1,374,121,False,False
r5-pilot,d4b9476b565847953527aa3cccfb748b8ad63f79d31190d4ea604d18aae69625,1,1,375,121,False,False
r5-pilot,d4b9476b565847953527aa3cccfb748b8ad63f79d31190d4ea604d18aae69625,1,1,376,121,False,False
r5-pilot,d4b9476b565847953527aa3cccfb748b8ad63f79d31190d4ea604d18aae69625,1,1,377,121,False,False
r5-pilot,d4b9476b565847953527aa3cccfb748b8ad63f79d31190d4ea604d18aae69625,1,1,378,121,False,False
r5-pilot,d4b9476b565847953527aa3cccfb748b8ad63f79d31190d4ea604d18aae69625,1,1,379,121,False,False
r5-pilot,d4b9476b565847953527aa3cccfb748b8ad63f79d31190d4ea604d18aae69625,1,1,380,121,False,False
r5-pilot,d4b9476b565847953527aa3cccfb748b8ad63f79d31190d4ea604d18aae69625,1,1,381,121,False,False
r5-pilot,d4b9476b565847953527aa3cccfb748b8ad63f79d31190d4ea604d18aae69625,1,1,382,121,False,False
r5-pilot,d4b9476b565847953527aa3cccfb748b8ad63f79d31190d4ea604d18aae69625,1,1,383,121,False,False
r5-pilot,d4b9476b565847953527aa3cccfb748b8ad63f79d31190d4ea604d18aae69625,1,1,374,122,False,False
r5-pilot,d4b9476b565847953527aa3cccfb748b8ad63f79d31190d4ea604d18aae69625,1,1,375,122,False,False
r5-pilot,d4b9476b565847953527aa3cccfb748b8ad63f79d31190d4ea604d18aae69625,1,1,376,122,False,False
r5-pilot,d4b9476b565847953527aa3cccfb748b8ad63f79d31190d4ea604d18aae69625,1,1,377,122,False,False
r5-pilot,d4b9476b565847953527aa3cccfb748b8ad63f79d31190d4ea604d18aae69625,1,1,378,122,False,False
r5-pilot,d4b9476b565847953527aa3cccfb748b8ad63f79d31190d4ea604d18aae69625,1,1,379,122,False,False
r5-pilot,d4b9476b565847953527aa3cccfb748b8ad63f79d31190d4ea604d18aae69625,1,1,380,122,False,False
r5-pilot,d4b9476b565847953527aa3cccfb748b8ad63f79d31190d4ea604d18aae69625,1,1,381,122,False,False
r5-pilot,d4b9476b565847953527aa3cccfb748b8ad63f79d31190d4ea604d18aae69625,1,1,382,122,False,False
r5-pilot,d4b9476b565847953527aa3cccfb748b8ad63f79d31190d4ea604d18aae69625,1,1,383,122,False,False
r5-pilot,d4b9476b565847953527aa3cccfb748b8ad63f79d31190d4ea604d18aae69625,1,1,374,123,False,False
r5-pilot,d4b9476b565847953527aa3cccfb748b8ad63f79d31190d4ea604d18aae69625,1,1,375,123,False,False
r5-pilot,d4b9476b565847953527aa3cccfb748b8ad63f79d31190d4ea604d18aae69625,1,1,376,123,False,False
r5-pilot,d4b9476b565847953527aa3cccfb748b8ad63f79d31190d4ea604d18aae69625,1,1,377,123,False,False
r5-pilot,d4b9476b565847953527aa3cccfb748b8ad63f79d31190d4ea604d18aae69625,1,1,378,123,False,False
r5-pilot,d4b9476b565847953527aa3cccfb748b8ad63f79d31190d4ea604d18aae69625,1,1,379,123,False,False
r5-pilot,d4b9476b565847953527aa3cccfb748b8ad63f79d31190d4ea604d18aae69625,1,1,380,123,False,False
r5-pilot,d4b9476b565847953527aa3cccfb748b8ad63f79d31190d4ea604d18aae69625,1,1,381,123,False,False
r5-pilot,d4b9476b565847953527aa3cccfb748b8ad63f79d31190d4ea604d18aae69625,1,1,382,123,False,False
r5-pilot,d4b9476b565847953527aa3cccfb748b8ad63f79d31190d4ea604d18aae69625,1,1,383,123,False,False
r5-pilot,d4b9476b565847953527aa3cccfb748b8ad63f79d31190d4ea604d18aae69625,1,1,372,124,False,False
r5-pilot,d4b9476b565847953527aa3cccfb748b8ad63f79d31190d4ea604d18aae69625,1,1,373,124,False,False
r5-pilot,d4b9476b565847953527aa3cccfb748b8ad63f79d31190d4ea604d18aae69625,1,1,374,124,False,False
r5-pilot,d4b9476b565847953527aa3cccfb748b8ad63f79d31190d4ea604d18aae69625,1,1,375,124,False,False
r5-pilot,d4b9476b565847953527aa3cccfb748b8ad63f79d31190d4ea604d18aae69625,1,1,376,124,False,False
r5-pilot,d4b9476b565847953527aa3cccfb748b8ad63f79d31190d4ea604d18aae69625,1,1,377,124,False,False
r5-pilot,d4b9476b565847953527aa3cccfb748b8ad63f79d31190d4ea604d18aae69625,1,1,378,124,False,False
r5-pilot,d4b9476b565847953527aa3cccfb748b8ad63f79d31190d4ea604d18aae69625,1,1,379,124,False,False
r5-pilot,d4b9476b565847953527aa3cccfb748b8ad63f79d31190d4ea604d18aae69625,1,1,380,124,False,False
r5-pilot,d4b9476b565847953527aa3cccfb748b8ad63f79d31190d4ea604d18aae69625,1,1,381,124,False,False
r5-pilot,d4b9476b565847953527aa3cccfb748b8ad63f79d31190d4ea604d18aae69625,1,1,382,124,False,False
r5-pilot,d4b9476b565847953527aa3cccfb748b8ad63f79d31190d4ea604d18aae69625,1,1,383,124,False,False
r5-pilot,d4b9476b565847953527aa3cccfb748b8ad63f79d31190d4ea604d18aae69625,1,1,372,125,False,False
r5-pilot,d4b9476b565847953527aa3cccfb748b8ad63f79d31190d4ea604d18aae69625,1,1,373,125,False,False
r5-pilot,d4b9476b565847953527aa3cccfb748b8ad63f79d31190d4ea604d18aae69625,1,1,374,125,False,False
r5-pilot,d4b9476b565847953527aa3cccfb748b8ad63f79d31190d4ea604d18aae69625,1,1,376,125,False,False
r5-pilot,d4b9476b565847953527aa3cccfb748b8ad63f79d31190d4ea604d18aae69625,1,1,377,125,False,False
r5-pilot,d4b9476b565847953527aa3cccfb748b8ad63f79d31190d4ea604d18aae69625,1,1,378,125,False,False
r5-pilot,d4b9476b565847953527aa3cccfb748b8ad63f79d31190d4ea604d18aae69625,1,1,379,125,False,False
r5-pilot,d4b9476b565847953527aa3cccfb748b8ad63f79d31190d4ea604d18aae69625,1,1,380,125,False,False
r5-pilot,d4b9476b565847953527aa3cccfb748b8ad63f79d31190d4ea604d18aae69625,1,1,381,125,False,False
r5-pilot,d4b9476b565847953527aa3cccfb748b8ad63f79d31190d4ea604d18aae69625,1,1,382,125,False,False
r5-pilot,d4b9476b565847953527aa3cccfb748b8ad63f79d31190d4ea604d18aae69625,1,1,383,125,False,False
r5-pilot,d4b9476b565847953527aa3cccfb748b8ad63f79d31190d4ea604d18aae69625,1,1,372,126,False,False
r5-pilot,d4b9476b565847953527aa3cccfb748b8ad63f79d31190d4ea604d18aae69625,1,1,373,126,False,False
r5-pilot,d4b9476b565847953527aa3cccfb748b8ad63f79d31190d4ea604d18aae69625,1,1,374,126,False,False
r5-pilot,d4b9476b565847953527aa3cccfb748b8ad63f79d31190d4ea604d18aae69625,1,1,375,126,False,False
r5-pilot,d4b9476b565847953527aa3cccfb748b8ad63f79d31190d4ea604d18aae69625,1,1,376,126,False,False
r5-pilot,d4b9476b565847953527aa3cccfb748b8ad63f79d31190d4ea604d18aae69625,1,1,377,126,False,False
r5-pilot,d4b9476b565847953527aa3cccfb748b8ad63f79d31190d4ea604d18aae69625,1,1,378,126,False,False
r5-pilot,d4b9476b565847953527aa3cccfb748b8ad63f79d31190d4ea604d18aae69625,1,1,379,126,False,False
r5-pilot,d4b9476b565847953527aa3cccfb748b8ad63f79d31190d4ea604d18aae69625,1,1,380,126,False,False
r5-pilot,d4b9476b565847953527aa3cccfb748b8ad63f79d31190d4ea604d18aae69625,1,1,381,126,False,False
r5-pilot,d4b9476b565847953527aa3cccfb748b8ad63f79d31190d4ea604d18aae69625,1,1,382,126,False,False
r5-pilot,d4b9476b565847953527aa3cccfb748b8ad63f79d31190d4ea604d18aae69625,1,1,383,126,False,False
r5-pilot,d4b9476b565847953527aa3cccfb748b8ad63f79d31190d4ea604d18aae69625,1,1,375,127,False,False
r5-pilot,d4b9476b565847953527aa3cccfb748b8ad63f79d31190d4ea604d18aae69625,1,1,376,127,False,False
r5-pilot,d4b9476b565847953527aa3cccfb748b8ad63f79d31190d4ea604d18aae69625,1,1,377,127,False,False
r5-pilot,d4b9476b565847953527aa3cccfb748b8ad63f79d31190d4ea604d18aae69625,1,1,378,127,False,False
r5-pilot,d4b9476b565847953527aa3cccfb748b8ad63f79d31190d4ea604d18aae69625,1,1,379,127,False,False
r5-pilot,d4b9476b565847953527aa3cccfb748b8ad63f79d31190d4ea604d18aae69625,1,1,380,127,False,False
r5-pilot,d4b9476b565847953527aa3cccfb748b8ad63f79d31190d4ea604d18aae69625,1,1,381,127,False,False
r5-pilot,d4b9476b565847953527aa3cccfb748b8ad63f79d31190d4ea604d18aae69625,1,1,382,127,False,False
r5-pilot,d4b9476b565847953527aa3cccfb748b8ad63f79d31190d4ea604d18aae69625,1,1,383,127,False,False
r5-pilot,d4b9476b565847953527aa3cccfb748b8ad63f79d31190d4ea604d18aae69625,1,1,374,128,False,False
r5-pilot,d4b9476b565847953527aa3cccfb748b8ad63f79d31190d4ea604d18aae69625,1,1,375,128,False,False
r5-pilot,d4b9476b565847953527aa3cccfb748b8ad63f79d31190d4ea604d18aae69625,1,1,376,128,False,False
r5-pilot,d4b9476b565847953527aa3cccfb748b8ad63f79d31190d4ea604d18aae69625,1,1,377,128,False,False
r5-pilot,d4b9476b565847953527aa3cccfb748b8ad63f79d31190d4ea604d18aae69625,1,1,378,128,False,False
r5-pilot,d4b9476b565847953527aa3cccfb748b8ad63f79d31190d4ea604d18aae69625,1,1,379,128,False,False
r5-pilot,d4b9476b565847953527aa3cccfb748b8ad63f79d31190d4ea604d18aae69625,1,1,380,128,False,False
r5-pilot,d4b9476b565847953527aa3cccfb748b8ad63f79d31190d4ea604d18aae69625,1,1,381,128,False,False
r5-pilot,d4b9476b565847953527aa3cccfb748b8ad63f79d31190d4ea604d18aae69625,1,1,382,128,False,False
r5-pilot,d4b9476b565847953527aa3cccfb748b8ad63f79d31190d4ea604d18aae69625,1,1,383,128,False,False
r5-pilot,d4b9476b565847953527aa3cccfb748b8ad63f79d31190d4ea604d18aae69625,1,1,374,129,False,False
r5-pilot,d4b9476b565847953527aa3cccfb748b8ad63f79d31190d4ea604d18aae69625,1,1,375,129,False,False
r5-pilot,d4b9476b565847953527aa3cccfb748b8ad63f79d31190d4ea604d18aae69625,1,1,376,129,False,False
r5-pilot,d4b9476b565847953527aa3cccfb748b8ad63f79d31190d4ea604d18aae69625,1,1,377,129,False,False
r5-pilot,d4b9476b565847953527aa3cccfb748b8ad63f79d31190d4ea604d18aae69625,1,1,378,129,False,False
r5-pilot,d4b9476b565847953527aa3cccfb748b8ad63f79d31190d4ea604d18aae69625,1,1,379,129,False,False
r5-pilot,d4b9476b565847953527aa3cccfb748b8ad63f79d31190d4ea604d18aae69625,1,1,380,129,False,False
r5-pilot,d4b9476b565847953527aa3cccfb748b8ad63f79d31190d4ea604d18aae69625,1,1,381,129,False,False
r5-pilot,d4b9476b565847953527aa3cccfb748b8ad63f79d31190d4ea604d18aae69625,1,1,382,129,False,False
r5-pilot,d4b9476b565847953527aa3cccfb748b8ad63f79d31190d4ea604d18aae69625,1,1,383,129,False,False
r5-pilot,d4b9476b565847953527aa3cccfb748b8ad63f79d31190d4ea604d18aae69625,1,1,375,130,False,False
r5-pilot,d4b9476b565847953527aa3cccfb748b8ad63f79d31190d4ea604d18aae69625,1,1,376,130,False,False
r5-pilot,d4b9476b565847953527aa3cccfb748b8ad63f79d31190d4ea604d18aae69625,1,1,377,130,False,False
r5-pilot,d4b9476b565847953527aa3cccfb748b8ad63f79d31190d4ea604d18aae69625,1,1,378,130,False,False
r5-pilot,d4b9476b565847953527aa3cccfb748b8ad63f79d31190d4ea604d18aae69625,1,1,379,130,False,False
r5-pilot,d4b9476b565847953527aa3cccfb748b8ad63f79d31190d4ea604d18aae69625,1,1,380,130,False,False
r5-pilot,d4b9476b565847953527aa3cccfb748b8ad63f79d31190d4ea604d18aae69625,1,1,381,130,False,False
r5-pilot,d4b9476b565847953527aa3cccfb748b8ad63f79d31190d4ea604d18aae69625,1,1,383,130,False,False
r5-pilot,d4b9476b565847953527aa3cccfb748b8ad63f79d31190d4ea604d18aae69625,1,1,376,131,False,False
r5-pilot,d4b9476b565847953527aa3cccfb748b8ad63f79d31190d4ea604d18aae69625,1,1,377,131,False,False
r5-pilot,d4b9476b565847953527aa3cccfb748b8ad63f79d31190d4ea604d18aae69625,1,1,378,131,False,False
r5-pilot,d4b9476b565847953527aa3cccfb748b8ad63f79d31190d4ea604d18aae69625,1,1,379,131,False,False
r5-pilot,d4b9476b565847953527aa3cccfb748b8ad63f79d31190d4ea604d18aae69625,1,1,380,131,False,False
r5-pilot,d4b9476b565847953527aa3cccfb748b8ad63f79d31190d4ea604d18aae69625,1,1,381,131,False,False
r5-pilot,d4b9476b565847953527aa3cccfb748b8ad63f79d31190d4ea604d18aae69625,1,1,382,131,False,False
r5-pilot,d4b9476b565847953527aa3cccfb748b8ad63f79d31190d4ea604d18aae69625,1,1,383,131,False,False
r5-pilot,d4b9476b565847953527aa3cccfb748b8ad63f79d31190d4ea604d18aae69625,1,1,376,132,False,False
r5-pilot,d4b9476b565847953527aa3cccfb748b8ad63f79d31190d4ea604d18aae69625,1,1,377,132,False,False
r5-pilot,d4b9476b565847953527aa3cccfb748b8ad63f79d31190d4ea604d18aae69625,1,1,378,132,False,False
r5-pilot,d4b9476b565847953527aa3cccfb748b8ad63f79d31190d4ea604d18aae69625,1,1,379,132,False,False
r5-pilot,d4b9476b565847953527aa3cccfb748b8ad63f79d31190d4ea604d18aae69625,1,1,380,132,False,False
r5-pilot,d4b9476b565847953527aa3cccfb748b8ad63f79d31190d4ea604d18aae69625,1,1,381,132,False,False
r5-pilot,d4b9476b565847953527aa3cccfb748b8ad63f79d31190d4ea604d18aae69625,1,1,382,132,False,False
r5-pilot,d4b9476b565847953527aa3cccfb748b8ad63f79d31190d4ea604d18aae69625,1,1,383,132,False,False
r5-pilot,d4b9476b565847953527aa3cccfb748b8ad63f79d31190d4ea604d18aae69625,1,1,374,133,False,False
r5-pilot,d4b9476b565847953527aa3cccfb748b8ad63f79d31190d4ea604d18aae69625,1,1,375,133,False,False
r5-pilot,d4b9476b565847953527aa3cccfb748b8ad63f79d31190d4ea604d18aae69625,1,1,376,133,False,False
r5-pilot,d4b9476b565847953527aa3cccfb748b8ad63f79d31190d4ea604d18aae69625,1,1,377,133,False,False
r5-pilot,d4b9476b565847953527aa3cccfb748b8ad63f79d31190d4ea604d18aae69625,1,1,378,133,False,False
r5-pilot,d4b9476b565847953527aa3cccfb748b8ad63f79d31190d4ea604d18aae69625,1,1,379,133,False,False
r5-pilot,d4b9476b565847953527aa3cccfb748b8ad63f79d31190d4ea604d18aae69625,1,1,380,133,False,False
r5-pilot,d4b9476b565847953527aa3cccfb748b8ad63f79d31190d4ea604d18aae69625,1,1,381,133,False,False
r5-pilot,d4b9476b565847953527aa3cccfb748b8ad63f79d31190d4ea604d18aae69625,1,1,382,133,False,False
r5-pilot,d4b9476b565847953527aa3cccfb748b8ad63f79d31190d4ea604d18aae69625,1,1,383,133,False,False
r5-pilot,d4b9476b565847953527aa3cccfb748b8ad63f79d31190d4ea604d18aae69625,1,1,374,134,False,False
r5-pilot,d4b9476b565847953527aa3cccfb748b8ad63f79d31190d4ea604d18aae69625,1,1,375,134,False,False
r5-pilot,d4b9476b565847953527aa3cccfb748b8ad63f79d31190d4ea604d18aae69625,1,1,376,134,False,False
r5-pilot,d4b9476b565847953527aa3cccfb748b8ad63f79d31190d4ea604d18aae69625,1,1,377,134,False,False
r5-pilot,d4b9476b565847953527aa3cccfb748b8ad63f79d31190d4ea604d18aae69625,1,1,378,134,False,False
r5-pilot,d4b9476b565847953527aa3cccfb748b8ad63f79d31190d4ea604d18aae69625,1,1,379,134,False,False
r5-pilot,d4b9476b565847953527aa3cccfb748b8ad63f79d31190d4ea604d18aae69625,1,1,380,134,False,False
r5-pilot,d4b9476b565847953527aa3cccfb748b8ad63f79d31190d4ea604d18aae69625,1,1,381,134,False,False
r5-pilot,d4b9476b565847953527aa3cccfb748b8ad63f79d31190d4ea604d18aae69625,1,1,382,134,False,False
r5-pilot,d4b9476b565847953527aa3cccfb748b8ad63f79d31190d4ea604d18aae69625,1,1,383,134,False,False
r5-pilot,d4b9476b565847953527aa3cccfb748b8ad63f79d31190d4ea604d18aae69625,1,1,375,135,False,False
r5-pilot,d4b9476b565847953527aa3cccfb748b8ad63f79d31190d4ea604d18aae69625,1,1,376,135,False,False
r5-pilot,d4b9476b565847953527aa3cccfb748b8ad63f79d31190d4ea604d18aae69625,1,1,377,135,False,False
r5-pilot,d4b9476b565847953527aa3cccfb748b8ad63f79d31190d4ea604d18aae69625,1,1,378,135,False,False
r5-pilot,d4b9476b565847953527aa3cccfb748b8ad63f79d31190d4ea604d18aae69625,1,1,379,135,False,False
r5-pilot,d4b9476b565847953527aa3cccfb748b8ad63f79d31190d4ea604d18aae69625,1,1,380,135,False,False
r5-pilot,d4b9476b565847953527aa3cccfb748b8ad63f79d31190d4ea604d18aae69625,1,1,381,135,False,False
r5-pilot,d4b9476b565847953527aa3cccfb748b8ad63f79d31190d4ea604d18aae69625,1,1,382,135,False,False
r5-pilot,d4b9476b565847953527aa3cccfb748b8ad63f79d31190d4ea604d18aae69625,1,1,383,135,False,False
r5-pilot,d4b9476b565847953527aa3cccfb748b8ad63f79d31190d4ea604d18aae69625,1,1,373,136,False,False
r5-pilot,d4b9476b565847953527aa3cccfb748b8ad63f79d31190d4ea604d18aae69625,1,1,374,136,False,False
r5-pilot,d4b9476b565847953527aa3cccfb748b8ad63f79d31190d4ea604d18aae69625,1,1,375,136,False,False
r5-pilot,d4b9476b565847953527aa3cccfb748b8ad63f79d31190d4ea604d18aae69625,1,1,376,136,False,False
r5-pilot,d4b9476b565847953527aa3cccfb748b8ad63f79d31190d4ea604d18aae69625,1,1,377,136,False,False
r5-pilot,d4b9476b565847953527aa3cccfb748b8ad63f79d31190d4ea604d18aae69625,1,1,378,136,False,False
r5-pilot,d4b9476b565847953527aa3cccfb748b8ad63f79d31190d4ea604d18aae69625,1,1,379,136,False,False
r5-pilot,d4b9476b565847953527aa3cccfb748b8ad63f79d31190d4ea604d18aae69625,1,1,380,136,False,False
r5-pilot,d4b9476b565847953527aa3cccfb748b8ad63f79d31190d4ea604d18aae69625,1,1,381,136,False,False
r5-pilot,d4b9476b565847953527aa3cccfb748b8ad63f79d31190d4ea604d18aae69625,1,1,382,136,False,False
r5-pilot,d4b9476b565847953527aa3cccfb748b8ad63f79d31190d4ea604d18aae69625,1,1,383,136,False,False
r5-pilot,d4b9476b565847953527aa3cccfb748b8ad63f79d31190d4ea604d18aae69625,1,1,372,137,False,False
r5-pilot,d4b9476b565847953527aa3cccfb748b8ad63f79d31190d4ea604d18aae69625,1,1,373,137,False,False
r5-pilot,d4b9476b565847953527aa3cccfb748b8ad63f79d31190d4ea604d18aae69625,1,1,375,137,False,False
r5-pilot,d4b9476b565847953527aa3cccfb748b8ad63f79d31190d4ea604d18aae69625,1,1,376,137,False,False
r5-pilot,d4b9476b565847953527aa3cccfb748b8ad63f79d31190d4ea604d18aae69625,1,1,377,137,False,False
r5-pilot,d4b9476b565847953527aa3cccfb748b8ad63f79d31190d4ea604d18aae69625,1,1,378,137,False,False
r5-pilot,d4b9476b565847953527aa3cccfb748b8ad63f79d31190d4ea604d18aae69625,1,1,379,137,False,False
r5-pilot,d4b9476b565847953527aa3cccfb748b8ad63f79d31190d4ea604d18aae69625,1,1,380,137,False,False
r5-pilot,d4b9476b565847953527aa3cccfb748b8ad63f79d31190d4ea604d18aae69625,1,1,381,137,False,False
r5-pilot,d4b9476b565847953527aa3cccfb748b8ad63f79d31190d4ea604d18aae69625,1,1,382,137,False,False
r5-pilot,d4b9476b565847953527aa3cccfb748b8ad63f79d31190d4ea604d18aae69625,1,1,383,137,False,False
r5-pilot,d4b9476b565847953527aa3cccfb748b8ad63f79d31190d4ea604d18aae69625,1,1,374,138,False,False
r5-pilot,d4b9476b565847953527aa3cccfb748b8ad63f79d31190d4ea604d18aae69625,1,1,375,138,False,False
r5-pilot,d4b9476b565847953527aa3cccfb748b8ad63f79d31190d4ea604d18aae69625,1,1,376,138,False,False
r5-pilot,d4b9476b565847953527aa3cccfb748b8ad63f79d31190d4ea604d18aae69625,1,1,377,138,False,False
r5-pilot,d4b9476b565847953527aa3cccfb748b8ad63f79d31190d4ea604d18aae69625,1,1,378,138,False,False
r5-pilot,d4b9476b565847953527aa3cccfb748b8ad63f79d31190d4ea604d18aae69625,1,1,379,138,False,False
r5-pilot,d4b9476b565847953527aa3cccfb748b8ad63f79d31190d4ea604d18aae69625,1,1,380,138,False,False
r5-pilot,d4b9476b565847953527aa3cccfb748b8ad63f79d31190d4ea604d18aae69625,1,1,381,138,False,False
r5-pilot,d4b9476b565847953527aa3cccfb748b8ad63f79d31190d4ea604d18aae69625,1,1,382,138,False,False
r5-pilot,d4b9476b565847953527aa3cccfb748b8ad63f79d31190d4ea604d18aae69625,1,1,383,138,False,False
r5-pilot,d4b9476b565847953527aa3cccfb748b8ad63f79d31190d4ea604d18aae69625,1,1,375,139,False,False
r5-pilot,d4b9476b565847953527aa3cccfb748b8ad63f79d31190d4ea604d18aae69625,1,1,376,139,False,False
r5-pilot,d4b9476b565847953527aa3cccfb748b8ad63f79d31190d4ea604d18aae69625,1,1,377,139,False,False
r5-pilot,d4b9476b565847953527aa3cccfb748b8ad63f79d31190d4ea604d18aae69625,1,1,378,139,False,False
r5-pilot,d4b9476b565847953527aa3cccfb748b8ad63f79d31190d4ea604d18aae69625,1,1,379,139,False,False
r5-pilot,d4b9476b565847953527aa3cccfb748b8ad63f79d31190d4ea604d18aae69625,1,1,380,139,False,False
r5-pilot,d4b9476b565847953527aa3cccfb748b8ad63f79d31190d4ea604d18aae69625,1,1,381,139,False,False
r5-pilot,d4b9476b565847953527aa3cccfb748b8ad63f79d31190d4ea604d18aae69625,1,1,382,139,False,False
r5-pilot,d4b9476b565847953527aa3cccfb748b8ad63f79d31190d4ea604d18aae69625,1,1,383,139,False,False
r5-pilot,d4b9476b565847953527aa3cccfb748b8ad63f79d31190d4ea604d18aae69625,1,1,374,140,False,False
r5-pilot,d4b9476b565847953527aa3cccfb748b8ad63f79d31190d4ea604d18aae69625,1,1,375,140,False,False
r5-pilot,d4b9476b565847953527aa3cccfb748b8ad63f79d31190d4ea604d18aae69625,1,1,376,140,False,False
r5-pilot,d4b9476b565847953527aa3cccfb748b8ad63f79d31190d4ea604d18aae69625,1,1,377,140,False,False
r5-pilot,d4b9476b565847953527aa3cccfb748b8ad63f79d31190d4ea604d18aae69625,1,1,378,140,False,False
r5-pilot,d4b9476b565847953527aa3cccfb748b8ad63f79d31190d4ea604d18aae69625,1,1,379,140,False,False
r5-pilot,d4b9476b565847953527aa3cccfb748b8ad63f79d31190d4ea604d18aae69625,1,1,380,140,False,False
r5-pilot,d4b9476b565847953527aa3cccfb748b8ad63f79d31190d4ea604d18aae69625,1,1,381,140,False,False
r5-pilot,d4b9476b565847953527aa3cccfb748b8ad63f79d31190d4ea604d18aae69625,1,1,382,140,False,False
r5-pilot,d4b9476b565847953527aa3cccfb748b8ad63f79d31190d4ea604d18aae69625,1,1,383,140,False,False
r5-pilot,d4b9476b565847953527aa3cccfb748b8ad63f79d31190d4ea604d18aae69625,1,1,374,141,False,False
r5-pilot,d4b9476b565847953527aa3cccfb748b8ad63f79d31190d4ea604d18aae69625,1,1,375,141,False,False
r5-pilot,d4b9476b565847953527aa3cccfb748b8ad63f79d31190d4ea604d18aae69625,1,1,377,141,False,False
r5-pilot,d4b9476b565847953527aa3cccfb748b8ad63f79d31190d4ea604d18aae69625,1,1,378,141,False,False
r5-pilot,d4b9476b565847953527aa3cccfb748b8ad63f79d31190d4ea604d18aae69625,1,1,379,141,False,False
r5-pilot,d4b9476b565847953527aa3cccfb748b8ad63f79d31190d4ea604d18aae69625,1,1,380,141,False,False
r5-pilot,d4b9476b565847953527aa3cccfb748b8ad63f79d31190d4ea604d18aae69625,1,1,381,141,False,False
r5-pilot,d4b9476b565847953527aa3cccfb748b8ad63f79d31190d4ea604d18aae69625,1,1,382,141,False,False
r5-pilot,d4b9476b565847953527aa3cccfb748b8ad63f79d31190d4ea604d18aae69625,1,1,383,141,False,False
r5-pilot,d4b9476b565847953527aa3cccfb748b8ad63f79d31190d4ea604d18aae69625,1,1,374,142,False,False
r5-pilot,d4b9476b565847953527aa3cccfb748b8ad63f79d31190d4ea604d18aae69625,1,1,375,142,False,False
r5-pilot,d4b9476b565847953527aa3cccfb748b8ad63f79d31190d4ea604d18aae69625,1,1,378,142,False,False
r5-pilot,d4b9476b565847953527aa3cccfb748b8ad63f79d31190d4ea604d18aae69625,1,1,379,142,False,False
r5-pilot,d4b9476b565847953527aa3cccfb748b8ad63f79d31190d4ea604d18aae69625,1,1,380,142,False,False
r5-pilot,d4b9476b565847953527aa3cccfb748b8ad63f79d31190d4ea604d18aae69625,1,1,381,142,False,False
r5-pilot,d4b9476b565847953527aa3cccfb748b8ad63f79d31190d4ea604d18aae69625,1,1,382,142,False,False
r5-pilot,d4b9476b565847953527aa3cccfb748b8ad63f79d31190d4ea604d18aae69625,1,1,383,142,False,False
r5-pilot,d4b9476b565847953527aa3cccfb748b8ad63f79d31190d4ea604d18aae69625,1,1,376,143,False,False
r5-pilot,d4b9476b565847953527aa3cccfb748b8ad63f79d31190d4ea604d18aae69625,1,1,377,143,False,False
r5-pilot,d4b9476b565847953527aa3cccfb748b8ad63f79d31190d4ea604d18aae69625,1,1,378,143,False,False
r5-pilot,d4b9476b565847953527aa3cccfb748b8ad63f79d31190d4ea604d18aae69625,1,1,379,143,False,False
r5-pilot,d4b9476b565847953527aa3cccfb748b8ad63f79d31190d4ea604d18aae69625,1,1,380,143,False,False
r5-pilot,d4b9476b565847953527aa3cccfb748b8ad63f79d31190d4ea604d18aae69625,1,1,381,143,False,False
r5-pilot,d4b9476b565847953527aa3cccfb748b8ad63f79d31190d4ea604d18aae69625,1,1,382,143,False,False
r5-pilot,d4b9476b565847953527aa3cccfb748b8ad63f79d31190d4ea604d18aae69625,1,1,383,143,False,False
r5-pilot,d4b9476b565847953527aa3cccfb748b8ad63f79d31190d4ea604d18aae69625,1,1,374,144,False,False
r5-pilot,d4b9476b565847953527aa3cccfb748b8ad63f79d31190d4ea604d18aae69625,1,1,375,144,False,False
r5-pilot,d4b9476b565847953527aa3cccfb748b8ad63f79d31190d4ea604d18aae69625,1,1,376,144,False,False
r5-pilot,d4b9476b565847953527aa3cccfb748b8ad63f79d31190d4ea604d18aae69625,1,1,377,144,False,False
r5-pilot,d4b9476b565847953527aa3cccfb748b8ad63f79d31190d4ea604d18aae69625,1,1,378,144,False,False
r5-pilot,d4b9476b565847953527aa3cccfb748b8ad63f79d31190d4ea604d18aae69625,1,1,379,144,False,False
r5-pilot,d4b9476b565847953527aa3cccfb748b8ad63f79d31190d4ea604d18aae69625,1,1,380,144,False,False
r5-pilot,d4b9476b565847953527aa3cccfb748b8ad63f79d31190d4ea604d18aae69625,1,1,381,144,False,False
r5-pilot,d4b9476b565847953527aa3cccfb748b8ad63f79d31190d4ea604d18aae69625,1,1,382,144,False,False
r5-pilot,d4b9476b565847953527aa3cccfb748b8ad63f79d31190d4ea604d18aae69625,1,1,383,144,False,False
r5-pilot,d4b9476b565847953527aa3cccfb748b8ad63f79d31190d4ea604d18aae69625,1,1,374,145,False,False
r5-pilot,d4b9476b565847953527aa3cccfb748b8ad63f79d31190d4ea604d18aae69625,1,1,375,145,False,False
r5-pilot,d4b9476b565847953527aa3cccfb748b8ad63f79d31190d4ea604d18aae69625,1,1,376,145,False,False
r5-pilot,d4b9476b565847953527aa3cccfb748b8ad63f79d31190d4ea604d18aae69625,1,1,377,145,False,False
r5-pilot,d4b9476b565847953527aa3cccfb748b8ad63f79d31190d4ea604d18aae69625,1,1,378,145,False,False
r5-pilot,d4b9476b565847953527aa3cccfb748b8ad63f79d31190d4ea604d18aae69625,1,1,379,145,False,False
r5-pilot,d4b9476b565847953527aa3cccfb748b8ad63f79d31190d4ea604d18aae69625,1,1,380,145,False,False
r5-pilot,d4b9476b565847953527aa3cccfb748b8ad63f79d31190d4ea604d18aae69625,1,1,381,145,False,False
r5-pilot,d4b9476b565847953527aa3cccfb748b8ad63f79d31190d4ea604d18aae69625,1,1,382,145,False,False
r5-pilot,d4b9476b565847953527aa3cccfb748b8ad63f79d31190d4ea604d18aae69625,1,1,383,145,False,False
r5-pilot,d4b9476b565847953527aa3cccfb748b8ad63f79d31190d4ea604d18aae69625,1,1,375,146,False,False
r5-pilot,d4b9476b565847953527aa3cccfb748b8ad63f79d31190d4ea604d18aae69625,1,1,376,146,False,False
r5-pilot,d4b9476b565847953527aa3cccfb748b8ad63f79d31190d4ea604d18aae69625,1,1,377,146,False,False
r5-pilot,d4b9476b565847953527aa3cccfb748b8ad63f79d31190d4ea604d18aae69625,1,1,378,146,False,False
r5-pilot,d4b9476b565847953527aa3cccfb748b8ad63f79d31190d4ea604d18aae69625,1,1,379,146,False,False
r5-pilot,d4b9476b565847953527aa3cccfb748b8ad63f79d31190d4ea604d18aae69625,1,1,380,146,False,False
r5-pilot,d4b9476b565847953527aa3cccfb748b8ad63f79d31190d4ea604d18aae69625,1,1,381,146,False,False
r5-pilot,d4b9476b565847953527aa3cccfb748b8ad63f79d31190d4ea604d18aae69625,1,1,382,146,False,False
r5-pilot,d4b9476b565847953527aa3cccfb748b8ad63f79d31190d4ea604d18aae69625,1,1,383,146,False,False
r5-pilot,d4b9476b565847953527aa3cccfb748b8ad63f79d31190d4ea604d18aae69625,1,1,377,147,False,False
r5-pilot,d4b9476b565847953527aa3cccfb748b8ad63f79d31190d4ea604d18aae69625,1,1,378,147,False,False
r5-pilot,d4b9476b565847953527aa3cccfb748b8ad63f79d31190d4ea604d18aae69625,1,1,379,147,False,False
r5-pilot,d4b9476b565847953527aa3cccfb748b8ad63f79d31190d4ea604d18aae69625,1,1,380,147,False,False
r5-pilot,d4b9476b565847953527aa3cccfb748b8ad63f79d31190d4ea604d18aae69625,1,1,381,147,False,False
r5-pilot,d4b9476b565847953527aa3cccfb748b8ad63f79d31190d4ea604d18aae69625,1,1,382,147,False,False
r5-pilot,d4b9476b565847953527aa3cccfb748b8ad63f79d31190d4ea604d18aae69625,1,1,383,147,False,False
r5-pilot,d4b9476b565847953527aa3cccfb748b8ad63f79d31190d4ea604d18aae69625,1,1,378,148,False,False
r5-pilot,d4b9476b565847953527aa3cccfb748b8ad63f79d31190d4ea604d18aae69625,1,1,379,148,False,False
r5-pilot,d4b9476b565847953527aa3cccfb748b8ad63f79d31190d4ea604d18aae69625,1,1,380,148,False,False
r5-pilot,d4b9476b565847953527aa3cccfb748b8ad63f79d31190d4ea604d18aae69625,1,1,381,148,False,False
r5-pilot,d4b9476b565847953527aa3cccfb748b8ad63f79d31190d4ea604d18aae69625,1,1,382,148,False,False
r5-pilot,d4b9476b565847953527aa3cccfb748b8ad63f79d31190d4ea604d18aae69625,1,1,383,148,False,False
r5-pilot,d4b9476b565847953527aa3cccfb748b8ad63f79d31190d4ea604d18aae69625,1,1,378,149,False,False
r5-pilot,d4b9476b565847953527aa3cccfb748b8ad63f79d31190d4ea604d18aae69625,1,1,379,149,False,False
r5-pilot,d4b9476b565847953527aa3cccfb748b8ad63f79d31190d4ea604d18aae69625,1,1,380,149,False,False
r5-pilot,d4b9476b565847953527aa3cccfb748b8ad63f79d31190d4ea604d18aae69625,1,1,381,149,False,False
r5-pilot,d4b9476b565847953527aa3cccfb748b8ad63f79d31190d4ea604d18aae69625,1,1,382,149,False,False
r5-pilot,d4b9476b565847953527aa3cccfb748b8ad63f79d31190d4ea604d18aae69625,1,1,383,149,False,False
r5-pilot,d4b9476b565847953527aa3cccfb748b8ad63f79d31190d4ea604d18aae69625,1,1,378,150,False,False
r5-pilot,d4b9476b565847953527aa3cccfb748b8ad63f79d31190d4ea604d18aae69625,1,1,379,150,False,False
r5-pilot,d4b9476b565847953527aa3cccfb748b8ad63f79d31190d4ea604d18aae69625,1,1,380,150,False,False
r5-pilot,d4b9476b565847953527aa3cccfb748b8ad63f79d31190d4ea604d18aae69625,1,1,381,150,False,False
r5-pilot,d4b9476b565847953527aa3cccfb748b8ad63f79d31190d4ea604d18aae69625,1,1,382,150,False,False
r5-pilot,d4b9476b565847953527aa3cccfb748b8ad63f79d31190d4ea604d18aae69625,1,1,383,150,False,False
r5-pilot,d4b9476b565847953527aa3cccfb748b8ad63f79d31190d4ea604d18aae69625,1,1,378,151,False,False
r5-pilot,d4b9476b565847953527aa3cccfb748b8ad63f79d31190d4ea604d18aae69625,1,1,379,151,False,False
r5-pilot,d4b9476b565847953527aa3cccfb748b8ad63f79d31190d4ea604d18aae69625,1,1,380,151,False,False
r5-pilot,d4b9476b565847953527aa3cccfb748b8ad63f79d31190d4ea604d18aae69625,1,1,381,151,False,False
r5-pilot,d4b9476b565847953527aa3cccfb748b8ad63f79d31190d4ea604d18aae69625,1,1,382,151,False,False
r5-pilot,d4b9476b565847953527aa3cccfb748b8ad63f79d31190d4ea604d18aae69625,1,1,383,151,False,False
r5-pilot,d4b9476b565847953527aa3cccfb748b8ad63f79d31190d4ea604d18aae69625,1,1,379,152,False,False
r5-pilot,d4b9476b565847953527aa3cccfb748b8ad63f79d31190d4ea604d18aae69625,1,1,380,152,False,False
r5-pilot,d4b9476b565847953527aa3cccfb748b8ad63f79d31190d4ea604d18aae69625,1,1,381,152,False,False
r5-pilot,d4b9476b565847953527aa3cccfb748b8ad63f79d31190d4ea604d18aae69625,1,1,382,152,False,False
r5-pilot,d4b9476b565847953527aa3cccfb748b8ad63f79d31190d4ea604d18aae69625,1,1,383,152,False,False
r5-pilot,d4b9476b565847953527aa3cccfb748b8ad63f79d31190d4ea604d18aae69625,1,1,384,152,False,False
r5-pilot,d4b9476b565847953527aa3cccfb748b8ad63f79d31190d4ea604d18aae69625,1,1,378,153,False,False
r5-pilot,d4b9476b565847953527aa3cccfb748b8ad63f79d31190d4ea604d18aae69625,1,1,379,153,False,False
r5-pilot,d4b9476b565847953527aa3cccfb748b8ad63f79d31190d4ea604d18aae69625,1,1,380,153,False,False
r5-pilot,d4b9476b565847953527aa3cccfb748b8ad63f79d31190d4ea604d18aae69625,1,1,381,153,False,False
r5-pilot,d4b9476b565847953527aa3cccfb748b8ad63f79d31190d4ea604d18aae69625,1,1,382,153,False,False
r5-pilot,d4b9476b565847953527aa3cccfb748b8ad63f79d31190d4ea604d18aae69625,1,1,383,153,False,False
r5-pilot,d4b9476b565847953527aa3cccfb748b8ad63f79d31190d4ea604d18aae69625,1,1,384,153,False,False
r5-pilot,d4b9476b565847953527aa3cccfb748b8ad63f79d31190d4ea604d18aae69625,1,1,378,154,False,False
r5-pilot,d4b9476b565847953527aa3cccfb748b8ad63f79d31190d4ea604d18aae69625,1,1,379,154,False,False
r5-pilot,d4b9476b565847953527aa3cccfb748b8ad63f79d31190d4ea604d18aae69625,1,1,380,154,False,False
r5-pilot,d4b9476b565847953527aa3cccfb748b8ad63f79d31190d4ea604d18aae69625,1,1,381,154,False,False
r5-pilot,d4b9476b565847953527aa3cccfb748b8ad63f79d31190d4ea604d18aae69625,1,1,382,154,False,False
r5-pilot,d4b9476b565847953527aa3cccfb748b8ad63f79d31190d4ea604d18aae69625,1,1,383,154,False,False
r5-pilot,d4b9476b565847953527aa3cccfb748b8ad63f79d31190d4ea604d18aae69625,1,1,384,154,False,False
r5-pilot,d4b9476b565847953527aa3cccfb748b8ad63f79d31190d4ea604d18aae69625,1,1,378,155,False,False
r5-pilot,d4b9476b565847953527aa3cccfb748b8ad63f79d31190d4ea604d18aae69625,1,1,379,155,False,False
r5-pilot,d4b9476b565847953527aa3cccfb748b8ad63f79d31190d4ea604d18aae69625,1,1,380,155,False,False
r5-pilot,d4b9476b565847953527aa3cccfb748b8ad63f79d31190d4ea604d18aae69625,1,1,381,155,False,False
r5-pilot,d4b9476b565847953527aa3cccfb748b8ad63f79d31190d4ea604d18aae69625,1,1,382,155,False,False
r5-pilot,d4b9476b565847953527aa3cccfb748b8ad63f79d31190d4ea604d18aae69625,1,1,383,155,False,False
r5-pilot,d4b9476b565847953527aa3cccfb748b8ad63f79d31190d4ea604d18aae69625,1,1,385,155,False,False
r5-pilot,d4b9476b565847953527aa3cccfb748b8ad63f79d31190d4ea604d18aae69625,1,1,378,156,False,False
r5-pilot,d4b9476b565847953527aa3cccfb748b8ad63f79d31190d4ea604d18aae69625,1,1,379,156,False,False
r5-pilot,d4b9476b565847953527aa3cccfb748b8ad63f79d31190d4ea604d18aae69625,1,1,380,156,False,False
r5-pilot,d4b9476b565847953527aa3cccfb748b8ad63f79d31190d4ea604d18aae69625,1,1,381,156,False,False
r5-pilot,d4b9476b565847953527aa3cccfb748b8ad63f79d31190d4ea604d18aae69625,1,1,382,156,False,False
r5-pilot,d4b9476b565847953527aa3cccfb748b8ad63f79d31190d4ea604d18aae69625,1,1,383,156,False,False
r5-pilot,d4b9476b565847953527aa3cccfb748b8ad63f79d31190d4ea604d18aae69625,1,1,385,156,False,False
r5-pilot,d4b9476b565847953527aa3cccfb748b8ad63f79d31190d4ea604d18aae69625,1,1,378,157,False,False
r5-pilot,d4b9476b565847953527aa3cccfb748b8ad63f79d31190d4ea604d18aae69625,1,1,379,157,False,False
r5-pilot,d4b9476b565847953527aa3cccfb748b8ad63f79d31190d4ea604d18aae69625,1,1,380,157,False,False
r5-pilot,d4b9476b565847953527aa3cccfb748b8ad63f79d31190d4ea604d18aae69625,1,1,381,157,False,False
r5-pilot,d4b9476b565847953527aa3cccfb748b8ad63f79d31190d4ea604d18aae69625,1,1,382,157,False,False
r5-pilot,d4b9476b565847953527aa3cccfb748b8ad63f79d31190d4ea604d18aae69625,1,1,383,157,False,False
r5-pilot,d4b9476b565847953527aa3cccfb748b8ad63f79d31190d4ea604d18aae69625,1,1,385,157,False,False
r5-pilot,d4b9476b565847953527aa3cccfb748b8ad63f79d31190d4ea604d18aae69625,1,1,378,158,False,False
r5-pilot,d4b9476b565847953527aa3cccfb748b8ad63f79d31190d4ea604d18aae69625,1,1,379,158,False,False
r5-pilot,d4b9476b565847953527aa3cccfb748b8ad63f79d31190d4ea604d18aae69625,1,1,380,158,False,False
r5-pilot,d4b9476b565847953527aa3cccfb748b8ad63f79d31190d4ea604d18aae69625,1,1,381,158,False,False
r5-pilot,d4b9476b565847953527aa3cccfb748b8ad63f79d31190d4ea604d18aae69625,1,1,382,158,False,False
r5-pilot,d4b9476b565847953527aa3cccfb748b8ad63f79d31190d4ea604d18aae69625,1,1,383,158,False,False
r5-pilot,d4b9476b565847953527aa3cccfb748b8ad63f79d31190d4ea604d18aae69625,1,1,384,158,False,False
r5-pilot,d4b9476b565847953527aa3cccfb748b8ad63f79d31190d4ea604d18aae69625,1,1,385,158,False,False
r5-pilot,d4b9476b565847953527aa3cccfb748b8ad63f79d31190d4ea604d18aae69625,1,1,378,159,False,False
r5-pilot,d4b9476b565847953527aa3cccfb748b8ad63f79d31190d4ea604d18aae69625,1,1,379,159,False,False
r5-pilot,d4b9476b565847953527aa3cccfb748b8ad63f79d31190d4ea604d18aae69625,1,1,380,159,False,False
r5-pilot,d4b9476b565847953527aa3cccfb748b8ad63f79d31190d4ea604d18aae69625,1,1,381,159,False,False
r5-pilot,d4b9476b565847953527aa3cccfb748b8ad63f79d31190d4ea604d18aae69625,1,1,382,159,False,False
r5-pilot,d4b9476b565847953527aa3cccfb748b8ad63f79d31190d4ea604d18aae69625,1,1,383,159,False,False
r5-pilot,d4b9476b565847953527aa3cccfb748b8ad63f79d31190d4ea604d18aae69625,1,1,385,159,False,False
r5-pilot,d4b9476b565847953527aa3cccfb748b8ad63f79d31190d4ea604d18aae69625,1,1,378,160,False,False
r5-pilot,d4b9476b565847953527aa3cccfb748b8ad63f79d31190d4ea604d18aae69625,1,1,379,160,False,False
r5-pilot,d4b9476b565847953527aa3cccfb748b8ad63f79d31190d4ea604d18aae69625,1,1,380,160,False,False
r5-pilot,d4b9476b565847953527aa3cccfb748b8ad63f79d31190d4ea604d18aae69625,1,1,381,160,False,False
r5-pilot,d4b9476b565847953527aa3cccfb748b8ad63f79d31190d4ea604d18aae69625,1,1,382,160,False,False
r5-pilot,d4b9476b565847953527aa3cccfb748b8ad63f79d31190d4ea604d18aae69625,1,1,383,160,False,False
r5-pilot,d4b9476b565847953527aa3cccfb748b8ad63f79d31190d4ea604d18aae69625,1,1,384,160,False,False
r5-pilot,d4b9476b565847953527aa3cccfb748b8ad63f79d31190d4ea604d18aae69625,1,1,385,160,False,False
r5-pilot,d4b9476b565847953527aa3cccfb748b8ad63f79d31190d4ea604d18aae69625,1,1,377,161,False,False
r5-pilot,d4b9476b565847953527aa3cccfb748b8ad63f79d31190d4ea604d18aae69625,1,1,378,161,False,False
r5-pilot,d4b9476b565847953527aa3cccfb748b8ad63f79d31190d4ea604d18aae69625,1,1,379,161,False,False
r5-pilot,d4b9476b565847953527aa3cccfb748b8ad63f79d31190d4ea604d18aae69625,1,1,380,161,False,False
r5-pilot,d4b9476b565847953527aa3cccfb748b8ad63f79d31190d4ea604d18aae69625,1,1,381,161,False,False
r5-pilot,d4b9476b565847953527aa3cccfb748b8ad63f79d31190d4ea604d18aae69625,1,1,382,161,False,False
r5-pilot,d4b9476b565847953527aa3cccfb748b8ad63f79d31190d4ea604d18aae69625,1,1,383,161,False,False
r5-pilot,d4b9476b565847953527aa3cccfb748b8ad63f79d31190d4ea604d18aae69625,1,1,384,161,False,False
r5-pilot,d4b9476b565847953527aa3cccfb748b8ad63f79d31190d4ea604d18aae69625,1,1,385,161,False,False
r5-pilot,d4b9476b565847953527aa3cccfb748b8ad63f79d31190d4ea604d18aae69625,1,1,382,162,False,False
r5-pilot,d4b9476b565847953527aa3cccfb748b8ad63f79d31190d4ea604d18aae69625,1,1,383,162,False,False
r5-pilot,d4b9476b565847953527aa3cccfb748b8ad63f79d31190d4ea604d18aae69625,1,1,384,162,False,False
r5-pilot,d4b9476b565847953527aa3cccfb748b8ad63f79d31190d4ea604d18aae69625,1,1,385,162,False,False
r5-pilot,d4b9476b565847953527aa3cccfb748b8ad63f79d31190d4ea604d18aae69625,1,1,380,163,False,False
r5-pilot,d4b9476b565847953527aa3cccfb748b8ad63f79d31190d4ea604d18aae69625,1,1,381,163,False,False
r5-pilot,d4b9476b565847953527aa3cccfb748b8ad63f79d31190d4ea604d18aae69625,1,1,382,163,False,False
r5-pilot,d4b9476b565847953527aa3cccfb748b8ad63f79d31190d4ea604d18aae69625,1,1,383,163,False,False
r5-pilot,d4b9476b565847953527aa3cccfb748b8ad63f79d31190d4ea604d18aae69625,1,1,384,163,False,False
r5-pilot,d4b9476b565847953527aa3cccfb748b8ad63f79d31190d4ea604d18aae69625,1,1,385,163,False,False
r5-pilot,d4b9476b565847953527aa3cccfb748b8ad63f79d31190d4ea604d18aae69625,1,1,379,164,False,False
r5-pilot,d4b9476b565847953527aa3cccfb748b8ad63f79d31190d4ea604d18aae69625,1,1,380,164,False,False
r5-pilot,d4b9476b565847953527aa3cccfb748b8ad63f79d31190d4ea604d18aae69625,1,1,381,164,False,False
r5-pilot,d4b9476b565847953527aa3cccfb748b8ad63f79d31190d4ea604d18aae69625,1,1,382,164,False,False
r5-pilot,d4b9476b565847953527aa3cccfb748b8ad63f79d31190d4ea604d18aae69625,1,1,383,164,False,False
r5-pilot,d4b9476b565847953527aa3cccfb748b8ad63f79d31190d4ea604d18aae69625,1,1,384,164,False,False
r5-pilot,d4b9476b565847953527aa3cccfb748b8ad63f79d31190d4ea604d18aae69625,1,1,385,164,False,False
r5-pilot,d4b9476b565847953527aa3cccfb748b8ad63f79d31190d4ea604d18aae69625,1,1,378,165,False,False
r5-pilot,d4b9476b565847953527aa3cccfb748b8ad63f79d31190d4ea604d18aae69625,1,1,379,165,False,False
r5-pilot,d4b9476b565847953527aa3cccfb748b8ad63f79d31190d4ea604d18aae69625,1,1,380,165,False,False
r5-pilot,d4b9476b565847953527aa3cccfb748b8ad63f79d31190d4ea604d18aae69625,1,1,381,165,False,False
r5-pilot,d4b9476b565847953527aa3cccfb748b8ad63f79d31190d4ea604d18aae69625,1,1,382,165,False,False
r5-pilot,d4b9476b565847953527aa3cccfb748b8ad63f79d31190d4ea604d18aae69625,1,1,383,165,False,False
r5-pilot,d4b9476b565847953527aa3cccfb748b8ad63f79d31190d4ea604d18aae69625,1,1,384,165,False,False
r5-pilot,d4b9476b565847953527aa3cccfb748b8ad63f79d31190d4ea604d18aae69625,1,1,385,165,False,False
r5-pilot,d4b9476b565847953527aa3cccfb748b8ad63f79d31190d4ea604d18aae69625,1,1,382,166,False,False
r5-pilot,d4b9476b565847953527aa3cccfb748b8ad63f79d31190d4ea604d18aae69625,1,1,383,166,False,False
r5-pilot,d4b9476b565847953527aa3cccfb748b8ad63f79d31190d4ea604d18aae69625,1,1,384,166,False,False
r5-pilot,d4b9476b565847953527aa3cccfb748b8ad63f79d31190d4ea604d18aae69625,1,1,385,166,False,False
r5-pilot,d4b9476b565847953527aa3cccfb748b8ad63f79d31190d4ea604d18aae69625,1,1,382,167,False,False
r5-pilot,d4b9476b565847953527aa3cccfb748b8ad63f79d31190d4ea604d18aae69625,1,1,383,167,False,False
r5-pilot,d4b9476b565847953527aa3cccfb748b8ad63f79d31190d4ea604d18aae69625,1,1,384,167,False,False
r5-pilot,d4b9476b565847953527aa3cccfb748b8ad63f79d31190d4ea604d18aae69625,1,1,385,167,False,False
r5-pilot,d4b9476b565847953527aa3cccfb748b8ad63f79d31190d4ea604d18aae69625,1,1,380,168,False,False
r5-pilot,d4b9476b565847953527aa3cccfb748b8ad63f79d31190d4ea604d18aae69625,1,1,381,168,False,False
r5-pilot,d4b9476b565847953527aa3cccfb748b8ad63f79d31190d4ea604d18aae69625,1,1,382,168,False,False
r5-pilot,d4b9476b565847953527aa3cccfb748b8ad63f79d31190d4ea604d18aae69625,1,1,383,168,False,False
r5-pilot,d4b9476b565847953527aa3cccfb748b8ad63f79d31190d4ea604d18aae69625,1,1,384,168,False,False
r5-pilot,d4b9476b565847953527aa3cccfb748b8ad63f79d31190d4ea604d18aae69625,1,1,385,168,False,False
r5-pilot,d4b9476b565847953527aa3cccfb748b8ad63f79d31190d4ea604d18aae69625,1,1,379,169,False,False
r5-pilot,d4b9476b565847953527aa3cccfb748b8ad63f79d31190d4ea604d18aae69625,1,1,380,169,False,False
r5-pilot,d4b9476b565847953527aa3cccfb748b8ad63f79d31190d4ea604d18aae69625,1,1,381,169,False,False
r5-pilot,d4b9476b565847953527aa3cccfb748b8ad63f79d31190d4ea604d18aae69625,1,1,382,169,False,False
r5-pilot,d4b9476b565847953527aa3cccfb748b8ad63f79d31190d4ea604d18aae69625,1,1,383,169,False,False
r5-pilot,d4b9476b565847953527aa3cccfb748b8ad63f79d31190d4ea604d18aae69625,1,1,384,169,False,False
r5-pilot,d4b9476b565847953527aa3cccfb748b8ad63f79d31190d4ea604d18aae69625,1,1,385,169,False,False
r5-pilot,d4b9476b565847953527aa3cccfb748b8ad63f79d31190d4ea604d18aae69625,1,1,378,170,False,False
r5-pilot,d4b9476b565847953527aa3cccfb748b8ad63f79d31190d4ea604d18aae69625,1,1,379,170,False,False
r5-pilot,d4b9476b565847953527aa3cccfb748b8ad63f79d31190d4ea604d18aae69625,1,1,380,170,False,False
r5-pilot,d4b9476b565847953527aa3cccfb748b8ad63f79d31190d4ea604d18aae69625,1,1,381,170,False,False
r5-pilot,d4b9476b565847953527aa3cccfb748b8ad63f79d31190d4ea604d18aae69625,1,1,382,170,False,False
r5-pilot,d4b9476b565847953527aa3cccfb748b8ad63f79d31190d4ea604d18aae69625,1,1,383,170,False,False
r5-pilot,d4b9476b565847953527aa3cccfb748b8ad63f79d31190d4ea604d18aae69625,1,1,384,170,False,False
r5-pilot,d4b9476b565847953527aa3cccfb748b8ad63f79d31190d4ea604d18aae69625,1,1,385,170,False,False
r5-pilot,d4b9476b565847953527aa3cccfb748b8ad63f79d31190d4ea604d18aae69625,1,1,378,171,False,False
r5-pilot,d4b9476b565847953527aa3cccfb748b8ad63f79d31190d4ea604d18aae69625,1,1,379,171,False,False
r5-pilot,d4b9476b565847953527aa3cccfb748b8ad63f79d31190d4ea604d18aae69625,1,1,380,171,False,False
r5-pilot,d4b9476b565847953527aa3cccfb748b8ad63f79d31190d4ea604d18aae69625,1,1,381,171,False,False
r5-pilot,d4b9476b565847953527aa3cccfb748b8ad63f79d31190d4ea604d18aae69625,1,1,382,171,False,False
r5-pilot,d4b9476b565847953527aa3cccfb748b8ad63f79d31190d4ea604d18aae69625,1,1,383,171,False,False
r5-pilot,d4b9476b565847953527aa3cccfb748b8ad63f79d31190d4ea604d18aae69625,1,1,384,171,False,False
r5-pilot,d4b9476b565847953527aa3cccfb748b8ad63f79d31190d4ea604d18aae69625,1,1,385,171,False,False
r5-pilot,d4b9476b565847953527aa3cccfb748b8ad63f79d31190d4ea604d18aae69625,1,1,378,172,False,False
r5-pilot,d4b9476b565847953527aa3cccfb748b8ad63f79d31190d4ea604d18aae69625,1,1,379,172,False,False
r5-pilot,d4b9476b565847953527aa3cccfb748b8ad63f79d31190d4ea604d18aae69625,1,1,380,172,False,False
r5-pilot,d4b9476b565847953527aa3cccfb748b8ad63f79d31190d4ea604d18aae69625,1,1,381,172,False,False
r5-pilot,d4b9476b565847953527aa3cccfb748b8ad63f79d31190d4ea604d18aae69625,1,1,382,172,False,False
r5-pilot,d4b9476b565847953527aa3cccfb748b8ad63f79d31190d4ea604d18aae69625,1,1,383,172,False,False
r5-pilot,d4b9476b565847953527aa3cccfb748b8ad63f79d31190d4ea604d18aae69625,1,1,384,172,False,False
r5-pilot,d4b9476b565847953527aa3cccfb748b8ad63f79d31190d4ea604d18aae69625,1,1,385,172,False,False
r5-pilot,d4b9476b565847953527aa3cccfb748b8ad63f79d31190d4ea604d18aae69625,1,1,379,173,False,False
r5-pilot,d4b9476b565847953527aa3cccfb748b8ad63f79d31190d4ea604d18aae69625,1,1,380,173,False,False
r5-pilot,d4b9476b565847953527aa3cccfb748b8ad63f79d31190d4ea604d18aae69625,1,1,381,173,False,False
r5-pilot,d4b9476b565847953527aa3cccfb748b8ad63f79d31190d4ea604d18aae69625,1,1,382,173,False,False
r5-pilot,d4b9476b565847953527aa3cccfb748b8ad63f79d31190d4ea604d18aae69625,1,1,383,173,False,False
r5-pilot,d4b9476b565847953527aa3cccfb748b8ad63f79d31190d4ea604d18aae69625,1,1,384,173,False,False
r5-pilot,d4b9476b565847953527aa3cccfb748b8ad63f79d31190d4ea604d18aae69625,1,1,385,173,False,False
r5-pilot,d4b9476b565847953527aa3cccfb748b8ad63f79d31190d4ea604d18aae69625,1,1,380,174,False,False
r5-pilot,d4b9476b565847953527aa3cccfb748b8ad63f79d31190d4ea604d18aae69625,1,1,381,174,False,False
r5-pilot,d4b9476b565847953527aa3cccfb748b8ad63f79d31190d4ea604d18aae69625,1,1,382,174,False,False
r5-pilot,d4b9476b565847953527aa3cccfb748b8ad63f79d31190d4ea604d18aae69625,1,1,383,174,False,False
r5-pilot,d4b9476b565847953527aa3cccfb748b8ad63f79d31190d4ea604d18aae69625,1,1,384,174,False,False
r5-pilot,d4b9476b565847953527aa3cccfb748b8ad63f79d31190d4ea604d18aae69625,1,1,385,174,False,False
r5-pilot,d4b9476b565847953527aa3cccfb748b8ad63f79d31190d4ea604d18aae69625,1,1,380,175,False,False
r5-pilot,d4b9476b565847953527aa3cccfb748b8ad63f79d31190d4ea604d18aae69625,1,1,381,175,False,False
r5-pilot,d4b9476b565847953527aa3cccfb748b8ad63f79d31190d4ea604d18aae69625,1,1,382,175,False,False
r5-pilot,d4b9476b565847953527aa3cccfb748b8ad63f79d31190d4ea604d18aae69625,1,1,383,175,False,False
r5-pilot,d4b9476b565847953527aa3cccfb748b8ad63f79d31190d4ea604d18aae69625,1,1,384,175,False,False
r5-pilot,d4b9476b565847953527aa3cccfb748b8ad63f79d31190d4ea604d18aae69625,1,1,385,175,False,False
r5-pilot,d4b9476b565847953527aa3cccfb748b8ad63f79d31190d4ea604d18aae69625,1,1,378,176,False,False
r5-pilot,d4b9476b565847953527aa3cccfb748b8ad63f79d31190d4ea604d18aae69625,1,1,379,176,False,False
r5-pilot,d4b9476b565847953527aa3cccfb748b8ad63f79d31190d4ea604d18aae69625,1,1,380,176,False,False
r5-pilot,d4b9476b565847953527aa3cccfb748b8ad63f79d31190d4ea604d18aae69625,1,1,381,176,False,False
r5-pilot,d4b9476b565847953527aa3cccfb748b8ad63f79d31190d4ea604d18aae69625,1,1,382,176,False,False
r5-pilot,d4b9476b565847953527aa3cccfb748b8ad63f79d31190d4ea604d18aae69625,1,1,383,176,False,False
r5-pilot,d4b9476b565847953527aa3cccfb748b8ad63f79d31190d4ea604d18aae69625,1,1,384,176,False,False
r5-pilot,d4b9476b565847953527aa3cccfb748b8ad63f79d31190d4ea604d18aae69625,1,1,385,176,False,False
r5-pilot,d4b9476b565847953527aa3cccfb748b8ad63f79d31190d4ea604d18aae69625,1,1,378,177,False,False
r5-pilot,d4b9476b565847953527aa3cccfb748b8ad63f79d31190d4ea604d18aae69625,1,1,379,177,False,False
r5-pilot,d4b9476b565847953527aa3cccfb748b8ad63f79d31190d4ea604d18aae69625,1,1,380,177,False,False
r5-pilot,d4b9476b565847953527aa3cccfb748b8ad63f79d31190d4ea604d18aae69625,1,1,381,177,False,False
r5-pilot,d4b9476b565847953527aa3cccfb748b8ad63f79d31190d4ea604d18aae69625,1,1,382,177,False,False
r5-pilot,d4b9476b565847953527aa3cccfb748b8ad63f79d31190d4ea604d18aae69625,1,1,383,177,False,False
r5-pilot,d4b9476b565847953527aa3cccfb748b8ad63f79d31190d4ea604d18aae69625,1,1,384,177,False,False
r5-pilot,d4b9476b565847953527aa3cccfb748b8ad63f79d31190d4ea604d18aae69625,1,1,385,177,False,False
r5-pilot,d4b9476b565847953527aa3cccfb748b8ad63f79d31190d4ea604d18aae69625,1,1,380,178,False,False
r5-pilot,d4b9476b565847953527aa3cccfb748b8ad63f79d31190d4ea604d18aae69625,1,1,381,178,False,False
r5-pilot,d4b9476b565847953527aa3cccfb748b8ad63f79d31190d4ea604d18aae69625,1,1,382,178,False,False
r5-pilot,d4b9476b565847953527aa3cccfb748b8ad63f79d31190d4ea604d18aae69625,1,1,383,178,False,False
r5-pilot,d4b9476b565847953527aa3cccfb748b8ad63f79d31190d4ea604d18aae69625,1,1,384,178,False,False
r5-pilot,d4b9476b565847953527aa3cccfb748b8ad63f79d31190d4ea604d18aae69625,1,1,385,178,False,False
r5-pilot,d4b9476b565847953527aa3cccfb748b8ad63f79d31190d4ea604d18aae69625,1,1,378,179,False,False
r5-pilot,d4b9476b565847953527aa3cccfb748b8ad63f79d31190d4ea604d18aae69625,1,1,379,179,False,False
r5-pilot,d4b9476b565847953527aa3cccfb748b8ad63f79d31190d4ea604d18aae69625,1,1,383,179,False,False
r5-pilot,d4b9476b565847953527aa3cccfb748b8ad63f79d31190d4ea604d18aae69625,1,1,384,179,False,False
r5-pilot,d4b9476b565847953527aa3cccfb748b8ad63f79d31190d4ea604d18aae69625,1,1,385,179,False,False
r5-pilot,d4b9476b565847953527aa3cccfb748b8ad63f79d31190d4ea604d18aae69625,1,1,378,180,False,False
r5-pilot,d4b9476b565847953527aa3cccfb748b8ad63f79d31190d4ea604d18aae69625,1,1,379,180,False,False
r5-pilot,d4b9476b565847953527aa3cccfb748b8ad63f79d31190d4ea604d18aae69625,1,1,383,180,False,False
r5-pilot,d4b9476b565847953527aa3cccfb748b8ad63f79d31190d4ea604d18aae69625,1,1,384,180,False,False
r5-pilot,d4b9476b565847953527aa3cccfb748b8ad63f79d31190d4ea604d18aae69625,1,1,385,180,False,False
r5-pilot,d4b9476b565847953527aa3cccfb748b8ad63f79d31190d4ea604d18aae69625,1,1,379,181,False,False
r5-pilot,d4b9476b565847953527aa3cccfb748b8ad63f79d31190d4ea604d18aae69625,1,1,382,181,False,False
r5-pilot,d4b9476b565847953527aa3cccfb748b8ad63f79d31190d4ea604d18aae69625,1,1,383,181,False,False
r5-pilot,d4b9476b565847953527aa3cccfb748b8ad63f79d31190d4ea604d18aae69625,1,1,384,181,False,False
r5-pilot,d4b9476b565847953527aa3cccfb748b8ad63f79d31190d4ea604d18aae69625,1,1,385,181,False,False
r5-pilot,d4b9476b565847953527aa3cccfb748b8ad63f79d31190d4ea604d18aae69625,1,1,382,182,False,False
r5-pilot,d4b9476b565847953527aa3cccfb748b8ad63f79d31190d4ea604d18aae69625,1,1,383,182,False,False
r5-pilot,d4b9476b565847953527aa3cccfb748b8ad63f79d31190d4ea604d18aae69625,1,1,384,182,False,False
r5-pilot,d4b9476b565847953527aa3cccfb748b8ad63f79d31190d4ea604d18aae69625,1,1,385,182,False,False
r5-pilot,d4b9476b565847953527aa3cccfb748b8ad63f79d31190d4ea604d18aae69625,1,1,385,183,False,False
r5-pilot,d4b9476b565847953527aa3cccfb748b8ad63f79d31190d4ea604d18aae69625,1,2,342,102,False,False
r5-pilot,d4b9476b565847953527aa3cccfb748b8ad63f79d31190d4ea604d18aae69625,1,2,343,102,False,False
r5-pilot,d4b9476b565847953527aa3cccfb748b8ad63f79d31190d4ea604d18aae69625,1,2,344,102,False,False
r5-pilot,d4b9476b565847953527aa3cccfb748b8ad63f79d31190d4ea604d18aae69625,1,2,345,102,False,False
r5-pilot,d4b9476b565847953527aa3cccfb748b8ad63f79d31190d4ea604d18aae69625,1,2,346,102,False,False
r5-pilot,d4b9476b565847953527aa3cccfb748b8ad63f79d31190d4ea604d18aae69625,1,2,342,103,False,False
r5-pilot,d4b9476b565847953527aa3cccfb748b8ad63f79d31190d4ea604d18aae69625,1,2,343,103,False,False
r5-pilot,d4b9476b565847953527aa3cccfb748b8ad63f79d31190d4ea604d18aae69625,1,2,344,103,False,False
r5-pilot,d4b9476b565847953527aa3cccfb748b8ad63f79d31190d4ea604d18aae69625,1,2,345,103,False,False
r5-pilot,d4b9476b565847953527aa3cccfb748b8ad63f79d31190d4ea604d18aae69625,1,2,346,103,False,False
r5-pilot,d4b9476b565847953527aa3cccfb748b8ad63f79d31190d4ea604d18aae69625,1,2,347,103,False,False
r5-pilot,d4b9476b565847953527aa3cccfb748b8ad63f79d31190d4ea604d18aae69625,1,2,346,104,False,False
r5-pilot,d4b9476b565847953527aa3cccfb748b8ad63f79d31190d4ea604d18aae69625,1,2,347,104,False,False
r5-pilot,d4b9476b565847953527aa3cccfb748b8ad63f79d31190d4ea604d18aae69625,1,3,324,103,False,False
r5-pilot,d4b9476b565847953527aa3cccfb748b8ad63f79d31190d4ea604d18aae69625,1,3,325,103,False,False
r5-pilot,d4b9476b565847953527aa3cccfb748b8ad63f79d31190d4ea604d18aae69625,1,3,326,103,False,False
r5-pilot,d4b9476b565847953527aa3cccfb748b8ad63f79d31190d4ea604d18aae69625,1,3,327,103,False,False
r5-pilot,d4b9476b565847953527aa3cccfb748b8ad63f79d31190d4ea604d18aae69625,1,3,328,103,False,False
r5-pilot,d4b9476b565847953527aa3cccfb748b8ad63f79d31190d4ea604d18aae69625,1,3,329,103,False,False
r5-pilot,d4b9476b565847953527aa3cccfb748b8ad63f79d31190d4ea604d18aae69625,1,3,330,103,False,False
r5-pilot,d4b9476b565847953527aa3cccfb748b8ad63f79d31190d4ea604d18aae69625,1,3,331,103,False,False
r5-pilot,d4b9476b565847953527aa3cccfb748b8ad63f79d31190d4ea604d18aae69625,1,3,332,103,False,False
r5-pilot,d4b9476b565847953527aa3cccfb748b8ad63f79d31190d4ea604d18aae69625,1,3,333,103,False,False
r5-pilot,d4b9476b565847953527aa3cccfb748b8ad63f79d31190d4ea604d18aae69625,1,3,327,104,False,False
r5-pilot,d4b9476b565847953527aa3cccfb748b8ad63f79d31190d4ea604d18aae69625,1,3,328,104,False,False
r5-pilot,d4b9476b565847953527aa3cccfb748b8ad63f79d31190d4ea604d18aae69625,1,3,329,104,False,False
r5-pilot,d4b9476b565847953527aa3cccfb748b8ad63f79d31190d4ea604d18aae69625,1,3,330,104,False,False
r5-pilot,d4b9476b565847953527aa3cccfb748b8ad63f79d31190d4ea604d18aae69625,1,3,331,104,False,False
r5-pilot,d4b9476b565847953527aa3cccfb748b8ad63f79d31190d4ea604d18aae69625,1,3,332,104,False,False
r5-pilot,d4b9476b565847953527aa3cccfb748b8ad63f79d31190d4ea604d18aae69625,1,3,333,104,False,False
r5-pilot,d4b9476b565847953527aa3cccfb748b8ad63f79d31190d4ea604d18aae69625,1,4,337,103,False,False
r5-pilot,d4b9476b565847953527aa3cccfb748b8ad63f79d31190d4ea604d18aae69625,1,4,338,103,False,False
r5-pilot,d4b9476b565847953527aa3cccfb748b8ad63f79d31190d4ea604d18aae69625,1,4,339,103,False,False
r5-pilot,d4b9476b565847953527aa3cccfb748b8ad63f79d31190d4ea604d18aae69625,1,4,336,104,False,False
r5-pilot,d4b9476b565847953527aa3cccfb748b8ad63f79d31190d4ea604d18aae69625,1,4,337,104,False,False
r5-pilot,d4b9476b565847953527aa3cccfb748b8ad63f79d31190d4ea604d18aae69625,1,5,310,104,False,False
r5-pilot,d4b9476b565847953527aa3cccfb748b8ad63f79d31190d4ea604d18aae69625,1,5,311,104,False,False
r5-pilot,d4b9476b565847953527aa3cccfb748b8ad63f79d31190d4ea604d18aae69625,1,5,312,104,False,False
r5-pilot,d4b9476b565847953527aa3cccfb748b8ad63f79d31190d4ea604d18aae69625,1,5,313,104,False,False
r5-pilot,d4b9476b565847953527aa3cccfb748b8ad63f79d31190d4ea604d18aae69625,1,5,314,104,False,False
r5-pilot,d4b9476b565847953527aa3cccfb748b8ad63f79d31190d4ea604d18aae69625,1,6,296,105,False,False
r5-pilot,d4b9476b565847953527aa3cccfb748b8ad63f79d31190d4ea604d18aae69625,1,6,297,105,False,False
r5-pilot,d4b9476b565847953527aa3cccfb748b8ad63f79d31190d4ea604d18aae69625,1,6,298,105,False,False
r5-pilot,d4b9476b565847953527aa3cccfb748b8ad63f79d31190d4ea604d18aae69625,1,7,284,106,False,False
r5-pilot,d4b9476b565847953527aa3cccfb748b8ad63f79d31190d4ea604d18aae69625,1,8,272,107,False,False
r5-pilot,d4b9476b565847953527aa3cccfb748b8ad63f79d31190d4ea604d18aae69625,1,9,257,108,False,True
r5-pilot,d4b9476b565847953527aa3cccfb748b8ad63f79d31190d4ea604d18aae69625,1,9,258,108,False,False
r5-pilot,d4b9476b565847953527aa3cccfb748b8ad63f79d31190d4ea604d18aae69625,1,10,528,465,True,False
r5-pilot,d4b9476b565847953527aa3cccfb748b8ad63f79d31190d4ea604d18aae69625,1,10,530,465,True,False
r5-pilot,d4b9476b565847953527aa3cccfb748b8ad63f79d31190d4ea604d18aae69625,1,10,528,466,True,False
r5-pilot,d4b9476b565847953527aa3cccfb748b8ad63f79d31190d4ea604d18aae69625,1,10,529,466,True,False
r5-pilot,d4b9476b565847953527aa3cccfb748b8ad63f79d31190d4ea604d18aae69625,1,10,530,466,True,False
r5-pilot,d4b9476b565847953527aa3cccfb748b8ad63f79d31190d4ea604d18aae69625,1,10,531,466,True,True
r5-pilot,d4b9476b565847953527aa3cccfb748b8ad63f79d31190d4ea604d18aae69625,1,10,528,467,True,False
r5-pilot,d4b9476b565847953527aa3cccfb748b8ad63f79d31190d4ea604d18aae69625,1,10,529,467,True,False
r5-pilot,d4b9476b565847953527aa3cccfb748b8ad63f79d31190d4ea604d18aae69625,1,10,530,467,True,False
r5-pilot,d4b9476b565847953527aa3cccfb748b8ad63f79d31190d4ea604d18aae69625,1,10,531,467,True,True
r5-pilot,d4b9476b565847953527aa3cccfb748b8ad63f79d31190d4ea604d18aae69625,1,10,528,468,True,False
r5-pilot,d4b9476b565847953527aa3cccfb748b8ad63f79d31190d4ea604d18aae69625,1,10,529,468,True,False
r5-pilot,d4b9476b565847953527aa3cccfb748b8ad63f79d31190d4ea604d18aae69625,1,10,530,468,True,False
r5-pilot,d4b9476b565847953527aa3cccfb748b8ad63f79d31190d4ea604d18aae69625,1,11,526,471,True,True
r5-pilot,d4b9476b565847953527aa3cccfb748b8ad63f79d31190d4ea604d18aae69625,1,11,527,471,True,True
r5-pilot,d4b9476b565847953527aa3cccfb748b8ad63f79d31190d4ea604d18aae69625,2,1,370,100,False,True
r5-pilot,d4b9476b565847953527aa3cccfb748b8ad63f79d31190d4ea604d18aae69625,2,1,371,100,False,True
r5-pilot,d4b9476b565847953527aa3cccfb748b8ad63f79d31190d4ea604d18aae69625,2,1,372,100,False,True
r5-pilot,d4b9476b565847953527aa3cccfb748b8ad63f79d31190d4ea604d18aae69625,2,1,373,100,False,True
r5-pilot,d4b9476b565847953527aa3cccfb748b8ad63f79d31190d4ea604d18aae69625,2,1,374,100,False,True
r5-pilot,d4b9476b565847953527aa3cccfb748b8ad63f79d31190d4ea604d18aae69625,2,1,375,100,False,True
r5-pilot,d4b9476b565847953527aa3cccfb748b8ad63f79d31190d4ea604d18aae69625,2,1,376,100,False,True
r5-pilot,d4b9476b565847953527aa3cccfb748b8ad63f79d31190d4ea604d18aae69625,2,1,377,100,False,True
r5-pilot,d4b9476b565847953527aa3cccfb748b8ad63f79d31190d4ea604d18aae69625,2,1,378,100,False,True
r5-pilot,d4b9476b565847953527aa3cccfb748b8ad63f79d31190d4ea604d18aae69625,2,1,379,100,False,True
r5-pilot,d4b9476b565847953527aa3cccfb748b8ad63f79d31190d4ea604d18aae69625,2,1,380,100,False,True
r5-pilot,d4b9476b565847953527aa3cccfb748b8ad63f79d31190d4ea604d18aae69625,2,1,357,101,False,False
r5-pilot,d4b9476b565847953527aa3cccfb748b8ad63f79d31190d4ea604d18aae69625,2,1,358,101,False,False
r5-pilot,d4b9476b565847953527aa3cccfb748b8ad63f79d31190d4ea604d18aae69625,2,1,359,101,False,False
r5-pilot,d4b9476b565847953527aa3cccfb748b8ad63f79d31190d4ea604d18aae69625,2,1,360,101,False,False
r5-pilot,d4b9476b565847953527aa3cccfb748b8ad63f79d31190d4ea604d18aae69625,2,1,361,101,False,False
r5-pilot,d4b9476b565847953527aa3cccfb748b8ad63f79d31190d4ea604d18aae69625,2,1,362,101,False,False
r5-pilot,d4b9476b565847953527aa3cccfb748b8ad63f79d31190d4ea604d18aae69625,2,1,363,101,False,False
r5-pilot,d4b9476b565847953527aa3cccfb748b8ad63f79d31190d4ea604d18aae69625,2,1,364,101,False,False
r5-pilot,d4b9476b565847953527aa3cccfb748b8ad63f79d31190d4ea604d18aae69625,2,1,365,101,False,False
r5-pilot,d4b9476b565847953527aa3cccfb748b8ad63f79d31190d4ea604d18aae69625,2,1,366,101,False,False
r5-pilot,d4b9476b565847953527aa3cccfb748b8ad63f79d31190d4ea604d18aae69625,2,1,367,101,False,False
r5-pilot,d4b9476b565847953527aa3cccfb748b8ad63f79d31190d4ea604d18aae69625,2,1,368,101,False,False
r5-pilot,d4b9476b565847953527aa3cccfb748b8ad63f79d31190d4ea604d18aae69625,2,1,369,101,False,False
r5-pilot,d4b9476b565847953527aa3cccfb748b8ad63f79d31190d4ea604d18aae69625,2,1,370,101,False,False
r5-pilot,d4b9476b565847953527aa3cccfb748b8ad63f79d31190d4ea604d18aae69625,2,1,371,101,False,False
r5-pilot,d4b9476b565847953527aa3cccfb748b8ad63f79d31190d4ea604d18aae69625,2,1,372,101,False,False
r5-pilot,d4b9476b565847953527aa3cccfb748b8ad63f79d31190d4ea604d18aae69625,2,1,373,101,False,False
r5-pilot,d4b9476b565847953527aa3cccfb748b8ad63f79d31190d4ea604d18aae69625,2,1,374,101,False,False
r5-pilot,d4b9476b565847953527aa3cccfb748b8ad63f79d31190d4ea604d18aae69625,2,1,375,101,False,False
r5-pilot,d4b9476b565847953527aa3cccfb748b8ad63f79d31190d4ea604d18aae69625,2,1,376,101,False,False
r5-pilot,d4b9476b565847953527aa3cccfb748b8ad63f79d31190d4ea604d18aae69625,2,1,377,101,False,False
r5-pilot,d4b9476b565847953527aa3cccfb748b8ad63f79d31190d4ea604d18aae69625,2,1,378,101,False,False
r5-pilot,d4b9476b565847953527aa3cccfb748b8ad63f79d31190d4ea604d18aae69625,2,1,379,101,False,False
r5-pilot,d4b9476b565847953527aa3cccfb748b8ad63f79d31190d4ea604d18aae69625,2,1,380,101,False,False
r5-pilot,d4b9476b565847953527aa3cccfb748b8ad63f79d31190d4ea604d18aae69625,2,1,381,101,False,False
r5-pilot,d4b9476b565847953527aa3cccfb748b8ad63f79d31190d4ea604d18aae69625,2,1,351,102,False,False
r5-pilot,d4b9476b565847953527aa3cccfb748b8ad63f79d31190d4ea604d18aae69625,2,1,352,102,False,False
r5-pilot,d4b9476b565847953527aa3cccfb748b8ad63f79d31190d4ea604d18aae69625,2,1,353,102,False,False
r5-pilot,d4b9476b565847953527aa3cccfb748b8ad63f79d31190d4ea604d18aae69625,2,1,354,102,False,False
r5-pilot,d4b9476b565847953527aa3cccfb748b8ad63f79d31190d4ea604d18aae69625,2,1,355,102,False,False
r5-pilot,d4b9476b565847953527aa3cccfb748b8ad63f79d31190d4ea604d18aae69625,2,1,356,102,False,False
r5-pilot,d4b9476b565847953527aa3cccfb748b8ad63f79d31190d4ea604d18aae69625,2,1,357,102,False,False
r5-pilot,d4b9476b565847953527aa3cccfb748b8ad63f79d31190d4ea604d18aae69625,2,1,358,102,False,False
r5-pilot,d4b9476b565847953527aa3cccfb748b8ad63f79d31190d4ea604d18aae69625,2,1,359,102,False,False
r5-pilot,d4b9476b565847953527aa3cccfb748b8ad63f79d31190d4ea604d18aae69625,2,1,360,102,False,False
r5-pilot,d4b9476b565847953527aa3cccfb748b8ad63f79d31190d4ea604d18aae69625,2,1,361,102,False,False
r5-pilot,d4b9476b565847953527aa3cccfb748b8ad63f79d31190d4ea604d18aae69625,2,1,362,102,False,False
r5-pilot,d4b9476b565847953527aa3cccfb748b8ad63f79d31190d4ea604d18aae69625,2,1,363,102,False,False
r5-pilot,d4b9476b565847953527aa3cccfb748b8ad63f79d31190d4ea604d18aae69625,2,1,364,102,False,False
r5-pilot,d4b9476b565847953527aa3cccfb748b8ad63f79d31190d4ea604d18aae69625,2,1,365,102,False,False
r5-pilot,d4b9476b565847953527aa3cccfb748b8ad63f79d31190d4ea604d18aae69625,2,1,366,102,False,False
r5-pilot,d4b9476b565847953527aa3cccfb748b8ad63f79d31190d4ea604d18aae69625,2,1,367,102,False,False
r5-pilot,d4b9476b565847953527aa3cccfb748b8ad63f79d31190d4ea604d18aae69625,2,1,368,102,False,False
r5-pilot,d4b9476b565847953527aa3cccfb748b8ad63f79d31190d4ea604d18aae69625,2,1,369,102,False,False
r5-pilot,d4b9476b565847953527aa3cccfb748b8ad63f79d31190d4ea604d18aae69625,2,1,370,102,False,False
r5-pilot,d4b9476b565847953527aa3cccfb748b8ad63f79d31190d4ea604d18aae69625,2,1,371,102,False,False
r5-pilot,d4b9476b565847953527aa3cccfb748b8ad63f79d31190d4ea604d18aae69625,2,1,372,102,False,False
r5-pilot,d4b9476b565847953527aa3cccfb748b8ad63f79d31190d4ea604d18aae69625,2,1,373,102,False,False
r5-pilot,d4b9476b565847953527aa3cccfb748b8ad63f79d31190d4ea604d18aae69625,2,1,374,102,False,False
r5-pilot,d4b9476b565847953527aa3cccfb748b8ad63f79d31190d4ea604d18aae69625,2,1,375,102,False,False
r5-pilot,d4b9476b565847953527aa3cccfb748b8ad63f79d31190d4ea604d18aae69625,2,1,376,102,False,False
r5-pilot,d4b9476b565847953527aa3cccfb748b8ad63f79d31190d4ea604d18aae69625,2,1,377,102,False,False
r5-pilot,d4b9476b565847953527aa3cccfb748b8ad63f79d31190d4ea604d18aae69625,2,1,378,102,False,False
r5-pilot,d4b9476b565847953527aa3cccfb748b8ad63f79d31190d4ea604d18aae69625,2,1,379,102,False,False
r5-pilot,d4b9476b565847953527aa3cccfb748b8ad63f79d31190d4ea604d18aae69625,2,1,380,102,False,False
r5-pilot,d4b9476b565847953527aa3cccfb748b8ad63f79d31190d4ea604d18aae69625,2,1,381,102,False,False
r5-pilot,d4b9476b565847953527aa3cccfb748b8ad63f79d31190d4ea604d18aae69625,2,1,351,103,False,False
r5-pilot,d4b9476b565847953527aa3cccfb748b8ad63f79d31190d4ea604d18aae69625,2,1,352,103,False,False
r5-pilot,d4b9476b565847953527aa3cccfb748b8ad63f79d31190d4ea604d18aae69625,2,1,353,103,False,False
r5-pilot,d4b9476b565847953527aa3cccfb748b8ad63f79d31190d4ea604d18aae69625,2,1,354,103,False,False
r5-pilot,d4b9476b565847953527aa3cccfb748b8ad63f79d31190d4ea604d18aae69625,2,1,355,103,False,False
r5-pilot,d4b9476b565847953527aa3cccfb748b8ad63f79d31190d4ea604d18aae69625,2,1,356,103,False,False
r5-pilot,d4b9476b565847953527aa3cccfb748b8ad63f79d31190d4ea604d18aae69625,2,1,357,103,False,False
r5-pilot,d4b9476b565847953527aa3cccfb748b8ad63f79d31190d4ea604d18aae69625,2,1,358,103,False,False
r5-pilot,d4b9476b565847953527aa3cccfb748b8ad63f79d31190d4ea604d18aae69625,2,1,359,103,False,False
r5-pilot,d4b9476b565847953527aa3cccfb748b8ad63f79d31190d4ea604d18aae69625,2,1,360,103,False,False
r5-pilot,d4b9476b565847953527aa3cccfb748b8ad63f79d31190d4ea604d18aae69625,2,1,361,103,False,False
r5-pilot,d4b9476b565847953527aa3cccfb748b8ad63f79d31190d4ea604d18aae69625,2,1,362,103,False,False
r5-pilot,d4b9476b565847953527aa3cccfb748b8ad63f79d31190d4ea604d18aae69625,2,1,363,103,False,False
r5-pilot,d4b9476b565847953527aa3cccfb748b8ad63f79d31190d4ea604d18aae69625,2,1,364,103,False,False
r5-pilot,d4b9476b565847953527aa3cccfb748b8ad63f79d31190d4ea604d18aae69625,2,1,366,103,False,False
r5-pilot,d4b9476b565847953527aa3cccfb748b8ad63f79d31190d4ea604d18aae69625,2,1,367,103,False,False
r5-pilot,d4b9476b565847953527aa3cccfb748b8ad63f79d31190d4ea604d18aae69625,2,1,368,103,False,False
r5-pilot,d4b9476b565847953527aa3cccfb748b8ad63f79d31190d4ea604d18aae69625,2,1,369,103,False,False
r5-pilot,d4b9476b565847953527aa3cccfb748b8ad63f79d31190d4ea604d18aae69625,2,1,370,103,False,False
r5-pilot,d4b9476b565847953527aa3cccfb748b8ad63f79d31190d4ea604d18aae69625,2,1,371,103,False,False
r5-pilot,d4b9476b565847953527aa3cccfb748b8ad63f79d31190d4ea604d18aae69625,2,1,372,103,False,False
r5-pilot,d4b9476b565847953527aa3cccfb748b8ad63f79d31190d4ea604d18aae69625,2,1,376,103,False,False
r5-pilot,d4b9476b565847953527aa3cccfb748b8ad63f79d31190d4ea604d18aae69625,2,1,377,103,False,False
r5-pilot,d4b9476b565847953527aa3cccfb748b8ad63f79d31190d4ea604d18aae69625,2,1,378,103,False,False
r5-pilot,d4b9476b565847953527aa3cccfb748b8ad63f79d31190d4ea604d18aae69625,2,1,379,103,False,False
r5-pilot,d4b9476b565847953527aa3cccfb748b8ad63f79d31190d4ea604d18aae69625,2,1,380,103,False,False
r5-pilot,d4b9476b565847953527aa3cccfb748b8ad63f79d31190d4ea604d18aae69625,2,1,381,103,False,False
r5-pilot,d4b9476b565847953527aa3cccfb748b8ad63f79d31190d4ea604d18aae69625,2,1,354,104,False,False
r5-pilot,d4b9476b565847953527aa3cccfb748b8ad63f79d31190d4ea604d18aae69625,2,1,355,104,False,False
r5-pilot,d4b9476b565847953527aa3cccfb748b8ad63f79d31190d4ea604d18aae69625,2,1,356,104,False,False
r5-pilot,d4b9476b565847953527aa3cccfb748b8ad63f79d31190d4ea604d18aae69625,2,1,357,104,False,False
r5-pilot,d4b9476b565847953527aa3cccfb748b8ad63f79d31190d4ea604d18aae69625,2,1,358,104,False,False
r5-pilot,d4b9476b565847953527aa3cccfb748b8ad63f79d31190d4ea604d18aae69625,2,1,359,104,False,False
r5-pilot,d4b9476b565847953527aa3cccfb748b8ad63f79d31190d4ea604d18aae69625,2,1,360,104,False,False
r5-pilot,d4b9476b565847953527aa3cccfb748b8ad63f79d31190d4ea604d18aae69625,2,1,362,104,False,False
r5-pilot,d4b9476b565847953527aa3cccfb748b8ad63f79d31190d4ea604d18aae69625,2,1,370,104,False,False
r5-pilot,d4b9476b565847953527aa3cccfb748b8ad63f79d31190d4ea604d18aae69625,2,1,371,104,False,False
r5-pilot,d4b9476b565847953527aa3cccfb748b8ad63f79d31190d4ea604d18aae69625,2,1,372,104,False,False
r5-pilot,d4b9476b565847953527aa3cccfb748b8ad63f79d31190d4ea604d18aae69625,2,1,376,104,False,False
r5-pilot,d4b9476b565847953527aa3cccfb748b8ad63f79d31190d4ea604d18aae69625,2,1,377,104,False,False
r5-pilot,d4b9476b565847953527aa3cccfb748b8ad63f79d31190d4ea604d18aae69625,2,1,378,104,False,False
r5-pilot,d4b9476b565847953527aa3cccfb748b8ad63f79d31190d4ea604d18aae69625,2,1,379,104,False,False
r5-pilot,d4b9476b565847953527aa3cccfb748b8ad63f79d31190d4ea604d18aae69625,2,1,380,104,False,False
r5-pilot,d4b9476b565847953527aa3cccfb748b8ad63f79d31190d4ea604d18aae69625,2,1,381,104,False,False
r5-pilot,d4b9476b565847953527aa3cccfb748b8ad63f79d31190d4ea604d18aae69625,2,1,356,105,False,False
r5-pilot,d4b9476b565847953527aa3cccfb748b8ad63f79d31190d4ea604d18aae69625,2,1,357,105,False,False
r5-pilot,d4b9476b565847953527aa3cccfb748b8ad63f79d31190d4ea604d18aae69625,2,1,358,105,False,False
r5-pilot,d4b9476b565847953527aa3cccfb748b8ad63f79d31190d4ea604d18aae69625,2,1,359,105,False,False
r5-pilot,d4b9476b565847953527aa3cccfb748b8ad63f79d31190d4ea604d18aae69625,2,1,360,105,False,False
r5-pilot,d4b9476b565847953527aa3cccfb748b8ad63f79d31190d4ea604d18aae69625,2,1,361,105,False,False
r5-pilot,d4b9476b565847953527aa3cccfb748b8ad63f79d31190d4ea604d18aae69625,2,1,371,105,False,False
r5-pilot,d4b9476b565847953527aa3cccfb748b8ad63f79d31190d4ea604d18aae69625,2,1,372,105,False,False
r5-pilot,d4b9476b565847953527aa3cccfb748b8ad63f79d31190d4ea604d18aae69625,2,1,373,105,False,False
r5-pilot,d4b9476b565847953527aa3cccfb748b8ad63f79d31190d4ea604d18aae69625,2,1,376,105,False,False
r5-pilot,d4b9476b565847953527aa3cccfb748b8ad63f79d31190d4ea604d18aae69625,2,1,377,105,False,False
r5-pilot,d4b9476b565847953527aa3cccfb748b8ad63f79d31190d4ea604d18aae69625,2,1,378,105,False,False
r5-pilot,d4b9476b565847953527aa3cccfb748b8ad63f79d31190d4ea604d18aae69625,2,1,379,105,False,False
r5-pilot,d4b9476b565847953527aa3cccfb748b8ad63f79d31190d4ea604d18aae69625,2,1,380,105,False,False
r5-pilot,d4b9476b565847953527aa3cccfb748b8ad63f79d31190d4ea604d18aae69625,2,1,381,105,False,False
r5-pilot,d4b9476b565847953527aa3cccfb748b8ad63f79d31190d4ea604d18aae69625,2,1,357,106,False,False
r5-pilot,d4b9476b565847953527aa3cccfb748b8ad63f79d31190d4ea604d18aae69625,2,1,358,106,False,False
r5-pilot,d4b9476b565847953527aa3cccfb748b8ad63f79d31190d4ea604d18aae69625,2,1,359,106,False,False
r5-pilot,d4b9476b565847953527aa3cccfb748b8ad63f79d31190d4ea604d18aae69625,2,1,360,106,False,False
r5-pilot,d4b9476b565847953527aa3cccfb748b8ad63f79d31190d4ea604d18aae69625,2,1,361,106,False,False
r5-pilot,d4b9476b565847953527aa3cccfb748b8ad63f79d31190d4ea604d18aae69625,2,1,371,106,False,False
r5-pilot,d4b9476b565847953527aa3cccfb748b8ad63f79d31190d4ea604d18aae69625,2,1,372,106,False,False
r5-pilot,d4b9476b565847953527aa3cccfb748b8ad63f79d31190d4ea604d18aae69625,2,1,373,106,False,False
r5-pilot,d4b9476b565847953527aa3cccfb748b8ad63f79d31190d4ea604d18aae69625,2,1,376,106,False,False
r5-pilot,d4b9476b565847953527aa3cccfb748b8ad63f79d31190d4ea604d18aae69625,2,1,377,106,False,False
r5-pilot,d4b9476b565847953527aa3cccfb748b8ad63f79d31190d4ea604d18aae69625,2,1,378,106,False,False
r5-pilot,d4b9476b565847953527aa3cccfb748b8ad63f79d31190d4ea604d18aae69625,2,1,379,106,False,False
r5-pilot,d4b9476b565847953527aa3cccfb748b8ad63f79d31190d4ea604d18aae69625,2,1,380,106,False,False
r5-pilot,d4b9476b565847953527aa3cccfb748b8ad63f79d31190d4ea604d18aae69625,2,1,381,106,False,False
r5-pilot,d4b9476b565847953527aa3cccfb748b8ad63f79d31190d4ea604d18aae69625,2,1,357,107,False,False
r5-pilot,d4b9476b565847953527aa3cccfb748b8ad63f79d31190d4ea604d18aae69625,2,1,358,107,False,False
r5-pilot,d4b9476b565847953527aa3cccfb748b8ad63f79d31190d4ea604d18aae69625,2,1,359,107,False,False
r5-pilot,d4b9476b565847953527aa3cccfb748b8ad63f79d31190d4ea604d18aae69625,2,1,360,107,False,False
r5-pilot,d4b9476b565847953527aa3cccfb748b8ad63f79d31190d4ea604d18aae69625,2,1,361,107,False,False
r5-pilot,d4b9476b565847953527aa3cccfb748b8ad63f79d31190d4ea604d18aae69625,2,1,371,107,False,False
r5-pilot,d4b9476b565847953527aa3cccfb748b8ad63f79d31190d4ea604d18aae69625,2,1,372,107,False,False
r5-pilot,d4b9476b565847953527aa3cccfb748b8ad63f79d31190d4ea604d18aae69625,2,1,373,107,False,False
r5-pilot,d4b9476b565847953527aa3cccfb748b8ad63f79d31190d4ea604d18aae69625,2,1,374,107,False,False
r5-pilot,d4b9476b565847953527aa3cccfb748b8ad63f79d31190d4ea604d18aae69625,2,1,376,107,False,False
r5-pilot,d4b9476b565847953527aa3cccfb748b8ad63f79d31190d4ea604d18aae69625,2,1,377,107,False,False
r5-pilot,d4b9476b565847953527aa3cccfb748b8ad63f79d31190d4ea604d18aae69625,2,1,378,107,False,False
r5-pilot,d4b9476b565847953527aa3cccfb748b8ad63f79d31190d4ea604d18aae69625,2,1,379,107,False,False
r5-pilot,d4b9476b565847953527aa3cccfb748b8ad63f79d31190d4ea604d18aae69625,2,1,380,107,False,False
r5-pilot,d4b9476b565847953527aa3cccfb748b8ad63f79d31190d4ea604d18aae69625,2,1,381,107,False,False
r5-pilot,d4b9476b565847953527aa3cccfb748b8ad63f79d31190d4ea604d18aae69625,2,1,357,108,False,False
r5-pilot,d4b9476b565847953527aa3cccfb748b8ad63f79d31190d4ea604d18aae69625,2,1,358,108,False,False
r5-pilot,d4b9476b565847953527aa3cccfb748b8ad63f79d31190d4ea604d18aae69625,2,1,359,108,False,False
r5-pilot,d4b9476b565847953527aa3cccfb748b8ad63f79d31190d4ea604d18aae69625,2,1,360,108,False,False
r5-pilot,d4b9476b565847953527aa3cccfb748b8ad63f79d31190d4ea604d18aae69625,2,1,361,108,False,False
r5-pilot,d4b9476b565847953527aa3cccfb748b8ad63f79d31190d4ea604d18aae69625,2,1,370,108,False,False
r5-pilot,d4b9476b565847953527aa3cccfb748b8ad63f79d31190d4ea604d18aae69625,2,1,371,108,False,False
r5-pilot,d4b9476b565847953527aa3cccfb748b8ad63f79d31190d4ea604d18aae69625,2,1,372,108,False,False
r5-pilot,d4b9476b565847953527aa3cccfb748b8ad63f79d31190d4ea604d18aae69625,2,1,373,108,False,False
r5-pilot,d4b9476b565847953527aa3cccfb748b8ad63f79d31190d4ea604d18aae69625,2,1,374,108,False,False
r5-pilot,d4b9476b565847953527aa3cccfb748b8ad63f79d31190d4ea604d18aae69625,2,1,375,108,False,False
r5-pilot,d4b9476b565847953527aa3cccfb748b8ad63f79d31190d4ea604d18aae69625,2,1,378,108,False,False
r5-pilot,d4b9476b565847953527aa3cccfb748b8ad63f79d31190d4ea604d18aae69625,2,1,379,108,False,False
r5-pilot,d4b9476b565847953527aa3cccfb748b8ad63f79d31190d4ea604d18aae69625,2,1,380,108,False,False
r5-pilot,d4b9476b565847953527aa3cccfb748b8ad63f79d31190d4ea604d18aae69625,2,1,381,108,False,False
r5-pilot,d4b9476b565847953527aa3cccfb748b8ad63f79d31190d4ea604d18aae69625,2,1,357,109,False,False
r5-pilot,d4b9476b565847953527aa3cccfb748b8ad63f79d31190d4ea604d18aae69625,2,1,358,109,False,False
r5-pilot,d4b9476b565847953527aa3cccfb748b8ad63f79d31190d4ea604d18aae69625,2,1,359,109,False,False
r5-pilot,d4b9476b565847953527aa3cccfb748b8ad63f79d31190d4ea604d18aae69625,2,1,360,109,False,False
r5-pilot,d4b9476b565847953527aa3cccfb748b8ad63f79d31190d4ea604d18aae69625,2,1,361,109,False,False
r5-pilot,d4b9476b565847953527aa3cccfb748b8ad63f79d31190d4ea604d18aae69625,2,1,362,109,False,False
r5-pilot,d4b9476b565847953527aa3cccfb748b8ad63f79d31190d4ea604d18aae69625,2,1,370,109,False,False
r5-pilot,d4b9476b565847953527aa3cccfb748b8ad63f79d31190d4ea604d18aae69625,2,1,371,109,False,False
r5-pilot,d4b9476b565847953527aa3cccfb748b8ad63f79d31190d4ea604d18aae69625,2,1,372,109,False,False
r5-pilot,d4b9476b565847953527aa3cccfb748b8ad63f79d31190d4ea604d18aae69625,2,1,373,109,False,False
r5-pilot,d4b9476b565847953527aa3cccfb748b8ad63f79d31190d4ea604d18aae69625,2,1,374,109,False,False
r5-pilot,d4b9476b565847953527aa3cccfb748b8ad63f79d31190d4ea604d18aae69625,2,1,375,109,False,False
r5-pilot,d4b9476b565847953527aa3cccfb748b8ad63f79d31190d4ea604d18aae69625,2,1,376,109,False,False
r5-pilot,d4b9476b565847953527aa3cccfb748b8ad63f79d31190d4ea604d18aae69625,2,1,378,109,False,False
r5-pilot,d4b9476b565847953527aa3cccfb748b8ad63f79d31190d4ea604d18aae69625,2,1,379,109,False,False
r5-pilot,d4b9476b565847953527aa3cccfb748b8ad63f79d31190d4ea604d18aae69625,2,1,380,109,False,False
r5-pilot,d4b9476b565847953527aa3cccfb748b8ad63f79d31190d4ea604d18aae69625,2,1,381,109,False,False
r5-pilot,d4b9476b565847953527aa3cccfb748b8ad63f79d31190d4ea604d18aae69625,2,1,358,110,False,False
r5-pilot,d4b9476b565847953527aa3cccfb748b8ad63f79d31190d4ea604d18aae69625,2,1,359,110,False,False
r5-pilot,d4b9476b565847953527aa3cccfb748b8ad63f79d31190d4ea604d18aae69625,2,1,360,110,False,False
r5-pilot,d4b9476b565847953527aa3cccfb748b8ad63f79d31190d4ea604d18aae69625,2,1,361,110,False,False
r5-pilot,d4b9476b565847953527aa3cccfb748b8ad63f79d31190d4ea604d18aae69625,2,1,362,110,False,False
r5-pilot,d4b9476b565847953527aa3cccfb748b8ad63f79d31190d4ea604d18aae69625,2,1,371,110,False,False
r5-pilot,d4b9476b565847953527aa3cccfb748b8ad63f79d31190d4ea604d18aae69625,2,1,373,110,False,False
r5-pilot,d4b9476b565847953527aa3cccfb748b8ad63f79d31190d4ea604d18aae69625,2,1,374,110,False,False
r5-pilot,d4b9476b565847953527aa3cccfb748b8ad63f79d31190d4ea604d18aae69625,2,1,375,110,False,False
r5-pilot,d4b9476b565847953527aa3cccfb748b8ad63f79d31190d4ea604d18aae69625,2,1,376,110,False,False
r5-pilot,d4b9476b565847953527aa3cccfb748b8ad63f79d31190d4ea604d18aae69625,2,1,377,110,False,False
r5-pilot,d4b9476b565847953527aa3cccfb748b8ad63f79d31190d4ea604d18aae69625,2,1,378,110,False,False
r5-pilot,d4b9476b565847953527aa3cccfb748b8ad63f79d31190d4ea604d18aae69625,2,1,379,110,False,False
r5-pilot,d4b9476b565847953527aa3cccfb748b8ad63f79d31190d4ea604d18aae69625,2,1,380,110,False,False
r5-pilot,d4b9476b565847953527aa3cccfb748b8ad63f79d31190d4ea604d18aae69625,2,1,381,110,False,False
r5-pilot,d4b9476b565847953527aa3cccfb748b8ad63f79d31190d4ea604d18aae69625,2,1,358,111,False,False
r5-pilot,d4b9476b565847953527aa3cccfb748b8ad63f79d31190d4ea604d18aae69625,2,1,359,111,False,False
r5-pilot,d4b9476b565847953527aa3cccfb748b8ad63f79d31190d4ea604d18aae69625,2,1,360,111,False,False
r5-pilot,d4b9476b565847953527aa3cccfb748b8ad63f79d31190d4ea604d18aae69625,2,1,361,111,False,False
r5-pilot,d4b9476b565847953527aa3cccfb748b8ad63f79d31190d4ea604d18aae69625,2,1,373,111,False,False
r5-pilot,d4b9476b565847953527aa3cccfb748b8ad63f79d31190d4ea604d18aae69625,2,1,374,111,False,False
r5-pilot,d4b9476b565847953527aa3cccfb748b8ad63f79d31190d4ea604d18aae69625,2,1,375,111,False,False
r5-pilot,d4b9476b565847953527aa3cccfb748b8ad63f79d31190d4ea604d18aae69625,2,1,376,111,False,False
r5-pilot,d4b9476b565847953527aa3cccfb748b8ad63f79d31190d4ea604d18aae69625,2,1,377,111,False,False
r5-pilot,d4b9476b565847953527aa3cccfb748b8ad63f79d31190d4ea604d18aae69625,2,1,378,111,False,False
r5-pilot,d4b9476b565847953527aa3cccfb748b8ad63f79d31190d4ea604d18aae69625,2,1,379,111,False,False
r5-pilot,d4b9476b565847953527aa3cccfb748b8ad63f79d31190d4ea604d18aae69625,2,1,380,111,False,False
r5-pilot,d4b9476b565847953527aa3cccfb748b8ad63f79d31190d4ea604d18aae69625,2,1,381,111,False,False
r5-pilot,d4b9476b565847953527aa3cccfb748b8ad63f79d31190d4ea604d18aae69625,2,1,358,112,False,False
r5-pilot,d4b9476b565847953527aa3cccfb748b8ad63f79d31190d4ea604d18aae69625,2,1,359,112,False,False
r5-pilot,d4b9476b565847953527aa3cccfb748b8ad63f79d31190d4ea604d18aae69625,2,1,360,112,False,False
r5-pilot,d4b9476b565847953527aa3cccfb748b8ad63f79d31190d4ea604d18aae69625,2,1,372,112,False,False
r5-pilot,d4b9476b565847953527aa3cccfb748b8ad63f79d31190d4ea604d18aae69625,2,1,373,112,False,False
r5-pilot,d4b9476b565847953527aa3cccfb748b8ad63f79d31190d4ea604d18aae69625,2,1,374,112,False,False
r5-pilot,d4b9476b565847953527aa3cccfb748b8ad63f79d31190d4ea604d18aae69625,2,1,375,112,False,False
r5-pilot,d4b9476b565847953527aa3cccfb748b8ad63f79d31190d4ea604d18aae69625,2,1,376,112,False,False
r5-pilot,d4b9476b565847953527aa3cccfb748b8ad63f79d31190d4ea604d18aae69625,2,1,377,112,False,False
r5-pilot,d4b9476b565847953527aa3cccfb748b8ad63f79d31190d4ea604d18aae69625,2,1,378,112,False,False
r5-pilot,d4b9476b565847953527aa3cccfb748b8ad63f79d31190d4ea604d18aae69625,2,1,379,112,False,False
r5-pilot,d4b9476b565847953527aa3cccfb748b8ad63f79d31190d4ea604d18aae69625,2,1,380,112,False,False
r5-pilot,d4b9476b565847953527aa3cccfb748b8ad63f79d31190d4ea604d18aae69625,2,1,381,112,False,False
r5-pilot,d4b9476b565847953527aa3cccfb748b8ad63f79d31190d4ea604d18aae69625,2,1,358,113,False,False
r5-pilot,d4b9476b565847953527aa3cccfb748b8ad63f79d31190d4ea604d18aae69625,2,1,359,113,False,False
r5-pilot,d4b9476b565847953527aa3cccfb748b8ad63f79d31190d4ea604d18aae69625,2,1,360,113,False,False
r5-pilot,d4b9476b565847953527aa3cccfb748b8ad63f79d31190d4ea604d18aae69625,2,1,371,113,False,False
r5-pilot,d4b9476b565847953527aa3cccfb748b8ad63f79d31190d4ea604d18aae69625,2,1,372,113,False,False
r5-pilot,d4b9476b565847953527aa3cccfb748b8ad63f79d31190d4ea604d18aae69625,2,1,373,113,False,False
r5-pilot,d4b9476b565847953527aa3cccfb748b8ad63f79d31190d4ea604d18aae69625,2,1,374,113,False,False
r5-pilot,d4b9476b565847953527aa3cccfb748b8ad63f79d31190d4ea604d18aae69625,2,1,375,113,False,False
r5-pilot,d4b9476b565847953527aa3cccfb748b8ad63f79d31190d4ea604d18aae69625,2,1,376,113,False,False
r5-pilot,d4b9476b565847953527aa3cccfb748b8ad63f79d31190d4ea604d18aae69625,2,1,377,113,False,False
r5-pilot,d4b9476b565847953527aa3cccfb748b8ad63f79d31190d4ea604d18aae69625,2,1,378,113,False,False
r5-pilot,d4b9476b565847953527aa3cccfb748b8ad63f79d31190d4ea604d18aae69625,2,1,379,113,False,False
r5-pilot,d4b9476b565847953527aa3cccfb748b8ad63f79d31190d4ea604d18aae69625,2,1,380,113,False,False
r5-pilot,d4b9476b565847953527aa3cccfb748b8ad63f79d31190d4ea604d18aae69625,2,1,381,113,False,False
r5-pilot,d4b9476b565847953527aa3cccfb748b8ad63f79d31190d4ea604d18aae69625,2,1,358,114,False,False
r5-pilot,d4b9476b565847953527aa3cccfb748b8ad63f79d31190d4ea604d18aae69625,2,1,359,114,False,False
r5-pilot,d4b9476b565847953527aa3cccfb748b8ad63f79d31190d4ea604d18aae69625,2,1,372,114,False,False
r5-pilot,d4b9476b565847953527aa3cccfb748b8ad63f79d31190d4ea604d18aae69625,2,1,373,114,False,False
r5-pilot,d4b9476b565847953527aa3cccfb748b8ad63f79d31190d4ea604d18aae69625,2,1,374,114,False,False
r5-pilot,d4b9476b565847953527aa3cccfb748b8ad63f79d31190d4ea604d18aae69625,2,1,375,114,False,False
r5-pilot,d4b9476b565847953527aa3cccfb748b8ad63f79d31190d4ea604d18aae69625,2,1,376,114,False,False
r5-pilot,d4b9476b565847953527aa3cccfb748b8ad63f79d31190d4ea604d18aae69625,2,1,377,114,False,False
r5-pilot,d4b9476b565847953527aa3cccfb748b8ad63f79d31190d4ea604d18aae69625,2,1,378,114,False,False
r5-pilot,d4b9476b565847953527aa3cccfb748b8ad63f79d31190d4ea604d18aae69625,2,1,379,114,False,False
r5-pilot,d4b9476b565847953527aa3cccfb748b8ad63f79d31190d4ea604d18aae69625,2,1,380,114,False,False
r5-pilot,d4b9476b565847953527aa3cccfb748b8ad63f79d31190d4ea604d18aae69625,2,1,381,114,False,False
r5-pilot,d4b9476b565847953527aa3cccfb748b8ad63f79d31190d4ea604d18aae69625,2,1,371,115,False,False
r5-pilot,d4b9476b565847953527aa3cccfb748b8ad63f79d31190d4ea604d18aae69625,2,1,372,115,False,False
r5-pilot,d4b9476b565847953527aa3cccfb748b8ad63f79d31190d4ea604d18aae69625,2,1,373,115,False,False
r5-pilot,d4b9476b565847953527aa3cccfb748b8ad63f79d31190d4ea604d18aae69625,2,1,374,115,False,False
r5-pilot,d4b9476b565847953527aa3cccfb748b8ad63f79d31190d4ea604d18aae69625,2,1,375,115,False,False
r5-pilot,d4b9476b565847953527aa3cccfb748b8ad63f79d31190d4ea604d18aae69625,2,1,376,115,False,False
r5-pilot,d4b9476b565847953527aa3cccfb748b8ad63f79d31190d4ea604d18aae69625,2,1,377,115,False,False
r5-pilot,d4b9476b565847953527aa3cccfb748b8ad63f79d31190d4ea604d18aae69625,2,1,378,115,False,False
r5-pilot,d4b9476b565847953527aa3cccfb748b8ad63f79d31190d4ea604d18aae69625,2,1,379,115,False,False
r5-pilot,d4b9476b565847953527aa3cccfb748b8ad63f79d31190d4ea604d18aae69625,2,1,380,115,False,False
r5-pilot,d4b9476b565847953527aa3cccfb748b8ad63f79d31190d4ea604d18aae69625,2,1,381,115,False,False
r5-pilot,d4b9476b565847953527aa3cccfb748b8ad63f79d31190d4ea604d18aae69625,2,1,371,116,False,False
r5-pilot,d4b9476b565847953527aa3cccfb748b8ad63f79d31190d4ea604d18aae69625,2,1,372,116,False,False
r5-pilot,d4b9476b565847953527aa3cccfb748b8ad63f79d31190d4ea604d18aae69625,2,1,373,116,False,False
r5-pilot,d4b9476b565847953527aa3cccfb748b8ad63f79d31190d4ea604d18aae69625,2,1,374,116,False,False
r5-pilot,d4b9476b565847953527aa3cccfb748b8ad63f79d31190d4ea604d18aae69625,2,1,375,116,False,False
r5-pilot,d4b9476b565847953527aa3cccfb748b8ad63f79d31190d4ea604d18aae69625,2,1,376,116,False,False
r5-pilot,d4b9476b565847953527aa3cccfb748b8ad63f79d31190d4ea604d18aae69625,2,1,377,116,False,False
r5-pilot,d4b9476b565847953527aa3cccfb748b8ad63f79d31190d4ea604d18aae69625,2,1,378,116,False,False
r5-pilot,d4b9476b565847953527aa3cccfb748b8ad63f79d31190d4ea604d18aae69625,2,1,379,116,False,False
r5-pilot,d4b9476b565847953527aa3cccfb748b8ad63f79d31190d4ea604d18aae69625,2,1,380,116,False,False
r5-pilot,d4b9476b565847953527aa3cccfb748b8ad63f79d31190d4ea604d18aae69625,2,1,381,116,False,False
r5-pilot,d4b9476b565847953527aa3cccfb748b8ad63f79d31190d4ea604d18aae69625,2,1,371,117,False,False
r5-pilot,d4b9476b565847953527aa3cccfb748b8ad63f79d31190d4ea604d18aae69625,2,1,372,117,False,False
r5-pilot,d4b9476b565847953527aa3cccfb748b8ad63f79d31190d4ea604d18aae69625,2,1,374,117,False,False
r5-pilot,d4b9476b565847953527aa3cccfb748b8ad63f79d31190d4ea604d18aae69625,2,1,375,117,False,False
r5-pilot,d4b9476b565847953527aa3cccfb748b8ad63f79d31190d4ea604d18aae69625,2,1,376,117,False,False
r5-pilot,d4b9476b565847953527aa3cccfb748b8ad63f79d31190d4ea604d18aae69625,2,1,377,117,False,False
r5-pilot,d4b9476b565847953527aa3cccfb748b8ad63f79d31190d4ea604d18aae69625,2,1,378,117,False,False
r5-pilot,d4b9476b565847953527aa3cccfb748b8ad63f79d31190d4ea604d18aae69625,2,1,379,117,False,False
r5-pilot,d4b9476b565847953527aa3cccfb748b8ad63f79d31190d4ea604d18aae69625,2,1,380,117,False,False
r5-pilot,d4b9476b565847953527aa3cccfb748b8ad63f79d31190d4ea604d18aae69625,2,1,381,117,False,False
r5-pilot,d4b9476b565847953527aa3cccfb748b8ad63f79d31190d4ea604d18aae69625,2,1,372,118,False,False
r5-pilot,d4b9476b565847953527aa3cccfb748b8ad63f79d31190d4ea604d18aae69625,2,1,376,118,False,False
r5-pilot,d4b9476b565847953527aa3cccfb748b8ad63f79d31190d4ea604d18aae69625,2,1,377,118,False,False
r5-pilot,d4b9476b565847953527aa3cccfb748b8ad63f79d31190d4ea604d18aae69625,2,1,378,118,False,False
r5-pilot,d4b9476b565847953527aa3cccfb748b8ad63f79d31190d4ea604d18aae69625,2,1,379,118,False,False
r5-pilot,d4b9476b565847953527aa3cccfb748b8ad63f79d31190d4ea604d18aae69625,2,1,380,118,False,False
r5-pilot,d4b9476b565847953527aa3cccfb748b8ad63f79d31190d4ea604d18aae69625,2,1,381,118,False,False
r5-pilot,d4b9476b565847953527aa3cccfb748b8ad63f79d31190d4ea604d18aae69625,2,1,373,119,False,False
r5-pilot,d4b9476b565847953527aa3cccfb748b8ad63f79d31190d4ea604d18aae69625,2,1,375,119,False,False
r5-pilot,d4b9476b565847953527aa3cccfb748b8ad63f79d31190d4ea604d18aae69625,2,1,376,119,False,False
r5-pilot,d4b9476b565847953527aa3cccfb748b8ad63f79d31190d4ea604d18aae69625,2,1,377,119,False,False
r5-pilot,d4b9476b565847953527aa3cccfb748b8ad63f79d31190d4ea604d18aae69625,2,1,378,119,False,False
r5-pilot,d4b9476b565847953527aa3cccfb748b8ad63f79d31190d4ea604d18aae69625,2,1,379,119,False,False
r5-pilot,d4b9476b565847953527aa3cccfb748b8ad63f79d31190d4ea604d18aae69625,2,1,380,119,False,False
r5-pilot,d4b9476b565847953527aa3cccfb748b8ad63f79d31190d4ea604d18aae69625,2,1,381,119,False,False
r5-pilot,d4b9476b565847953527aa3cccfb748b8ad63f79d31190d4ea604d18aae69625,2,1,382,119,False,False
r5-pilot,d4b9476b565847953527aa3cccfb748b8ad63f79d31190d4ea604d18aae69625,2,1,372,120,False,False
r5-pilot,d4b9476b565847953527aa3cccfb748b8ad63f79d31190d4ea604d18aae69625,2,1,373,120,False,False
r5-pilot,d4b9476b565847953527aa3cccfb748b8ad63f79d31190d4ea604d18aae69625,2,1,374,120,False,False
r5-pilot,d4b9476b565847953527aa3cccfb748b8ad63f79d31190d4ea604d18aae69625,2,1,375,120,False,False
r5-pilot,d4b9476b565847953527aa3cccfb748b8ad63f79d31190d4ea604d18aae69625,2,1,376,120,False,False
r5-pilot,d4b9476b565847953527aa3cccfb748b8ad63f79d31190d4ea604d18aae69625,2,1,377,120,False,False
r5-pilot,d4b9476b565847953527aa3cccfb748b8ad63f79d31190d4ea604d18aae69625,2,1,378,120,False,False
r5-pilot,d4b9476b565847953527aa3cccfb748b8ad63f79d31190d4ea604d18aae69625,2,1,379,120,False,False
r5-pilot,d4b9476b565847953527aa3cccfb748b8ad63f79d31190d4ea604d18aae69625,2,1,380,120,False,False
r5-pilot,d4b9476b565847953527aa3cccfb748b8ad63f79d31190d4ea604d18aae69625,2,1,381,120,False,False
r5-pilot,d4b9476b565847953527aa3cccfb748b8ad63f79d31190d4ea604d18aae69625,2,1,382,120,False,False
r5-pilot,d4b9476b565847953527aa3cccfb748b8ad63f79d31190d4ea604d18aae69625,2,1,383,120,False,False
r5-pilot,d4b9476b565847953527aa3cccfb748b8ad63f79d31190d4ea604d18aae69625,2,1,373,121,False,False
r5-pilot,d4b9476b565847953527aa3cccfb748b8ad63f79d31190d4ea604d18aae69625,2,1,374,121,False,False
r5-pilot,d4b9476b565847953527aa3cccfb748b8ad63f79d31190d4ea604d18aae69625,2,1,375,121,False,False
r5-pilot,d4b9476b565847953527aa3cccfb748b8ad63f79d31190d4ea604d18aae69625,2,1,376,121,False,False
r5-pilot,d4b9476b565847953527aa3cccfb748b8ad63f79d31190d4ea604d18aae69625,2,1,377,121,False,False
r5-pilot,d4b9476b565847953527aa3cccfb748b8ad63f79d31190d4ea604d18aae69625,2,1,378,121,False,False
r5-pilot,d4b9476b565847953527aa3cccfb748b8ad63f79d31190d4ea604d18aae69625,2,1,379,121,False,False
r5-pilot,d4b9476b565847953527aa3cccfb748b8ad63f79d31190d4ea604d18aae69625,2,1,380,121,False,False
r5-pilot,d4b9476b565847953527aa3cccfb748b8ad63f79d31190d4ea604d18aae69625,2,1,381,121,False,False
r5-pilot,d4b9476b565847953527aa3cccfb748b8ad63f79d31190d4ea604d18aae69625,2,1,382,121,False,False
r5-pilot,d4b9476b565847953527aa3cccfb748b8ad63f79d31190d4ea604d18aae69625,2,1,383,121,False,False
r5-pilot,d4b9476b565847953527aa3cccfb748b8ad63f79d31190d4ea604d18aae69625,2,1,373,122,False,False
r5-pilot,d4b9476b565847953527aa3cccfb748b8ad63f79d31190d4ea604d18aae69625,2,1,374,122,False,False
r5-pilot,d4b9476b565847953527aa3cccfb748b8ad63f79d31190d4ea604d18aae69625,2,1,375,122,False,False
r5-pilot,d4b9476b565847953527aa3cccfb748b8ad63f79d31190d4ea604d18aae69625,2,1,376,122,False,False
r5-pilot,d4b9476b565847953527aa3cccfb748b8ad63f79d31190d4ea604d18aae69625,2,1,377,122,False,False
r5-pilot,d4b9476b565847953527aa3cccfb748b8ad63f79d31190d4ea604d18aae69625,2,1,378,122,False,False
r5-pilot,d4b9476b565847953527aa3cccfb748b8ad63f79d31190d4ea604d18aae69625,2,1,379,122,False,False
r5-pilot,d4b9476b565847953527aa3cccfb748b8ad63f79d31190d4ea604d18aae69625,2,1,380,122,False,False
r5-pilot,d4b9476b565847953527aa3cccfb748b8ad63f79d31190d4ea604d18aae69625,2,1,381,122,False,False
r5-pilot,d4b9476b565847953527aa3cccfb748b8ad63f79d31190d4ea604d18aae69625,2,1,382,122,False,False
r5-pilot,d4b9476b565847953527aa3cccfb748b8ad63f79d31190d4ea604d18aae69625,2,1,383,122,False,False
r5-pilot,d4b9476b565847953527aa3cccfb748b8ad63f79d31190d4ea604d18aae69625,2,1,373,123,False,False
r5-pilot,d4b9476b565847953527aa3cccfb748b8ad63f79d31190d4ea604d18aae69625,2,1,374,123,False,False
r5-pilot,d4b9476b565847953527aa3cccfb748b8ad63f79d31190d4ea604d18aae69625,2,1,375,123,False,False
r5-pilot,d4b9476b565847953527aa3cccfb748b8ad63f79d31190d4ea604d18aae69625,2,1,376,123,False,False
r5-pilot,d4b9476b565847953527aa3cccfb748b8ad63f79d31190d4ea604d18aae69625,2,1,377,123,False,False
r5-pilot,d4b9476b565847953527aa3cccfb748b8ad63f79d31190d4ea604d18aae69625,2,1,378,123,False,False
r5-pilot,d4b9476b565847953527aa3cccfb748b8ad63f79d31190d4ea604d18aae69625,2,1,379,123,False,False
r5-pilot,d4b9476b565847953527aa3cccfb748b8ad63f79d31190d4ea604d18aae69625,2,1,380,123,False,False
r5-pilot,d4b9476b565847953527aa3cccfb748b8ad63f79d31190d4ea604d18aae69625,2,1,381,123,False,False
r5-pilot,d4b9476b565847953527aa3cccfb748b8ad63f79d31190d4ea604d18aae69625,2,1,382,123,False,False
r5-pilot,d4b9476b565847953527aa3cccfb748b8ad63f79d31190d4ea604d18aae69625,2,1,383,123,False,False
r5-pilot,d4b9476b565847953527aa3cccfb748b8ad63f79d31190d4ea604d18aae69625,2,1,373,124,False,False
r5-pilot,d4b9476b565847953527aa3cccfb748b8ad63f79d31190d4ea604d18aae69625,2,1,374,124,False,False
r5-pilot,d4b9476b565847953527aa3cccfb748b8ad63f79d31190d4ea604d18aae69625,2,1,375,124,False,False
r5-pilot,d4b9476b565847953527aa3cccfb748b8ad63f79d31190d4ea604d18aae69625,2,1,376,124,False,False
r5-pilot,d4b9476b565847953527aa3cccfb748b8ad63f79d31190d4ea604d18aae69625,2,1,377,124,False,False
r5-pilot,d4b9476b565847953527aa3cccfb748b8ad63f79d31190d4ea604d18aae69625,2,1,378,124,False,False
r5-pilot,d4b9476b565847953527aa3cccfb748b8ad63f79d31190d4ea604d18aae69625,2,1,379,124,False,False
r5-pilot,d4b9476b565847953527aa3cccfb748b8ad63f79d31190d4ea604d18aae69625,2,1,380,124,False,False
r5-pilot,d4b9476b565847953527aa3cccfb748b8ad63f79d31190d4ea604d18aae69625,2,1,381,124,False,False
r5-pilot,d4b9476b565847953527aa3cccfb748b8ad63f79d31190d4ea604d18aae69625,2,1,382,124,False,False
r5-pilot,d4b9476b565847953527aa3cccfb748b8ad63f79d31190d4ea604d18aae69625,2,1,383,124,False,False
r5-pilot,d4b9476b565847953527aa3cccfb748b8ad63f79d31190d4ea604d18aae69625,2,1,372,125,False,False
r5-pilot,d4b9476b565847953527aa3cccfb748b8ad63f79d31190d4ea604d18aae69625,2,1,373,125,False,False
r5-pilot,d4b9476b565847953527aa3cccfb748b8ad63f79d31190d4ea604d18aae69625,2,1,374,125,False,False
r5-pilot,d4b9476b565847953527aa3cccfb748b8ad63f79d31190d4ea604d18aae69625,2,1,375,125,False,False
r5-pilot,d4b9476b565847953527aa3cccfb748b8ad63f79d31190d4ea604d18aae69625,2,1,376,125,False,False
r5-pilot,d4b9476b565847953527aa3cccfb748b8ad63f79d31190d4ea604d18aae69625,2,1,377,125,False,False
r5-pilot,d4b9476b565847953527aa3cccfb748b8ad63f79d31190d4ea604d18aae69625,2,1,378,125,False,False
r5-pilot,d4b9476b565847953527aa3cccfb748b8ad63f79d31190d4ea604d18aae69625,2,1,379,125,False,False
r5-pilot,d4b9476b565847953527aa3cccfb748b8ad63f79d31190d4ea604d18aae69625,2,1,380,125,False,False
r5-pilot,d4b9476b565847953527aa3cccfb748b8ad63f79d31190d4ea604d18aae69625,2,1,381,125,False,False
r5-pilot,d4b9476b565847953527aa3cccfb748b8ad63f79d31190d4ea604d18aae69625,2,1,382,125,False,False
r5-pilot,d4b9476b565847953527aa3cccfb748b8ad63f79d31190d4ea604d18aae69625,2,1,383,125,False,False
r5-pilot,d4b9476b565847953527aa3cccfb748b8ad63f79d31190d4ea604d18aae69625,2,1,373,126,False,False
r5-pilot,d4b9476b565847953527aa3cccfb748b8ad63f79d31190d4ea604d18aae69625,2,1,374,126,False,False
r5-pilot,d4b9476b565847953527aa3cccfb748b8ad63f79d31190d4ea604d18aae69625,2,1,375,126,False,False
r5-pilot,d4b9476b565847953527aa3cccfb748b8ad63f79d31190d4ea604d18aae69625,2,1,376,126,False,False
r5-pilot,d4b9476b565847953527aa3cccfb748b8ad63f79d31190d4ea604d18aae69625,2,1,377,126,False,False
r5-pilot,d4b9476b565847953527aa3cccfb748b8ad63f79d31190d4ea604d18aae69625,2,1,378,126,False,False
r5-pilot,d4b9476b565847953527aa3cccfb748b8ad63f79d31190d4ea604d18aae69625,2,1,379,126,False,False
r5-pilot,d4b9476b565847953527aa3cccfb748b8ad63f79d31190d4ea604d18aae69625,2,1,380,126,False,False
r5-pilot,d4b9476b565847953527aa3cccfb748b8ad63f79d31190d4ea604d18aae69625,2,1,381,126,False,False
r5-pilot,d4b9476b565847953527aa3cccfb748b8ad63f79d31190d4ea604d18aae69625,2,1,382,126,False,False
r5-pilot,d4b9476b565847953527aa3cccfb748b8ad63f79d31190d4ea604d18aae69625,2,1,383,126,False,False
r5-pilot,d4b9476b565847953527aa3cccfb748b8ad63f79d31190d4ea604d18aae69625,2,1,374,127,False,False
r5-pilot,d4b9476b565847953527aa3cccfb748b8ad63f79d31190d4ea604d18aae69625,2,1,375,127,False,False
r5-pilot,d4b9476b565847953527aa3cccfb748b8ad63f79d31190d4ea604d18aae69625,2,1,376,127,False,False
r5-pilot,d4b9476b565847953527aa3cccfb748b8ad63f79d31190d4ea604d18aae69625,2,1,377,127,False,False
r5-pilot,d4b9476b565847953527aa3cccfb748b8ad63f79d31190d4ea604d18aae69625,2,1,378,127,False,False
r5-pilot,d4b9476b565847953527aa3cccfb748b8ad63f79d31190d4ea604d18aae69625,2,1,379,127,False,False
r5-pilot,d4b9476b565847953527aa3cccfb748b8ad63f79d31190d4ea604d18aae69625,2,1,380,127,False,False
r5-pilot,d4b9476b565847953527aa3cccfb748b8ad63f79d31190d4ea604d18aae69625,2,1,381,127,False,False
r5-pilot,d4b9476b565847953527aa3cccfb748b8ad63f79d31190d4ea604d18aae69625,2,1,382,127,False,False
r5-pilot,d4b9476b565847953527aa3cccfb748b8ad63f79d31190d4ea604d18aae69625,2,1,383,127,False,False
r5-pilot,d4b9476b565847953527aa3cccfb748b8ad63f79d31190d4ea604d18aae69625,2,1,374,128,False,False
r5-pilot,d4b9476b565847953527aa3cccfb748b8ad63f79d31190d4ea604d18aae69625,2,1,375,128,False,False
r5-pilot,d4b9476b565847953527aa3cccfb748b8ad63f79d31190d4ea604d18aae69625,2,1,376,128,False,False
r5-pilot,d4b9476b565847953527aa3cccfb748b8ad63f79d31190d4ea604d18aae69625,2,1,377,128,False,False
r5-pilot,d4b9476b565847953527aa3cccfb748b8ad63f79d31190d4ea604d18aae69625,2,1,378,128,False,False
r5-pilot,d4b9476b565847953527aa3cccfb748b8ad63f79d31190d4ea604d18aae69625,2,1,379,128,False,False
r5-pilot,d4b9476b565847953527aa3cccfb748b8ad63f79d31190d4ea604d18aae69625,2,1,380,128,False,False
r5-pilot,d4b9476b565847953527aa3cccfb748b8ad63f79d31190d4ea604d18aae69625,2,1,381,128,False,False
r5-pilot,d4b9476b565847953527aa3cccfb748b8ad63f79d31190d4ea604d18aae69625,2,1,382,128,False,False
r5-pilot,d4b9476b565847953527aa3cccfb748b8ad63f79d31190d4ea604d18aae69625,2,1,383,128,False,False
r5-pilot,d4b9476b565847953527aa3cccfb748b8ad63f79d31190d4ea604d18aae69625,2,1,374,129,False,False
r5-pilot,d4b9476b565847953527aa3cccfb748b8ad63f79d31190d4ea604d18aae69625,2,1,375,129,False,False
r5-pilot,d4b9476b565847953527aa3cccfb748b8ad63f79d31190d4ea604d18aae69625,2,1,376,129,False,False
r5-pilot,d4b9476b565847953527aa3cccfb748b8ad63f79d31190d4ea604d18aae69625,2,1,377,129,False,False
r5-pilot,d4b9476b565847953527aa3cccfb748b8ad63f79d31190d4ea604d18aae69625,2,1,378,129,False,False
r5-pilot,d4b9476b565847953527aa3cccfb748b8ad63f79d31190d4ea604d18aae69625,2,1,379,129,False,False
r5-pilot,d4b9476b565847953527aa3cccfb748b8ad63f79d31190d4ea604d18aae69625,2,1,380,129,False,False
r5-pilot,d4b9476b565847953527aa3cccfb748b8ad63f79d31190d4ea604d18aae69625,2,1,381,129,False,False
r5-pilot,d4b9476b565847953527aa3cccfb748b8ad63f79d31190d4ea604d18aae69625,2,1,382,129,False,False
r5-pilot,d4b9476b565847953527aa3cccfb748b8ad63f79d31190d4ea604d18aae69625,2,1,383,129,False,False
r5-pilot,d4b9476b565847953527aa3cccfb748b8ad63f79d31190d4ea604d18aae69625,2,1,375,130,False,False
r5-pilot,d4b9476b565847953527aa3cccfb748b8ad63f79d31190d4ea604d18aae69625,2,1,376,130,False,False
r5-pilot,d4b9476b565847953527aa3cccfb748b8ad63f79d31190d4ea604d18aae69625,2,1,377,130,False,False
r5-pilot,d4b9476b565847953527aa3cccfb748b8ad63f79d31190d4ea604d18aae69625,2,1,378,130,False,False
r5-pilot,d4b9476b565847953527aa3cccfb748b8ad63f79d31190d4ea604d18aae69625,2,1,379,130,False,False
r5-pilot,d4b9476b565847953527aa3cccfb748b8ad63f79d31190d4ea604d18aae69625,2,1,380,130,False,False
r5-pilot,d4b9476b565847953527aa3cccfb748b8ad63f79d31190d4ea604d18aae69625,2,1,381,130,False,False
r5-pilot,d4b9476b565847953527aa3cccfb748b8ad63f79d31190d4ea604d18aae69625,2,1,382,130,False,False
r5-pilot,d4b9476b565847953527aa3cccfb748b8ad63f79d31190d4ea604d18aae69625,2,1,383,130,False,False
r5-pilot,d4b9476b565847953527aa3cccfb748b8ad63f79d31190d4ea604d18aae69625,2,1,376,131,False,False
r5-pilot,d4b9476b565847953527aa3cccfb748b8ad63f79d31190d4ea604d18aae69625,2,1,377,131,False,False
r5-pilot,d4b9476b565847953527aa3cccfb748b8ad63f79d31190d4ea604d18aae69625,2,1,378,131,False,False
r5-pilot,d4b9476b565847953527aa3cccfb748b8ad63f79d31190d4ea604d18aae69625,2,1,379,131,False,False
r5-pilot,d4b9476b565847953527aa3cccfb748b8ad63f79d31190d4ea604d18aae69625,2,1,380,131,False,False
r5-pilot,d4b9476b565847953527aa3cccfb748b8ad63f79d31190d4ea604d18aae69625,2,1,381,131,False,False
r5-pilot,d4b9476b565847953527aa3cccfb748b8ad63f79d31190d4ea604d18aae69625,2,1,382,131,False,False
r5-pilot,d4b9476b565847953527aa3cccfb748b8ad63f79d31190d4ea604d18aae69625,2,1,383,131,False,False
r5-pilot,d4b9476b565847953527aa3cccfb748b8ad63f79d31190d4ea604d18aae69625,2,1,375,132,False,False
r5-pilot,d4b9476b565847953527aa3cccfb748b8ad63f79d31190d4ea604d18aae69625,2,1,376,132,False,False
r5-pilot,d4b9476b565847953527aa3cccfb748b8ad63f79d31190d4ea604d18aae69625,2,1,377,132,False,False
r5-pilot,d4b9476b565847953527aa3cccfb748b8ad63f79d31190d4ea604d18aae69625,2,1,378,132,False,False
r5-pilot,d4b9476b565847953527aa3cccfb748b8ad63f79d31190d4ea604d18aae69625,2,1,379,132,False,False
r5-pilot,d4b9476b565847953527aa3cccfb748b8ad63f79d31190d4ea604d18aae69625,2,1,380,132,False,False
r5-pilot,d4b9476b565847953527aa3cccfb748b8ad63f79d31190d4ea604d18aae69625,2,1,381,132,False,False
r5-pilot,d4b9476b565847953527aa3cccfb748b8ad63f79d31190d4ea604d18aae69625,2,1,382,132,False,False
r5-pilot,d4b9476b565847953527aa3cccfb748b8ad63f79d31190d4ea604d18aae69625,2,1,383,132,False,False
r5-pilot,d4b9476b565847953527aa3cccfb748b8ad63f79d31190d4ea604d18aae69625,2,1,375,133,False,False
r5-pilot,d4b9476b565847953527aa3cccfb748b8ad63f79d31190d4ea604d18aae69625,2,1,376,133,False,False
r5-pilot,d4b9476b565847953527aa3cccfb748b8ad63f79d31190d4ea604d18aae69625,2,1,377,133,False,False
r5-pilot,d4b9476b565847953527aa3cccfb748b8ad63f79d31190d4ea604d18aae69625,2,1,378,133,False,False
r5-pilot,d4b9476b565847953527aa3cccfb748b8ad63f79d31190d4ea604d18aae69625,2,1,379,133,False,False
r5-pilot,d4b9476b565847953527aa3cccfb748b8ad63f79d31190d4ea604d18aae69625,2,1,380,133,False,False
r5-pilot,d4b9476b565847953527aa3cccfb748b8ad63f79d31190d4ea604d18aae69625,2,1,381,133,False,False
r5-pilot,d4b9476b565847953527aa3cccfb748b8ad63f79d31190d4ea604d18aae69625,2,1,382,133,False,False
r5-pilot,d4b9476b565847953527aa3cccfb748b8ad63f79d31190d4ea604d18aae69625,2,1,383,133,False,False
r5-pilot,d4b9476b565847953527aa3cccfb748b8ad63f79d31190d4ea604d18aae69625,2,1,374,134,False,False
r5-pilot,d4b9476b565847953527aa3cccfb748b8ad63f79d31190d4ea604d18aae69625,2,1,375,134,False,False
r5-pilot,d4b9476b565847953527aa3cccfb748b8ad63f79d31190d4ea604d18aae69625,2,1,376,134,False,False
r5-pilot,d4b9476b565847953527aa3cccfb748b8ad63f79d31190d4ea604d18aae69625,2,1,377,134,False,False
r5-pilot,d4b9476b565847953527aa3cccfb748b8ad63f79d31190d4ea604d18aae69625,2,1,378,134,False,False
r5-pilot,d4b9476b565847953527aa3cccfb748b8ad63f79d31190d4ea604d18aae69625,2,1,379,134,False,False
r5-pilot,d4b9476b565847953527aa3cccfb748b8ad63f79d31190d4ea604d18aae69625,2,1,380,134,False,False
r5-pilot,d4b9476b565847953527aa3cccfb748b8ad63f79d31190d4ea604d18aae69625,2,1,381,134,False,False
r5-pilot,d4b9476b565847953527aa3cccfb748b8ad63f79d31190d4ea604d18aae69625,2,1,382,134,False,False
r5-pilot,d4b9476b565847953527aa3cccfb748b8ad63f79d31190d4ea604d18aae69625,2,1,383,134,False,False
r5-pilot,d4b9476b565847953527aa3cccfb748b8ad63f79d31190d4ea604d18aae69625,2,1,374,135,False,False
r5-pilot,d4b9476b565847953527aa3cccfb748b8ad63f79d31190d4ea604d18aae69625,2,1,375,135,False,False
r5-pilot,d4b9476b565847953527aa3cccfb748b8ad63f79d31190d4ea604d18aae69625,2,1,376,135,False,False
r5-pilot,d4b9476b565847953527aa3cccfb748b8ad63f79d31190d4ea604d18aae69625,2,1,377,135,False,False
r5-pilot,d4b9476b565847953527aa3cccfb748b8ad63f79d31190d4ea604d18aae69625,2,1,378,135,False,False
r5-pilot,d4b9476b565847953527aa3cccfb748b8ad63f79d31190d4ea604d18aae69625,2,1,379,135,False,False
r5-pilot,d4b9476b565847953527aa3cccfb748b8ad63f79d31190d4ea604d18aae69625,2,1,380,135,False,False
r5-pilot,d4b9476b565847953527aa3cccfb748b8ad63f79d31190d4ea604d18aae69625,2,1,381,135,False,False
r5-pilot,d4b9476b565847953527aa3cccfb748b8ad63f79d31190d4ea604d18aae69625,2,1,382,135,False,False
r5-pilot,d4b9476b565847953527aa3cccfb748b8ad63f79d31190d4ea604d18aae69625,2,1,383,135,False,False
r5-pilot,d4b9476b565847953527aa3cccfb748b8ad63f79d31190d4ea604d18aae69625,2,1,374,136,False,False
r5-pilot,d4b9476b565847953527aa3cccfb748b8ad63f79d31190d4ea604d18aae69625,2,1,375,136,False,False
r5-pilot,d4b9476b565847953527aa3cccfb748b8ad63f79d31190d4ea604d18aae69625,2,1,376,136,False,False
r5-pilot,d4b9476b565847953527aa3cccfb748b8ad63f79d31190d4ea604d18aae69625,2,1,377,136,False,False
r5-pilot,d4b9476b565847953527aa3cccfb748b8ad63f79d31190d4ea604d18aae69625,2,1,378,136,False,False
r5-pilot,d4b9476b565847953527aa3cccfb748b8ad63f79d31190d4ea604d18aae69625,2,1,379,136,False,False
r5-pilot,d4b9476b565847953527aa3cccfb748b8ad63f79d31190d4ea604d18aae69625,2,1,380,136,False,False
r5-pilot,d4b9476b565847953527aa3cccfb748b8ad63f79d31190d4ea604d18aae69625,2,1,381,136,False,False
r5-pilot,d4b9476b565847953527aa3cccfb748b8ad63f79d31190d4ea604d18aae69625,2,1,382,136,False,False
r5-pilot,d4b9476b565847953527aa3cccfb748b8ad63f79d31190d4ea604d18aae69625,2,1,383,136,False,False
r5-pilot,d4b9476b565847953527aa3cccfb748b8ad63f79d31190d4ea604d18aae69625,2,1,373,137,False,False
r5-pilot,d4b9476b565847953527aa3cccfb748b8ad63f79d31190d4ea604d18aae69625,2,1,374,137,False,False
r5-pilot,d4b9476b565847953527aa3cccfb748b8ad63f79d31190d4ea604d18aae69625,2,1,375,137,False,False
r5-pilot,d4b9476b565847953527aa3cccfb748b8ad63f79d31190d4ea604d18aae69625,2,1,376,137,False,False
r5-pilot,d4b9476b565847953527aa3cccfb748b8ad63f79d31190d4ea604d18aae69625,2,1,377,137,False,False
r5-pilot,d4b9476b565847953527aa3cccfb748b8ad63f79d31190d4ea604d18aae69625,2,1,378,137,False,False
r5-pilot,d4b9476b565847953527aa3cccfb748b8ad63f79d31190d4ea604d18aae69625,2,1,379,137,False,False
r5-pilot,d4b9476b565847953527aa3cccfb748b8ad63f79d31190d4ea604d18aae69625,2,1,380,137,False,False
r5-pilot,d4b9476b565847953527aa3cccfb748b8ad63f79d31190d4ea604d18aae69625,2,1,381,137,False,False
r5-pilot,d4b9476b565847953527aa3cccfb748b8ad63f79d31190d4ea604d18aae69625,2,1,382,137,False,False
r5-pilot,d4b9476b565847953527aa3cccfb748b8ad63f79d31190d4ea604d18aae69625,2,1,383,137,False,False
r5-pilot,d4b9476b565847953527aa3cccfb748b8ad63f79d31190d4ea604d18aae69625,2,1,374,138,False,False
r5-pilot,d4b9476b565847953527aa3cccfb748b8ad63f79d31190d4ea604d18aae69625,2,1,375,138,False,False
r5-pilot,d4b9476b565847953527aa3cccfb748b8ad63f79d31190d4ea604d18aae69625,2,1,376,138,False,False
r5-pilot,d4b9476b565847953527aa3cccfb748b8ad63f79d31190d4ea604d18aae69625,2,1,377,138,False,False
r5-pilot,d4b9476b565847953527aa3cccfb748b8ad63f79d31190d4ea604d18aae69625,2,1,378,138,False,False
r5-pilot,d4b9476b565847953527aa3cccfb748b8ad63f79d31190d4ea604d18aae69625,2,1,379,138,False,False
r5-pilot,d4b9476b565847953527aa3cccfb748b8ad63f79d31190d4ea604d18aae69625,2,1,380,138,False,False
r5-pilot,d4b9476b565847953527aa3cccfb748b8ad63f79d31190d4ea604d18aae69625,2,1,381,138,False,False
r5-pilot,d4b9476b565847953527aa3cccfb748b8ad63f79d31190d4ea604d18aae69625,2,1,382,138,False,False
r5-pilot,d4b9476b565847953527aa3cccfb748b8ad63f79d31190d4ea604d18aae69625,2,1,383,138,False,False
r5-pilot,d4b9476b565847953527aa3cccfb748b8ad63f79d31190d4ea604d18aae69625,2,1,374,139,False,False
r5-pilot,d4b9476b565847953527aa3cccfb748b8ad63f79d31190d4ea604d18aae69625,2,1,375,139,False,False
r5-pilot,d4b9476b565847953527aa3cccfb748b8ad63f79d31190d4ea604d18aae69625,2,1,376,139,False,False
r5-pilot,d4b9476b565847953527aa3cccfb748b8ad63f79d31190d4ea604d18aae69625,2,1,377,139,False,False
r5-pilot,d4b9476b565847953527aa3cccfb748b8ad63f79d31190d4ea604d18aae69625,2,1,378,139,False,False
r5-pilot,d4b9476b565847953527aa3cccfb748b8ad63f79d31190d4ea604d18aae69625,2,1,379,139,False,False
r5-pilot,d4b9476b565847953527aa3cccfb748b8ad63f79d31190d4ea604d18aae69625,2,1,380,139,False,False
r5-pilot,d4b9476b565847953527aa3cccfb748b8ad63f79d31190d4ea604d18aae69625,2,1,381,139,False,False
r5-pilot,d4b9476b565847953527aa3cccfb748b8ad63f79d31190d4ea604d18aae69625,2,1,382,139,False,False
r5-pilot,d4b9476b565847953527aa3cccfb748b8ad63f79d31190d4ea604d18aae69625,2,1,383,139,False,False
r5-pilot,d4b9476b565847953527aa3cccfb748b8ad63f79d31190d4ea604d18aae69625,2,1,374,140,False,False
r5-pilot,d4b9476b565847953527aa3cccfb748b8ad63f79d31190d4ea604d18aae69625,2,1,375,140,False,False
r5-pilot,d4b9476b565847953527aa3cccfb748b8ad63f79d31190d4ea604d18aae69625,2,1,376,140,False,False
r5-pilot,d4b9476b565847953527aa3cccfb748b8ad63f79d31190d4ea604d18aae69625,2,1,377,140,False,False
r5-pilot,d4b9476b565847953527aa3cccfb748b8ad63f79d31190d4ea604d18aae69625,2,1,378,140,False,False
r5-pilot,d4b9476b565847953527aa3cccfb748b8ad63f79d31190d4ea604d18aae69625,2,1,379,140,False,False
r5-pilot,d4b9476b565847953527aa3cccfb748b8ad63f79d31190d4ea604d18aae69625,2,1,380,140,False,False
r5-pilot,d4b9476b565847953527aa3cccfb748b8ad63f79d31190d4ea604d18aae69625,2,1,381,140,False,False
r5-pilot,d4b9476b565847953527aa3cccfb748b8ad63f79d31190d4ea604d18aae69625,2,1,382,140,False,False
r5-pilot,d4b9476b565847953527aa3cccfb748b8ad63f79d31190d4ea604d18aae69625,2,1,383,140,False,False
r5-pilot,d4b9476b565847953527aa3cccfb748b8ad63f79d31190d4ea604d18aae69625,2,1,374,141,False,False
r5-pilot,d4b9476b565847953527aa3cccfb748b8ad63f79d31190d4ea604d18aae69625,2,1,375,141,False,False
r5-pilot,d4b9476b565847953527aa3cccfb748b8ad63f79d31190d4ea604d18aae69625,2,1,376,141,False,False
r5-pilot,d4b9476b565847953527aa3cccfb748b8ad63f79d31190d4ea604d18aae69625,2,1,377,141,False,False
r5-pilot,d4b9476b565847953527aa3cccfb748b8ad63f79d31190d4ea604d18aae69625,2,1,378,141,False,False
r5-pilot,d4b9476b565847953527aa3cccfb748b8ad63f79d31190d4ea604d18aae69625,2,1,379,141,False,False
r5-pilot,d4b9476b565847953527aa3cccfb748b8ad63f79d31190d4ea604d18aae69625,2,1,380,141,False,False
r5-pilot,d4b9476b565847953527aa3cccfb748b8ad63f79d31190d4ea604d18aae69625,2,1,381,141,False,False
r5-pilot,d4b9476b565847953527aa3cccfb748b8ad63f79d31190d4ea604d18aae69625,2,1,382,141,False,False
r5-pilot,d4b9476b565847953527aa3cccfb748b8ad63f79d31190d4ea604d18aae69625,2,1,383,141,False,False
r5-pilot,d4b9476b565847953527aa3cccfb748b8ad63f79d31190d4ea604d18aae69625,2,1,375,142,False,False
r5-pilot,d4b9476b565847953527aa3cccfb748b8ad63f79d31190d4ea604d18aae69625,2,1,376,142,False,False
r5-pilot,d4b9476b565847953527aa3cccfb748b8ad63f79d31190d4ea604d18aae69625,2,1,377,142,False,False
r5-pilot,d4b9476b565847953527aa3cccfb748b8ad63f79d31190d4ea604d18aae69625,2,1,378,142,False,False
r5-pilot,d4b9476b565847953527aa3cccfb748b8ad63f79d31190d4ea604d18aae69625,2,1,379,142,False,False
r5-pilot,d4b9476b565847953527aa3cccfb748b8ad63f79d31190d4ea604d18aae69625,2,1,380,142,False,False
r5-pilot,d4b9476b565847953527aa3cccfb748b8ad63f79d31190d4ea604d18aae69625,2,1,381,142,False,False
r5-pilot,d4b9476b565847953527aa3cccfb748b8ad63f79d31190d4ea604d18aae69625,2,1,382,142,False,False
r5-pilot,d4b9476b565847953527aa3cccfb748b8ad63f79d31190d4ea604d18aae69625,2,1,383,142,False,False
r5-pilot,d4b9476b565847953527aa3cccfb748b8ad63f79d31190d4ea604d18aae69625,2,1,375,143,False,False
r5-pilot,d4b9476b565847953527aa3cccfb748b8ad63f79d31190d4ea604d18aae69625,2,1,376,143,False,False
r5-pilot,d4b9476b565847953527aa3cccfb748b8ad63f79d31190d4ea604d18aae69625,2,1,377,143,False,False
r5-pilot,d4b9476b565847953527aa3cccfb748b8ad63f79d31190d4ea604d18aae69625,2,1,378,143,False,False
r5-pilot,d4b9476b565847953527aa3cccfb748b8ad63f79d31190d4ea604d18aae69625,2,1,379,143,False,False
r5-pilot,d4b9476b565847953527aa3cccfb748b8ad63f79d31190d4ea604d18aae69625,2,1,380,143,False,False
r5-pilot,d4b9476b565847953527aa3cccfb748b8ad63f79d31190d4ea604d18aae69625,2,1,381,143,False,False
r5-pilot,d4b9476b565847953527aa3cccfb748b8ad63f79d31190d4ea604d18aae69625,2,1,382,143,False,False
r5-pilot,d4b9476b565847953527aa3cccfb748b8ad63f79d31190d4ea604d18aae69625,2,1,383,143,False,False
r5-pilot,d4b9476b565847953527aa3cccfb748b8ad63f79d31190d4ea604d18aae69625,2,1,375,144,False,False
r5-pilot,d4b9476b565847953527aa3cccfb748b8ad63f79d31190d4ea604d18aae69625,2,1,376,144,False,False
r5-pilot,d4b9476b565847953527aa3cccfb748b8ad63f79d31190d4ea604d18aae69625,2,1,377,144,False,False
r5-pilot,d4b9476b565847953527aa3cccfb748b8ad63f79d31190d4ea604d18aae69625,2,1,378,144,False,False
r5-pilot,d4b9476b565847953527aa3cccfb748b8ad63f79d31190d4ea604d18aae69625,2,1,379,144,False,False
r5-pilot,d4b9476b565847953527aa3cccfb748b8ad63f79d31190d4ea604d18aae69625,2,1,380,144,False,False
r5-pilot,d4b9476b565847953527aa3cccfb748b8ad63f79d31190d4ea604d18aae69625,2,1,381,144,False,False
r5-pilot,d4b9476b565847953527aa3cccfb748b8ad63f79d31190d4ea604d18aae69625,2,1,382,144,False,False
r5-pilot,d4b9476b565847953527aa3cccfb748b8ad63f79d31190d4ea604d18aae69625,2,1,383,144,False,False
r5-pilot,d4b9476b565847953527aa3cccfb748b8ad63f79d31190d4ea604d18aae69625,2,1,374,145,False,False
r5-pilot,d4b9476b565847953527aa3cccfb748b8ad63f79d31190d4ea604d18aae69625,2,1,375,145,False,False
r5-pilot,d4b9476b565847953527aa3cccfb748b8ad63f79d31190d4ea604d18aae69625,2,1,376,145,False,False
r5-pilot,d4b9476b565847953527aa3cccfb748b8ad63f79d31190d4ea604d18aae69625,2,1,377,145,False,False
r5-pilot,d4b9476b565847953527aa3cccfb748b8ad63f79d31190d4ea604d18aae69625,2,1,378,145,False,False
r5-pilot,d4b9476b565847953527aa3cccfb748b8ad63f79d31190d4ea604d18aae69625,2,1,379,145,False,False
r5-pilot,d4b9476b565847953527aa3cccfb748b8ad63f79d31190d4ea604d18aae69625,2,1,380,145,False,False
r5-pilot,d4b9476b565847953527aa3cccfb748b8ad63f79d31190d4ea604d18aae69625,2,1,381,145,False,False
r5-pilot,d4b9476b565847953527aa3cccfb748b8ad63f79d31190d4ea604d18aae69625,2,1,382,145,False,False
r5-pilot,d4b9476b565847953527aa3cccfb748b8ad63f79d31190d4ea604d18aae69625,2,1,383,145,False,False
r5-pilot,d4b9476b565847953527aa3cccfb748b8ad63f79d31190d4ea604d18aae69625,2,1,375,146,False,False
r5-pilot,d4b9476b565847953527aa3cccfb748b8ad63f79d31190d4ea604d18aae69625,2,1,376,146,False,False
r5-pilot,d4b9476b565847953527aa3cccfb748b8ad63f79d31190d4ea604d18aae69625,2,1,377,146,False,False
r5-pilot,d4b9476b565847953527aa3cccfb748b8ad63f79d31190d4ea604d18aae69625,2,1,378,146,False,False
r5-pilot,d4b9476b565847953527aa3cccfb748b8ad63f79d31190d4ea604d18aae69625,2,1,379,146,False,False
r5-pilot,d4b9476b565847953527aa3cccfb748b8ad63f79d31190d4ea604d18aae69625,2,1,380,146,False,False
r5-pilot,d4b9476b565847953527aa3cccfb748b8ad63f79d31190d4ea604d18aae69625,2,1,381,146,False,False
r5-pilot,d4b9476b565847953527aa3cccfb748b8ad63f79d31190d4ea604d18aae69625,2,1,382,146,False,False
r5-pilot,d4b9476b565847953527aa3cccfb748b8ad63f79d31190d4ea604d18aae69625,2,1,383,146,False,False
r5-pilot,d4b9476b565847953527aa3cccfb748b8ad63f79d31190d4ea604d18aae69625,2,1,377,147,False,False
r5-pilot,d4b9476b565847953527aa3cccfb748b8ad63f79d31190d4ea604d18aae69625,2,1,378,147,False,False
r5-pilot,d4b9476b565847953527aa3cccfb748b8ad63f79d31190d4ea604d18aae69625,2,1,379,147,False,False
r5-pilot,d4b9476b565847953527aa3cccfb748b8ad63f79d31190d4ea604d18aae69625,2,1,380,147,False,False
r5-pilot,d4b9476b565847953527aa3cccfb748b8ad63f79d31190d4ea604d18aae69625,2,1,381,147,False,False
r5-pilot,d4b9476b565847953527aa3cccfb748b8ad63f79d31190d4ea604d18aae69625,2,1,382,147,False,False
r5-pilot,d4b9476b565847953527aa3cccfb748b8ad63f79d31190d4ea604d18aae69625,2,1,383,147,False,False
r5-pilot,d4b9476b565847953527aa3cccfb748b8ad63f79d31190d4ea604d18aae69625,2,1,378,148,False,False
r5-pilot,d4b9476b565847953527aa3cccfb748b8ad63f79d31190d4ea604d18aae69625,2,1,379,148,False,False
r5-pilot,d4b9476b565847953527aa3cccfb748b8ad63f79d31190d4ea604d18aae69625,2,1,380,148,False,False
r5-pilot,d4b9476b565847953527aa3cccfb748b8ad63f79d31190d4ea604d18aae69625,2,1,381,148,False,False
r5-pilot,d4b9476b565847953527aa3cccfb748b8ad63f79d31190d4ea604d18aae69625,2,1,382,148,False,False
r5-pilot,d4b9476b565847953527aa3cccfb748b8ad63f79d31190d4ea604d18aae69625,2,1,383,148,False,False
r5-pilot,d4b9476b565847953527aa3cccfb748b8ad63f79d31190d4ea604d18aae69625,2,1,378,149,False,False
r5-pilot,d4b9476b565847953527aa3cccfb748b8ad63f79d31190d4ea604d18aae69625,2,1,379,149,False,False
r5-pilot,d4b9476b565847953527aa3cccfb748b8ad63f79d31190d4ea604d18aae69625,2,1,380,149,False,False
r5-pilot,d4b9476b565847953527aa3cccfb748b8ad63f79d31190d4ea604d18aae69625,2,1,381,149,False,False
r5-pilot,d4b9476b565847953527aa3cccfb748b8ad63f79d31190d4ea604d18aae69625,2,1,382,149,False,False
r5-pilot,d4b9476b565847953527aa3cccfb748b8ad63f79d31190d4ea604d18aae69625,2,1,383,149,False,False
r5-pilot,d4b9476b565847953527aa3cccfb748b8ad63f79d31190d4ea604d18aae69625,2,1,378,150,False,False
r5-pilot,d4b9476b565847953527aa3cccfb748b8ad63f79d31190d4ea604d18aae69625,2,1,379,150,False,False
r5-pilot,d4b9476b565847953527aa3cccfb748b8ad63f79d31190d4ea604d18aae69625,2,1,380,150,False,False
r5-pilot,d4b9476b565847953527aa3cccfb748b8ad63f79d31190d4ea604d18aae69625,2,1,381,150,False,False
r5-pilot,d4b9476b565847953527aa3cccfb748b8ad63f79d31190d4ea604d18aae69625,2,1,382,150,False,False
r5-pilot,d4b9476b565847953527aa3cccfb748b8ad63f79d31190d4ea604d18aae69625,2,1,383,150,False,False
r5-pilot,d4b9476b565847953527aa3cccfb748b8ad63f79d31190d4ea604d18aae69625,2,1,378,151,False,False
r5-pilot,d4b9476b565847953527aa3cccfb748b8ad63f79d31190d4ea604d18aae69625,2,1,379,151,False,False
r5-pilot,d4b9476b565847953527aa3cccfb748b8ad63f79d31190d4ea604d18aae69625,2,1,380,151,False,False
r5-pilot,d4b9476b565847953527aa3cccfb748b8ad63f79d31190d4ea604d18aae69625,2,1,381,151,False,False
r5-pilot,d4b9476b565847953527aa3cccfb748b8ad63f79d31190d4ea604d18aae69625,2,1,382,151,False,False
r5-pilot,d4b9476b565847953527aa3cccfb748b8ad63f79d31190d4ea604d18aae69625,2,1,383,151,False,False
r5-pilot,d4b9476b565847953527aa3cccfb748b8ad63f79d31190d4ea604d18aae69625,2,1,378,152,False,False
r5-pilot,d4b9476b565847953527aa3cccfb748b8ad63f79d31190d4ea604d18aae69625,2,1,379,152,False,False
r5-pilot,d4b9476b565847953527aa3cccfb748b8ad63f79d31190d4ea604d18aae69625,2,1,380,152,False,False
r5-pilot,d4b9476b565847953527aa3cccfb748b8ad63f79d31190d4ea604d18aae69625,2,1,381,152,False,False
r5-pilot,d4b9476b565847953527aa3cccfb748b8ad63f79d31190d4ea604d18aae69625,2,1,382,152,False,False
r5-pilot,d4b9476b565847953527aa3cccfb748b8ad63f79d31190d4ea604d18aae69625,2,1,383,152,False,False
r5-pilot,d4b9476b565847953527aa3cccfb748b8ad63f79d31190d4ea604d18aae69625,2,1,384,152,False,False
r5-pilot,d4b9476b565847953527aa3cccfb748b8ad63f79d31190d4ea604d18aae69625,2,1,378,153,False,False
r5-pilot,d4b9476b565847953527aa3cccfb748b8ad63f79d31190d4ea604d18aae69625,2,1,379,153,False,False
r5-pilot,d4b9476b565847953527aa3cccfb748b8ad63f79d31190d4ea604d18aae69625,2,1,380,153,False,False
r5-pilot,d4b9476b565847953527aa3cccfb748b8ad63f79d31190d4ea604d18aae69625,2,1,381,153,False,False
r5-pilot,d4b9476b565847953527aa3cccfb748b8ad63f79d31190d4ea604d18aae69625,2,1,382,153,False,False
r5-pilot,d4b9476b565847953527aa3cccfb748b8ad63f79d31190d4ea604d18aae69625,2,1,383,153,False,False
r5-pilot,d4b9476b565847953527aa3cccfb748b8ad63f79d31190d4ea604d18aae69625,2,1,384,153,False,False
r5-pilot,d4b9476b565847953527aa3cccfb748b8ad63f79d31190d4ea604d18aae69625,2,1,378,154,False,False
r5-pilot,d4b9476b565847953527aa3cccfb748b8ad63f79d31190d4ea604d18aae69625,2,1,379,154,False,False
r5-pilot,d4b9476b565847953527aa3cccfb748b8ad63f79d31190d4ea604d18aae69625,2,1,380,154,False,False
r5-pilot,d4b9476b565847953527aa3cccfb748b8ad63f79d31190d4ea604d18aae69625,2,1,381,154,False,False
r5-pilot,d4b9476b565847953527aa3cccfb748b8ad63f79d31190d4ea604d18aae69625,2,1,382,154,False,False
r5-pilot,d4b9476b565847953527aa3cccfb748b8ad63f79d31190d4ea604d18aae69625,2,1,383,154,False,False
r5-pilot,d4b9476b565847953527aa3cccfb748b8ad63f79d31190d4ea604d18aae69625,2,1,384,154,False,False
r5-pilot,d4b9476b565847953527aa3cccfb748b8ad63f79d31190d4ea604d18aae69625,2,1,378,155,False,False
r5-pilot,d4b9476b565847953527aa3cccfb748b8ad63f79d31190d4ea604d18aae69625,2,1,379,155,False,False
r5-pilot,d4b9476b565847953527aa3cccfb748b8ad63f79d31190d4ea604d18aae69625,2,1,380,155,False,False
r5-pilot,d4b9476b565847953527aa3cccfb748b8ad63f79d31190d4ea604d18aae69625,2,1,381,155,False,False
r5-pilot,d4b9476b565847953527aa3cccfb748b8ad63f79d31190d4ea604d18aae69625,2,1,382,155,False,False
r5-pilot,d4b9476b565847953527aa3cccfb748b8ad63f79d31190d4ea604d18aae69625,2,1,383,155,False,False
r5-pilot,d4b9476b565847953527aa3cccfb748b8ad63f79d31190d4ea604d18aae69625,2,1,384,155,False,False
r5-pilot,d4b9476b565847953527aa3cccfb748b8ad63f79d31190d4ea604d18aae69625,2,1,378,156,False,False
r5-pilot,d4b9476b565847953527aa3cccfb748b8ad63f79d31190d4ea604d18aae69625,2,1,379,156,False,False
r5-pilot,d4b9476b565847953527aa3cccfb748b8ad63f79d31190d4ea604d18aae69625,2,1,380,156,False,False
r5-pilot,d4b9476b565847953527aa3cccfb748b8ad63f79d31190d4ea604d18aae69625,2,1,381,156,False,False
r5-pilot,d4b9476b565847953527aa3cccfb748b8ad63f79d31190d4ea604d18aae69625,2,1,382,156,False,False
r5-pilot,d4b9476b565847953527aa3cccfb748b8ad63f79d31190d4ea604d18aae69625,2,1,383,156,False,False
r5-pilot,d4b9476b565847953527aa3cccfb748b8ad63f79d31190d4ea604d18aae69625,2,1,384,156,False,False
r5-pilot,d4b9476b565847953527aa3cccfb748b8ad63f79d31190d4ea604d18aae69625,2,1,378,157,False,False
r5-pilot,d4b9476b565847953527aa3cccfb748b8ad63f79d31190d4ea604d18aae69625,2,1,379,157,False,False
r5-pilot,d4b9476b565847953527aa3cccfb748b8ad63f79d31190d4ea604d18aae69625,2,1,380,157,False,False
r5-pilot,d4b9476b565847953527aa3cccfb748b8ad63f79d31190d4ea604d18aae69625,2,1,381,157,False,False
r5-pilot,d4b9476b565847953527aa3cccfb748b8ad63f79d31190d4ea604d18aae69625,2,1,382,157,False,False
r5-pilot,d4b9476b565847953527aa3cccfb748b8ad63f79d31190d4ea604d18aae69625,2,1,383,157,False,False
r5-pilot,d4b9476b565847953527aa3cccfb748b8ad63f79d31190d4ea604d18aae69625,2,1,384,157,False,False
r5-pilot,d4b9476b565847953527aa3cccfb748b8ad63f79d31190d4ea604d18aae69625,2,1,378,158,False,False
r5-pilot,d4b9476b565847953527aa3cccfb748b8ad63f79d31190d4ea604d18aae69625,2,1,379,158,False,False
r5-pilot,d4b9476b565847953527aa3cccfb748b8ad63f79d31190d4ea604d18aae69625,2,1,380,158,False,False
r5-pilot,d4b9476b565847953527aa3cccfb748b8ad63f79d31190d4ea604d18aae69625,2,1,381,158,False,False
r5-pilot,d4b9476b565847953527aa3cccfb748b8ad63f79d31190d4ea604d18aae69625,2,1,382,158,False,False
r5-pilot,d4b9476b565847953527aa3cccfb748b8ad63f79d31190d4ea604d18aae69625,2,1,383,158,False,False
r5-pilot,d4b9476b565847953527aa3cccfb748b8ad63f79d31190d4ea604d18aae69625,2,1,384,158,False,False
r5-pilot,d4b9476b565847953527aa3cccfb748b8ad63f79d31190d4ea604d18aae69625,2,1,378,159,False,False
r5-pilot,d4b9476b565847953527aa3cccfb748b8ad63f79d31190d4ea604d18aae69625,2,1,379,159,False,False
r5-pilot,d4b9476b565847953527aa3cccfb748b8ad63f79d31190d4ea604d18aae69625,2,1,380,159,False,False
r5-pilot,d4b9476b565847953527aa3cccfb748b8ad63f79d31190d4ea604d18aae69625,2,1,381,159,False,False
r5-pilot,d4b9476b565847953527aa3cccfb748b8ad63f79d31190d4ea604d18aae69625,2,1,382,159,False,False
r5-pilot,d4b9476b565847953527aa3cccfb748b8ad63f79d31190d4ea604d18aae69625,2,1,383,159,False,False
r5-pilot,d4b9476b565847953527aa3cccfb748b8ad63f79d31190d4ea604d18aae69625,2,1,384,159,False,False
r5-pilot,d4b9476b565847953527aa3cccfb748b8ad63f79d31190d4ea604d18aae69625,2,1,385,159,False,False
r5-pilot,d4b9476b565847953527aa3cccfb748b8ad63f79d31190d4ea604d18aae69625,2,1,378,160,False,False
r5-pilot,d4b9476b565847953527aa3cccfb748b8ad63f79d31190d4ea604d18aae69625,2,1,379,160,False,False
r5-pilot,d4b9476b565847953527aa3cccfb748b8ad63f79d31190d4ea604d18aae69625,2,1,380,160,False,False
r5-pilot,d4b9476b565847953527aa3cccfb748b8ad63f79d31190d4ea604d18aae69625,2,1,381,160,False,False
r5-pilot,d4b9476b565847953527aa3cccfb748b8ad63f79d31190d4ea604d18aae69625,2,1,382,160,False,False
r5-pilot,d4b9476b565847953527aa3cccfb748b8ad63f79d31190d4ea604d18aae69625,2,1,383,160,False,False
r5-pilot,d4b9476b565847953527aa3cccfb748b8ad63f79d31190d4ea604d18aae69625,2,1,384,160,False,False
r5-pilot,d4b9476b565847953527aa3cccfb748b8ad63f79d31190d4ea604d18aae69625,2,1,385,160,False,False
r5-pilot,d4b9476b565847953527aa3cccfb748b8ad63f79d31190d4ea604d18aae69625,2,1,378,161,False,False
r5-pilot,d4b9476b565847953527aa3cccfb748b8ad63f79d31190d4ea604d18aae69625,2,1,379,161,False,False
r5-pilot,d4b9476b565847953527aa3cccfb748b8ad63f79d31190d4ea604d18aae69625,2,1,380,161,False,False
r5-pilot,d4b9476b565847953527aa3cccfb748b8ad63f79d31190d4ea604d18aae69625,2,1,381,161,False,False
r5-pilot,d4b9476b565847953527aa3cccfb748b8ad63f79d31190d4ea604d18aae69625,2,1,382,161,False,False
r5-pilot,d4b9476b565847953527aa3cccfb748b8ad63f79d31190d4ea604d18aae69625,2,1,383,161,False,False
r5-pilot,d4b9476b565847953527aa3cccfb748b8ad63f79d31190d4ea604d18aae69625,2,1,384,161,False,False
r5-pilot,d4b9476b565847953527aa3cccfb748b8ad63f79d31190d4ea604d18aae69625,2,1,385,161,False,False
r5-pilot,d4b9476b565847953527aa3cccfb748b8ad63f79d31190d4ea604d18aae69625,2,1,380,162,False,False
r5-pilot,d4b9476b565847953527aa3cccfb748b8ad63f79d31190d4ea604d18aae69625,2,1,381,162,False,False
r5-pilot,d4b9476b565847953527aa3cccfb748b8ad63f79d31190d4ea604d18aae69625,2,1,382,162,False,False
r5-pilot,d4b9476b565847953527aa3cccfb748b8ad63f79d31190d4ea604d18aae69625,2,1,383,162,False,False
r5-pilot,d4b9476b565847953527aa3cccfb748b8ad63f79d31190d4ea604d18aae69625,2,1,384,162,False,False
r5-pilot,d4b9476b565847953527aa3cccfb748b8ad63f79d31190d4ea604d18aae69625,2,1,385,162,False,False
r5-pilot,d4b9476b565847953527aa3cccfb748b8ad63f79d31190d4ea604d18aae69625,2,1,380,163,False,False
r5-pilot,d4b9476b565847953527aa3cccfb748b8ad63f79d31190d4ea604d18aae69625,2,1,381,163,False,False
r5-pilot,d4b9476b565847953527aa3cccfb748b8ad63f79d31190d4ea604d18aae69625,2,1,382,163,False,False
r5-pilot,d4b9476b565847953527aa3cccfb748b8ad63f79d31190d4ea604d18aae69625,2,1,383,163,False,False
r5-pilot,d4b9476b565847953527aa3cccfb748b8ad63f79d31190d4ea604d18aae69625,2,1,384,163,False,False
r5-pilot,d4b9476b565847953527aa3cccfb748b8ad63f79d31190d4ea604d18aae69625,2,1,385,163,False,False
r5-pilot,d4b9476b565847953527aa3cccfb748b8ad63f79d31190d4ea604d18aae69625,2,1,379,164,False,False
r5-pilot,d4b9476b565847953527aa3cccfb748b8ad63f79d31190d4ea604d18aae69625,2,1,380,164,False,False
r5-pilot,d4b9476b565847953527aa3cccfb748b8ad63f79d31190d4ea604d18aae69625,2,1,381,164,False,False
r5-pilot,d4b9476b565847953527aa3cccfb748b8ad63f79d31190d4ea604d18aae69625,2,1,382,164,False,False
r5-pilot,d4b9476b565847953527aa3cccfb748b8ad63f79d31190d4ea604d18aae69625,2,1,383,164,False,False
r5-pilot,d4b9476b565847953527aa3cccfb748b8ad63f79d31190d4ea604d18aae69625,2,1,384,164,False,False
r5-pilot,d4b9476b565847953527aa3cccfb748b8ad63f79d31190d4ea604d18aae69625,2,1,385,164,False,False
r5-pilot,d4b9476b565847953527aa3cccfb748b8ad63f79d31190d4ea604d18aae69625,2,1,379,165,False,False
r5-pilot,d4b9476b565847953527aa3cccfb748b8ad63f79d31190d4ea604d18aae69625,2,1,380,165,False,False
r5-pilot,d4b9476b565847953527aa3cccfb748b8ad63f79d31190d4ea604d18aae69625,2,1,381,165,False,False
r5-pilot,d4b9476b565847953527aa3cccfb748b8ad63f79d31190d4ea604d18aae69625,2,1,382,165,False,False
r5-pilot,d4b9476b565847953527aa3cccfb748b8ad63f79d31190d4ea604d18aae69625,2,1,383,165,False,False
r5-pilot,d4b9476b565847953527aa3cccfb748b8ad63f79d31190d4ea604d18aae69625,2,1,384,165,False,False
r5-pilot,d4b9476b565847953527aa3cccfb748b8ad63f79d31190d4ea604d18aae69625,2,1,385,165,False,False
r5-pilot,d4b9476b565847953527aa3cccfb748b8ad63f79d31190d4ea604d18aae69625,2,1,381,166,False,False
r5-pilot,d4b9476b565847953527aa3cccfb748b8ad63f79d31190d4ea604d18aae69625,2,1,382,166,False,False
r5-pilot,d4b9476b565847953527aa3cccfb748b8ad63f79d31190d4ea604d18aae69625,2,1,383,166,False,False
r5-pilot,d4b9476b565847953527aa3cccfb748b8ad63f79d31190d4ea604d18aae69625,2,1,384,166,False,False
r5-pilot,d4b9476b565847953527aa3cccfb748b8ad63f79d31190d4ea604d18aae69625,2,1,385,166,False,False
r5-pilot,d4b9476b565847953527aa3cccfb748b8ad63f79d31190d4ea604d18aae69625,2,1,381,167,False,False
r5-pilot,d4b9476b565847953527aa3cccfb748b8ad63f79d31190d4ea604d18aae69625,2,1,382,167,False,False
r5-pilot,d4b9476b565847953527aa3cccfb748b8ad63f79d31190d4ea604d18aae69625,2,1,383,167,False,False
r5-pilot,d4b9476b565847953527aa3cccfb748b8ad63f79d31190d4ea604d18aae69625,2,1,384,167,False,False
r5-pilot,d4b9476b565847953527aa3cccfb748b8ad63f79d31190d4ea604d18aae69625,2,1,385,167,False,False
r5-pilot,d4b9476b565847953527aa3cccfb748b8ad63f79d31190d4ea604d18aae69625,2,1,380,168,False,False
r5-pilot,d4b9476b565847953527aa3cccfb748b8ad63f79d31190d4ea604d18aae69625,2,1,381,168,False,False
r5-pilot,d4b9476b565847953527aa3cccfb748b8ad63f79d31190d4ea604d18aae69625,2,1,382,168,False,False
r5-pilot,d4b9476b565847953527aa3cccfb748b8ad63f79d31190d4ea604d18aae69625,2,1,383,168,False,False
r5-pilot,d4b9476b565847953527aa3cccfb748b8ad63f79d31190d4ea604d18aae69625,2,1,384,168,False,False
r5-pilot,d4b9476b565847953527aa3cccfb748b8ad63f79d31190d4ea604d18aae69625,2,1,385,168,False,False
r5-pilot,d4b9476b565847953527aa3cccfb748b8ad63f79d31190d4ea604d18aae69625,2,1,379,169,False,False
r5-pilot,d4b9476b565847953527aa3cccfb748b8ad63f79d31190d4ea604d18aae69625,2,1,380,169,False,False
r5-pilot,d4b9476b565847953527aa3cccfb748b8ad63f79d31190d4ea604d18aae69625,2,1,381,169,False,False
r5-pilot,d4b9476b565847953527aa3cccfb748b8ad63f79d31190d4ea604d18aae69625,2,1,382,169,False,False
r5-pilot,d4b9476b565847953527aa3cccfb748b8ad63f79d31190d4ea604d18aae69625,2,1,383,169,False,False
r5-pilot,d4b9476b565847953527aa3cccfb748b8ad63f79d31190d4ea604d18aae69625,2,1,384,169,False,False
r5-pilot,d4b9476b565847953527aa3cccfb748b8ad63f79d31190d4ea604d18aae69625,2,1,385,169,False,False
r5-pilot,d4b9476b565847953527aa3cccfb748b8ad63f79d31190d4ea604d18aae69625,2,1,378,170,False,False
r5-pilot,d4b9476b565847953527aa3cccfb748b8ad63f79d31190d4ea604d18aae69625,2,1,379,170,False,False
r5-pilot,d4b9476b565847953527aa3cccfb748b8ad63f79d31190d4ea604d18aae69625,2,1,380,170,False,False
r5-pilot,d4b9476b565847953527aa3cccfb748b8ad63f79d31190d4ea604d18aae69625,2,1,381,170,False,False
r5-pilot,d4b9476b565847953527aa3cccfb748b8ad63f79d31190d4ea604d18aae69625,2,1,382,170,False,False
r5-pilot,d4b9476b565847953527aa3cccfb748b8ad63f79d31190d4ea604d18aae69625,2,1,383,170,False,False
r5-pilot,d4b9476b565847953527aa3cccfb748b8ad63f79d31190d4ea604d18aae69625,2,1,384,170,False,False
r5-pilot,d4b9476b565847953527aa3cccfb748b8ad63f79d31190d4ea604d18aae69625,2,1,385,170,False,False
r5-pilot,d4b9476b565847953527aa3cccfb748b8ad63f79d31190d4ea604d18aae69625,2,1,378,171,False,False
r5-pilot,d4b9476b565847953527aa3cccfb748b8ad63f79d31190d4ea604d18aae69625,2,1,379,171,False,False
r5-pilot,d4b9476b565847953527aa3cccfb748b8ad63f79d31190d4ea604d18aae69625,2,1,380,171,False,False
r5-pilot,d4b9476b565847953527aa3cccfb748b8ad63f79d31190d4ea604d18aae69625,2,1,381,171,False,False
r5-pilot,d4b9476b565847953527aa3cccfb748b8ad63f79d31190d4ea604d18aae69625,2,1,382,171,False,False
r5-pilot,d4b9476b565847953527aa3cccfb748b8ad63f79d31190d4ea604d18aae69625,2,1,383,171,False,False
r5-pilot,d4b9476b565847953527aa3cccfb748b8ad63f79d31190d4ea604d18aae69625,2,1,384,171,False,False
r5-pilot,d4b9476b565847953527aa3cccfb748b8ad63f79d31190d4ea604d18aae69625,2,1,385,171,False,False
r5-pilot,d4b9476b565847953527aa3cccfb748b8ad63f79d31190d4ea604d18aae69625,2,1,378,172,False,False
r5-pilot,d4b9476b565847953527aa3cccfb748b8ad63f79d31190d4ea604d18aae69625,2,1,379,172,False,False
r5-pilot,d4b9476b565847953527aa3cccfb748b8ad63f79d31190d4ea604d18aae69625,2,1,380,172,False,False
r5-pilot,d4b9476b565847953527aa3cccfb748b8ad63f79d31190d4ea604d18aae69625,2,1,381,172,False,False
r5-pilot,d4b9476b565847953527aa3cccfb748b8ad63f79d31190d4ea604d18aae69625,2,1,382,172,False,False
r5-pilot,d4b9476b565847953527aa3cccfb748b8ad63f79d31190d4ea604d18aae69625,2,1,383,172,False,False
r5-pilot,d4b9476b565847953527aa3cccfb748b8ad63f79d31190d4ea604d18aae69625,2,1,384,172,False,False
r5-pilot,d4b9476b565847953527aa3cccfb748b8ad63f79d31190d4ea604d18aae69625,2,1,385,172,False,False
r5-pilot,d4b9476b565847953527aa3cccfb748b8ad63f79d31190d4ea604d18aae69625,2,1,379,173,False,False
r5-pilot,d4b9476b565847953527aa3cccfb748b8ad63f79d31190d4ea604d18aae69625,2,1,380,173,False,False
r5-pilot,d4b9476b565847953527aa3cccfb748b8ad63f79d31190d4ea604d18aae69625,2,1,381,173,False,False
r5-pilot,d4b9476b565847953527aa3cccfb748b8ad63f79d31190d4ea604d18aae69625,2,1,382,173,False,False
r5-pilot,d4b9476b565847953527aa3cccfb748b8ad63f79d31190d4ea604d18aae69625,2,1,383,173,False,False
r5-pilot,d4b9476b565847953527aa3cccfb748b8ad63f79d31190d4ea604d18aae69625,2,1,384,173,False,False
r5-pilot,d4b9476b565847953527aa3cccfb748b8ad63f79d31190d4ea604d18aae69625,2,1,385,173,False,False
r5-pilot,d4b9476b565847953527aa3cccfb748b8ad63f79d31190d4ea604d18aae69625,2,1,380,174,False,False
r5-pilot,d4b9476b565847953527aa3cccfb748b8ad63f79d31190d4ea604d18aae69625,2,1,381,174,False,False
r5-pilot,d4b9476b565847953527aa3cccfb748b8ad63f79d31190d4ea604d18aae69625,2,1,382,174,False,False
r5-pilot,d4b9476b565847953527aa3cccfb748b8ad63f79d31190d4ea604d18aae69625,2,1,383,174,False,False
r5-pilot,d4b9476b565847953527aa3cccfb748b8ad63f79d31190d4ea604d18aae69625,2,1,384,174,False,False
r5-pilot,d4b9476b565847953527aa3cccfb748b8ad63f79d31190d4ea604d18aae69625,2,1,385,174,False,False
r5-pilot,d4b9476b565847953527aa3cccfb748b8ad63f79d31190d4ea604d18aae69625,2,1,379,175,False,False
r5-pilot,d4b9476b565847953527aa3cccfb748b8ad63f79d31190d4ea604d18aae69625,2,1,380,175,False,False
r5-pilot,d4b9476b565847953527aa3cccfb748b8ad63f79d31190d4ea604d18aae69625,2,1,381,175,False,False
r5-pilot,d4b9476b565847953527aa3cccfb748b8ad63f79d31190d4ea604d18aae69625,2,1,382,175,False,False
r5-pilot,d4b9476b565847953527aa3cccfb748b8ad63f79d31190d4ea604d18aae69625,2,1,383,175,False,False
r5-pilot,d4b9476b565847953527aa3cccfb748b8ad63f79d31190d4ea604d18aae69625,2,1,384,175,False,False
r5-pilot,d4b9476b565847953527aa3cccfb748b8ad63f79d31190d4ea604d18aae69625,2,1,385,175,False,False
r5-pilot,d4b9476b565847953527aa3cccfb748b8ad63f79d31190d4ea604d18aae69625,2,1,379,176,False,False
r5-pilot,d4b9476b565847953527aa3cccfb748b8ad63f79d31190d4ea604d18aae69625,2,1,380,176,False,False
r5-pilot,d4b9476b565847953527aa3cccfb748b8ad63f79d31190d4ea604d18aae69625,2,1,381,176,False,False
r5-pilot,d4b9476b565847953527aa3cccfb748b8ad63f79d31190d4ea604d18aae69625,2,1,382,176,False,False
r5-pilot,d4b9476b565847953527aa3cccfb748b8ad63f79d31190d4ea604d18aae69625,2,1,383,176,False,False
r5-pilot,d4b9476b565847953527aa3cccfb748b8ad63f79d31190d4ea604d18aae69625,2,1,384,176,False,False
r5-pilot,d4b9476b565847953527aa3cccfb748b8ad63f79d31190d4ea604d18aae69625,2,1,385,176,False,False
r5-pilot,d4b9476b565847953527aa3cccfb748b8ad63f79d31190d4ea604d18aae69625,2,1,379,177,False,False
r5-pilot,d4b9476b565847953527aa3cccfb748b8ad63f79d31190d4ea604d18aae69625,2,1,380,177,False,False
r5-pilot,d4b9476b565847953527aa3cccfb748b8ad63f79d31190d4ea604d18aae69625,2,1,381,177,False,False
r5-pilot,d4b9476b565847953527aa3cccfb748b8ad63f79d31190d4ea604d18aae69625,2,1,382,177,False,False
r5-pilot,d4b9476b565847953527aa3cccfb748b8ad63f79d31190d4ea604d18aae69625,2,1,383,177,False,False
r5-pilot,d4b9476b565847953527aa3cccfb748b8ad63f79d31190d4ea604d18aae69625,2,1,384,177,False,False
r5-pilot,d4b9476b565847953527aa3cccfb748b8ad63f79d31190d4ea604d18aae69625,2,1,385,177,False,False
r5-pilot,d4b9476b565847953527aa3cccfb748b8ad63f79d31190d4ea604d18aae69625,2,1,379,178,False,False
r5-pilot,d4b9476b565847953527aa3cccfb748b8ad63f79d31190d4ea604d18aae69625,2,1,380,178,False,False
r5-pilot,d4b9476b565847953527aa3cccfb748b8ad63f79d31190d4ea604d18aae69625,2,1,381,178,False,False
r5-pilot,d4b9476b565847953527aa3cccfb748b8ad63f79d31190d4ea604d18aae69625,2,1,382,178,False,False
r5-pilot,d4b9476b565847953527aa3cccfb748b8ad63f79d31190d4ea604d18aae69625,2,1,383,178,False,False
r5-pilot,d4b9476b565847953527aa3cccfb748b8ad63f79d31190d4ea604d18aae69625,2,1,384,178,False,False
r5-pilot,d4b9476b565847953527aa3cccfb748b8ad63f79d31190d4ea604d18aae69625,2,1,385,178,False,False
r5-pilot,d4b9476b565847953527aa3cccfb748b8ad63f79d31190d4ea604d18aae69625,2,1,379,179,False,False
r5-pilot,d4b9476b565847953527aa3cccfb748b8ad63f79d31190d4ea604d18aae69625,2,1,382,179,False,False
r5-pilot,d4b9476b565847953527aa3cccfb748b8ad63f79d31190d4ea604d18aae69625,2,1,383,179,False,False
r5-pilot,d4b9476b565847953527aa3cccfb748b8ad63f79d31190d4ea604d18aae69625,2,1,384,179,False,False
r5-pilot,d4b9476b565847953527aa3cccfb748b8ad63f79d31190d4ea604d18aae69625,2,1,385,179,False,False
r5-pilot,d4b9476b565847953527aa3cccfb748b8ad63f79d31190d4ea604d18aae69625,2,1,378,180,False,False
r5-pilot,d4b9476b565847953527aa3cccfb748b8ad63f79d31190d4ea604d18aae69625,2,1,379,180,False,False
r5-pilot,d4b9476b565847953527aa3cccfb748b8ad63f79d31190d4ea604d18aae69625,2,1,383,180,False,False
r5-pilot,d4b9476b565847953527aa3cccfb748b8ad63f79d31190d4ea604d18aae69625,2,1,384,180,False,False
r5-pilot,d4b9476b565847953527aa3cccfb748b8ad63f79d31190d4ea604d18aae69625,2,1,385,180,False,False
r5-pilot,d4b9476b565847953527aa3cccfb748b8ad63f79d31190d4ea604d18aae69625,2,1,382,181,False,False
r5-pilot,d4b9476b565847953527aa3cccfb748b8ad63f79d31190d4ea604d18aae69625,2,1,383,181,False,False
r5-pilot,d4b9476b565847953527aa3cccfb748b8ad63f79d31190d4ea604d18aae69625,2,1,384,181,False,False
r5-pilot,d4b9476b565847953527aa3cccfb748b8ad63f79d31190d4ea604d18aae69625,2,1,385,181,False,False
r5-pilot,d4b9476b565847953527aa3cccfb748b8ad63f79d31190d4ea604d18aae69625,2,1,383,182,False,False
r5-pilot,d4b9476b565847953527aa3cccfb748b8ad63f79d31190d4ea604d18aae69625,2,1,384,182,False,False
r5-pilot,d4b9476b565847953527aa3cccfb748b8ad63f79d31190d4ea604d18aae69625,2,1,385,182,False,False
r5-pilot,d4b9476b565847953527aa3cccfb748b8ad63f79d31190d4ea604d18aae69625,2,2,343,102,False,False
r5-pilot,d4b9476b565847953527aa3cccfb748b8ad63f79d31190d4ea604d18aae69625,2,2,344,102,False,False
r5-pilot,d4b9476b565847953527aa3cccfb748b8ad63f79d31190d4ea604d18aae69625,2,2,345,102,False,False
r5-pilot,d4b9476b565847953527aa3cccfb748b8ad63f79d31190d4ea604d18aae69625,2,2,346,102,False,False
r5-pilot,d4b9476b565847953527aa3cccfb748b8ad63f79d31190d4ea604d18aae69625,2,2,343,103,False,False
r5-pilot,d4b9476b565847953527aa3cccfb748b8ad63f79d31190d4ea604d18aae69625,2,2,344,103,False,False
r5-pilot,d4b9476b565847953527aa3cccfb748b8ad63f79d31190d4ea604d18aae69625,2,2,345,103,False,False
r5-pilot,d4b9476b565847953527aa3cccfb748b8ad63f79d31190d4ea604d18aae69625,2,2,346,103,False,False
r5-pilot,d4b9476b565847953527aa3cccfb748b8ad63f79d31190d4ea604d18aae69625,2,2,347,103,False,False
r5-pilot,d4b9476b565847953527aa3cccfb748b8ad63f79d31190d4ea604d18aae69625,2,2,346,104,False,False
r5-pilot,d4b9476b565847953527aa3cccfb748b8ad63f79d31190d4ea604d18aae69625,2,3,327,103,False,True
r5-pilot,d4b9476b565847953527aa3cccfb748b8ad63f79d31190d4ea604d18aae69625,2,3,328,103,False,False
r5-pilot,d4b9476b565847953527aa3cccfb748b8ad63f79d31190d4ea604d18aae69625,2,3,329,103,False,False
r5-pilot,d4b9476b565847953527aa3cccfb748b8ad63f79d31190d4ea604d18aae69625,2,3,330,103,False,False
r5-pilot,d4b9476b565847953527aa3cccfb748b8ad63f79d31190d4ea604d18aae69625,2,3,331,103,False,False
r5-pilot,d4b9476b565847953527aa3cccfb748b8ad63f79d31190d4ea604d18aae69625,2,3,332,103,False,False
r5-pilot,d4b9476b565847953527aa3cccfb748b8ad63f79d31190d4ea604d18aae69625,2,3,327,104,False,True
r5-pilot,d4b9476b565847953527aa3cccfb748b8ad63f79d31190d4ea604d18aae69625,2,3,328,104,False,False
r5-pilot,d4b9476b565847953527aa3cccfb748b8ad63f79d31190d4ea604d18aae69625,2,3,329,104,False,False
r5-pilot,d4b9476b565847953527aa3cccfb748b8ad63f79d31190d4ea604d18aae69625,2,3,330,104,False,False
r5-pilot,d4b9476b565847953527aa3cccfb748b8ad63f79d31190d4ea604d18aae69625,2,3,331,104,False,False
r5-pilot,d4b9476b565847953527aa3cccfb748b8ad63f79d31190d4ea604d18aae69625,2,3,332,104,False,False
r5-pilot,d4b9476b565847953527aa3cccfb748b8ad63f79d31190d4ea604d18aae69625,2,4,529,465,True,False
r5-pilot,d4b9476b565847953527aa3cccfb748b8ad63f79d31190d4ea604d18aae69625,2,4,528,466,True,False
r5-pilot,d4b9476b565847953527aa3cccfb748b8ad63f79d31190d4ea604d18aae69625,2,4,529,466,True,False
r5-pilot,d4b9476b565847953527aa3cccfb748b8ad63f79d31190d4ea604d18aae69625,2,4,530,466,True,False
r5-pilot,d4b9476b565847953527aa3cccfb748b8ad63f79d31190d4ea604d18aae69625,2,4,531,466,True,True
r5-pilot,d4b9476b565847953527aa3cccfb748b8ad63f79d31190d4ea604d18aae69625,2,4,528,467,True,False
r5-pilot,d4b9476b565847953527aa3cccfb748b8ad63f79d31190d4ea604d18aae69625,2,4,529,467,True,False
r5-pilot,d4b9476b565847953527aa3cccfb748b8ad63f79d31190d4ea604d18aae69625,2,4,530,467,True,False
r5-pilot,d4b9476b565847953527aa3cccfb748b8ad63f79d31190d4ea604d18aae69625,2,4,531,467,True,True
r5-pilot,d4b9476b565847953527aa3cccfb748b8ad63f79d31190d4ea604d18aae69625,2,4,529,468,True,True
r5-pilot,d4b9476b565847953527aa3cccfb748b8ad63f79d31190d4ea604d18aae69625,2,4,530,468,True,True
